id,payment_method_id,amount,status,created_datetime,payment_due_datetime
1,2,355.32,Cancelled,2024-05-18 07:55:48.300177,2024-12-02 07:55:48.300177
2,3,236.71,Expired,2024-05-19 07:55:48.300177,2024-12-01 07:55:48.300177
3,4,278.49,Paid,2024-05-20 07:55:48.300177,2024-11-30 07:55:48.300177
4,5,347.64,Pending,2024-05-21 07:55:48.300177,2024-11-29 07:55:48.300177
5,6,56.19,Cancelled,2024-05-22 07:55:48.300177,2024-11-28 07:55:48.300177
6,7,309.5,Expired,2024-05-23 07:55:48.300177,2024-11-27 07:55:48.300177
7,8,418.04,Paid,2024-05-24 07:55:48.300177,2024-11-26 07:55:48.300177
8,9,433.77,Pending,2024-05-25 07:55:48.300177,2024-11-25 07:55:48.300177
9,10,271.45,Cancelled,2024-05-26 07:55:48.300177,2024-11-24 07:55:48.300177
10,11,381.18,Expired,2024-05-27 07:55:48.300177,2024-11-23 07:55:48.300177
11,12,261.06,Paid,2024-05-28 07:55:48.300177,2024-11-22 07:55:48.300177
12,13,381.53,Pending,2024-05-29 07:55:48.300177,2024-11-21 07:55:48.300177
13,14,389.76,Cancelled,2024-05-30 07:55:48.300177,2024-11-20 07:55:48.300177
14,15,311.4,Expired,2024-05-31 07:55:48.300177,2024-11-19 07:55:48.300177
15,16,302.77,Paid,2024-06-01 07:55:48.300177,2024-11-18 07:55:48.300177
16,17,118.17,Pending,2024-06-02 07:55:48.300177,2024-11-17 07:55:48.300177
17,18,244.2,Cancelled,2024-06-03 07:55:48.300177,2024-11-16 07:55:48.300177
18,19,217.63,Expired,2024-06-04 07:55:48.300177,2024-11-15 07:55:48.300177
19,20,79.82,Paid,2024-06-05 07:55:48.300177,2024-11-14 07:55:48.300177
20,21,61.5,Pending,2024-06-06 07:55:48.300177,2024-11-13 07:55:48.300177
21,22,143.17,Cancelled,2024-06-07 07:55:48.300177,2024-11-12 07:55:48.300177
22,23,101.98,Expired,2024-06-08 07:55:48.300177,2024-11-11 07:55:48.300177
23,24,17.87,Paid,2024-06-09 07:55:48.300177,2024-11-10 07:55:48.300177
24,25,498.17,Pending,2024-06-10 07:55:48.300177,2024-11-09 07:55:48.300177
25,26,64.87,Cancelled,2024-06-11 07:55:48.300177,2024-11-08 07:55:48.300177
26,27,285.69,Expired,2024-06-12 07:55:48.300177,2024-11-07 07:55:48.300177
27,28,33.2,Paid,2024-06-13 07:55:48.300177,2024-11-06 07:55:48.300177
28,29,101.6,Pending,2024-06-14 07:55:48.300177,2024-11-05 07:55:48.300177
29,30,289.12,Cancelled,2024-06-15 07:55:48.300177,2024-11-04 07:55:48.300177
30,31,142.52,Expired,2024-06-16 07:55:48.300177,2024-11-03 07:55:48.300177
31,32,14.26,Paid,2024-06-17 07:55:48.300177,2024-11-02 07:55:48.300177
32,33,162.09,Pending,2024-06-18 07:55:48.300177,2024-11-01 07:55:48.300177
33,34,155.73,Cancelled,2024-06-19 07:55:48.300177,2024-10-31 07:55:48.300177
34,35,128.76,Expired,2024-06-20 07:55:48.300177,2024-10-30 07:55:48.300177
35,36,162.24,Paid,2024-06-21 07:55:48.300177,2024-10-29 07:55:48.300177
36,37,493.94,Pending,2024-06-22 07:55:48.300177,2024-10-28 07:55:48.300177
37,38,144.84,Cancelled,2024-06-23 07:55:48.300177,2024-10-27 07:55:48.300177
38,39,309.26,Expired,2024-06-24 07:55:48.300177,2024-10-26 07:55:48.300177
39,40,13.49,Paid,2024-06-25 07:55:48.300177,2024-10-25 07:55:48.300177
40,41,117.48,Pending,2024-06-26 07:55:48.300177,2024-10-24 07:55:48.300177
41,42,163.15,Cancelled,2024-06-27 07:55:48.300177,2024-10-23 07:55:48.300177
42,43,285.26,Expired,2024-06-28 07:55:48.300177,2024-10-22 07:55:48.300177
43,44,241.56,Paid,2024-06-29 07:55:48.300177,2024-10-21 07:55:48.300177
44,45,389.94,Pending,2024-06-30 07:55:48.300177,2024-10-20 07:55:48.300177
45,46,234.46,Cancelled,2024-07-01 07:55:48.300177,2024-10-19 07:55:48.300177
46,47,270.3,Expired,2024-07-02 07:55:48.300177,2024-10-18 07:55:48.300177
47,48,396.17,Paid,2024-07-03 07:55:48.300177,2024-10-17 07:55:48.300177
48,49,114.97,Pending,2024-07-04 07:55:48.300177,2024-10-16 07:55:48.300177
49,50,155.04,Cancelled,2024-07-05 07:55:48.300177,2024-10-15 07:55:48.300177
50,1,109.59,Expired,2024-07-06 07:55:48.300177,2024-10-14 07:55:48.300177
51,2,474.0,Paid,2024-07-07 07:55:48.300177,2024-10-13 07:55:48.300177
52,3,390.64,Pending,2024-07-08 07:55:48.300177,2024-10-12 07:55:48.300177
53,4,104.28,Cancelled,2024-07-09 07:55:48.300177,2024-10-11 07:55:48.300177
54,5,441.55,Expired,2024-07-10 07:55:48.300177,2024-10-10 07:55:48.300177
55,6,188.62,Paid,2024-07-11 07:55:48.300177,2024-10-09 07:55:48.300177
56,7,36.9,Pending,2024-07-12 07:55:48.300177,2024-10-08 07:55:48.300177
57,8,449.15,Cancelled,2024-07-13 07:55:48.300177,2024-10-07 07:55:48.300177
58,9,297.11,Expired,2024-07-14 07:55:48.300177,2024-10-06 07:55:48.300177
59,10,360.61,Paid,2024-07-15 07:55:48.300177,2024-10-05 07:55:48.300177
60,11,360.39,Pending,2024-07-16 07:55:48.300177,2024-10-04 07:55:48.300177
61,12,145.71,Cancelled,2024-07-17 07:55:48.300177,2024-10-03 07:55:48.300177
62,13,384.35,Expired,2024-07-18 07:55:48.300177,2024-10-02 07:55:48.300177
63,14,244.15,Paid,2024-07-19 07:55:48.300177,2024-10-01 07:55:48.300177
64,15,385.3,Pending,2024-07-20 07:55:48.300177,2024-09-30 07:55:48.300177
65,16,300.29,Cancelled,2024-07-21 07:55:48.300177,2024-09-29 07:55:48.300177
66,17,218.83,Expired,2024-07-22 07:55:48.300177,2024-09-28 07:55:48.300177
67,18,142.31,Paid,2024-07-23 07:55:48.300177,2024-09-27 07:55:48.300177
68,19,378.86,Pending,2024-07-24 07:55:48.300177,2024-09-26 07:55:48.300177
69,20,284.22,Cancelled,2024-07-25 07:55:48.300177,2024-09-25 07:55:48.300177
70,21,309.41,Expired,2024-07-26 07:55:48.300177,2024-09-24 07:55:48.300177
71,22,303.3,Paid,2024-07-27 07:55:48.300177,2024-09-23 07:55:48.300177
72,23,287.09,Pending,2024-07-28 07:55:48.300177,2024-09-22 07:55:48.300177
73,24,204.39,Cancelled,2024-07-29 07:55:48.300177,2024-09-21 07:55:48.300177
74,25,167.73,Expired,2024-07-30 07:55:48.300177,2024-09-20 07:55:48.300177
75,26,86.79,Paid,2024-07-31 07:55:48.300177,2024-09-19 07:55:48.300177
76,27,337.44,Pending,2024-08-01 07:55:48.300177,2024-09-18 07:55:48.300177
77,28,273.92,Cancelled,2024-08-02 07:55:48.300177,2024-09-17 07:55:48.300177
78,29,168.13,Expired,2024-08-03 07:55:48.300177,2024-09-16 07:55:48.300177
79,30,409.14,Paid,2024-08-04 07:55:48.300177,2024-09-15 07:55:48.300177
80,31,458.33,Pending,2024-08-05 07:55:48.300177,2024-09-14 07:55:48.300177
81,32,435.19,Cancelled,2024-08-06 07:55:48.300177,2024-09-13 07:55:48.300177
82,33,381.1,Expired,2024-08-07 07:55:48.300177,2024-09-12 07:55:48.300177
83,34,224.84,Paid,2024-08-08 07:55:48.300177,2024-09-11 07:55:48.300177
84,35,467.58,Pending,2024-08-09 07:55:48.300177,2024-09-10 07:55:48.300177
85,36,296.68,Cancelled,2024-08-10 07:55:48.300177,2024-09-09 07:55:48.300177
86,37,145.08,Expired,2024-08-11 07:55:48.300177,2024-09-08 07:55:48.300177
87,38,148.33,Paid,2024-08-12 07:55:48.300177,2024-09-07 07:55:48.300177
88,39,233.81,Pending,2024-08-13 07:55:48.300177,2024-09-06 07:55:48.300177
89,40,115.41,Cancelled,2024-08-14 07:55:48.300177,2024-09-05 07:55:48.300177
90,41,230.85,Expired,2024-08-15 07:55:48.300177,2024-09-04 07:55:48.300177
91,42,424.07,Paid,2024-08-16 07:55:48.300177,2024-09-03 07:55:48.300177
92,43,261.33,Pending,2024-08-17 07:55:48.300177,2024-09-02 07:55:48.300177
93,44,102.61,Cancelled,2024-08-18 07:55:48.300177,2024-09-01 07:55:48.300177
94,45,213.5,Expired,2024-08-19 07:55:48.300177,2024-08-31 07:55:48.300177
95,46,386.25,Paid,2024-08-20 07:55:48.300177,2024-08-30 07:55:48.300177
96,47,73.5,Pending,2024-08-21 07:55:48.300177,2024-08-29 07:55:48.300177
97,48,138.29,Cancelled,2024-08-22 07:55:48.300177,2024-08-28 07:55:48.300177
98,49,267.56,Expired,2024-08-23 07:55:48.300177,2024-08-27 07:55:48.300177
99,50,424.67,Paid,2024-08-24 07:55:48.300177,2024-08-26 07:55:48.300177
100,1,307.09,Pending,2024-08-25 07:55:48.300177,2024-08-25 07:55:48.300177
101,2,44.1,Cancelled,2024-08-26 07:55:48.300177,2024-08-24 07:55:48.300177
102,3,279.45,Expired,2024-08-27 07:55:48.300177,2024-08-23 07:55:48.300177
103,4,65.62,Paid,2024-08-28 07:55:48.300177,2024-08-22 07:55:48.300177
104,5,403.18,Pending,2024-08-29 07:55:48.300177,2024-08-21 07:55:48.300177
105,6,98.0,Cancelled,2024-08-30 07:55:48.300177,2024-08-20 07:55:48.300177
106,7,362.7,Expired,2024-08-31 07:55:48.300177,2024-08-19 07:55:48.300177
107,8,151.89,Paid,2024-09-01 07:55:48.300177,2024-08-18 07:55:48.300177
108,9,17.33,Pending,2024-09-02 07:55:48.300177,2024-08-17 07:55:48.300177
109,10,49.81,Cancelled,2024-09-03 07:55:48.300177,2024-08-16 07:55:48.300177
110,11,319.76,Expired,2024-09-04 07:55:48.300177,2024-08-15 07:55:48.300177
111,12,241.75,Paid,2024-09-05 07:55:48.300177,2024-08-14 07:55:48.300177
112,13,233.01,Pending,2024-09-06 07:55:48.300177,2024-08-13 07:55:48.300177
113,14,57.34,Cancelled,2024-09-07 07:55:48.300177,2024-08-12 07:55:48.300177
114,15,18.54,Expired,2024-09-08 07:55:48.300177,2024-08-11 07:55:48.300177
115,16,262.96,Paid,2024-09-09 07:55:48.300177,2024-08-10 07:55:48.300177
116,17,69.13,Pending,2024-09-10 07:55:48.300177,2024-08-09 07:55:48.300177
117,18,356.64,Cancelled,2024-09-11 07:55:48.300177,2024-08-08 07:55:48.300177
118,19,313.7,Expired,2024-09-12 07:55:48.300177,2024-08-07 07:55:48.300177
119,20,334.97,Paid,2024-09-13 07:55:48.300177,2024-08-06 07:55:48.300177
120,21,224.79,Pending,2024-09-14 07:55:48.300177,2024-08-05 07:55:48.300177
121,22,480.18,Cancelled,2024-09-15 07:55:48.300177,2024-08-04 07:55:48.300177
122,23,5.34,Expired,2024-09-16 07:55:48.300177,2024-08-03 07:55:48.300177
123,24,482.32,Paid,2024-09-17 07:55:48.300177,2024-08-02 07:55:48.300177
124,25,113.41,Pending,2024-09-18 07:55:48.300177,2024-08-01 07:55:48.300177
125,26,168.07,Cancelled,2024-09-19 07:55:48.300177,2024-07-31 07:55:48.300177
126,27,179.21,Expired,2024-09-20 07:55:48.300177,2024-07-30 07:55:48.300177
127,28,90.9,Paid,2024-09-21 07:55:48.300177,2024-07-29 07:55:48.300177
128,29,246.45,Pending,2024-09-22 07:55:48.300177,2024-07-28 07:55:48.300177
129,30,482.38,Cancelled,2024-09-23 07:55:48.300177,2024-07-27 07:55:48.300177
130,31,341.48,Expired,2024-09-24 07:55:48.300177,2024-07-26 07:55:48.300177
131,32,328.45,Paid,2024-09-25 07:55:48.300177,2024-07-25 07:55:48.300177
132,33,434.09,Pending,2024-09-26 07:55:48.300177,2024-07-24 07:55:48.300177
133,34,335.39,Cancelled,2024-09-27 07:55:48.300177,2024-07-23 07:55:48.300177
134,35,350.52,Expired,2024-09-28 07:55:48.300177,2024-07-22 07:55:48.300177
135,36,452.52,Paid,2024-09-29 07:55:48.300177,2024-07-21 07:55:48.300177
136,37,460.43,Pending,2024-09-30 07:55:48.300177,2024-07-20 07:55:48.300177
137,38,209.96,Cancelled,2024-10-01 07:55:48.300177,2024-07-19 07:55:48.300177
138,39,253.75,Expired,2024-10-02 07:55:48.300177,2024-07-18 07:55:48.300177
139,40,337.89,Paid,2024-10-03 07:55:48.300177,2024-07-17 07:55:48.300177
140,41,254.7,Pending,2024-10-04 07:55:48.300177,2024-07-16 07:55:48.300177
141,42,164.61,Cancelled,2024-10-05 07:55:48.300177,2024-07-15 07:55:48.300177
142,43,76.22,Expired,2024-10-06 07:55:48.300177,2024-07-14 07:55:48.300177
143,44,464.73,Paid,2024-10-07 07:55:48.300177,2024-07-13 07:55:48.300177
144,45,141.77,Pending,2024-10-08 07:55:48.300177,2024-07-12 07:55:48.300177
145,46,136.02,Cancelled,2024-10-09 07:55:48.300177,2024-07-11 07:55:48.300177
146,47,142.31,Expired,2024-10-10 07:55:48.300177,2024-07-10 07:55:48.300177
147,48,347.82,Paid,2024-10-11 07:55:48.300177,2024-07-09 07:55:48.300177
148,49,296.38,Pending,2024-10-12 07:55:48.300177,2024-07-08 07:55:48.300177
149,50,36.41,Cancelled,2024-10-13 07:55:48.300177,2024-07-07 07:55:48.300177
150,1,473.98,Expired,2024-10-14 07:55:48.300177,2024-07-06 07:55:48.300177
151,2,451.46,Paid,2024-10-15 07:55:48.300177,2024-07-05 07:55:48.300177
152,3,211.02,Pending,2024-10-16 07:55:48.300177,2024-07-04 07:55:48.300177
153,4,379.04,Cancelled,2024-10-17 07:55:48.300177,2024-07-03 07:55:48.300177
154,5,227.37,Expired,2024-10-18 07:55:48.300177,2024-07-02 07:55:48.300177
155,6,306.89,Paid,2024-10-19 07:55:48.300177,2024-07-01 07:55:48.300177
156,7,488.95,Pending,2024-10-20 07:55:48.300177,2024-06-30 07:55:48.300177
157,8,189.1,Cancelled,2024-10-21 07:55:48.300177,2024-06-29 07:55:48.300177
158,9,351.62,Expired,2024-10-22 07:55:48.300177,2024-06-28 07:55:48.300177
159,10,28.43,Paid,2024-10-23 07:55:48.300177,2024-06-27 07:55:48.300177
160,11,397.52,Pending,2024-10-24 07:55:48.300177,2024-06-26 07:55:48.300177
161,12,284.41,Cancelled,2024-10-25 07:55:48.300177,2024-06-25 07:55:48.300177
162,13,473.59,Expired,2024-10-26 07:55:48.300177,2024-06-24 07:55:48.300177
163,14,446.3,Paid,2024-10-27 07:55:48.300177,2024-06-23 07:55:48.300177
164,15,424.51,Pending,2024-10-28 07:55:48.300177,2024-06-22 07:55:48.300177
165,16,255.18,Cancelled,2024-10-29 07:55:48.300177,2024-06-21 07:55:48.300177
166,17,292.73,Expired,2024-10-30 07:55:48.300177,2024-06-20 07:55:48.300177
167,18,40.18,Paid,2024-10-31 07:55:48.300177,2024-06-19 07:55:48.300177
168,19,19.19,Pending,2024-11-01 07:55:48.300177,2024-06-18 07:55:48.300177
169,20,478.18,Cancelled,2024-11-02 07:55:48.300177,2024-06-17 07:55:48.300177
170,21,71.77,Expired,2024-11-03 07:55:48.300177,2024-06-16 07:55:48.300177
171,22,457.64,Paid,2024-11-04 07:55:48.300177,2024-06-15 07:55:48.300177
172,23,221.55,Pending,2024-11-05 07:55:48.300177,2024-06-14 07:55:48.300177
173,24,461.05,Cancelled,2024-11-06 07:55:48.300177,2024-06-13 07:55:48.300177
174,25,9.55,Expired,2024-11-07 07:55:48.300177,2024-06-12 07:55:48.300177
175,26,239.4,Paid,2024-11-08 07:55:48.300177,2024-06-11 07:55:48.300177
176,27,76.5,Pending,2024-11-09 07:55:48.300177,2024-06-10 07:55:48.300177
177,28,397.45,Cancelled,2024-11-10 07:55:48.300177,2024-06-09 07:55:48.300177
178,29,207.46,Expired,2024-11-11 07:55:48.300177,2024-06-08 07:55:48.300177
179,30,92.34,Paid,2024-11-12 07:55:48.300177,2024-06-07 07:55:48.300177
180,31,437.11,Pending,2024-11-13 07:55:48.300177,2024-06-06 07:55:48.300177
181,32,296.32,Cancelled,2024-11-14 07:55:48.300177,2024-06-05 07:55:48.300177
182,33,485.92,Expired,2024-11-15 07:55:48.300177,2024-06-04 07:55:48.300177
183,34,458.36,Paid,2024-11-16 07:55:48.300177,2024-06-03 07:55:48.300177
184,35,210.28,Pending,2024-11-17 07:55:48.300177,2024-06-02 07:55:48.300177
185,36,425.6,Cancelled,2024-11-18 07:55:48.300177,2024-06-01 07:55:48.300177
186,37,61.25,Expired,2024-11-19 07:55:48.300177,2024-05-31 07:55:48.300177
187,38,318.52,Paid,2024-11-20 07:55:48.300177,2024-05-30 07:55:48.300177
188,39,24.05,Pending,2024-11-21 07:55:48.300177,2024-05-29 07:55:48.300177
189,40,434.3,Cancelled,2024-11-22 07:55:48.300177,2024-05-28 07:55:48.300177
190,41,468.53,Expired,2024-11-23 07:55:48.300177,2024-05-27 07:55:48.300177
191,42,157.76,Paid,2024-11-24 07:55:48.300177,2024-05-26 07:55:48.300177
192,43,65.88,Pending,2024-11-25 07:55:48.300177,2024-05-25 07:55:48.300177
193,44,211.73,Cancelled,2024-11-26 07:55:48.300177,2024-05-24 07:55:48.300177
194,45,466.68,Expired,2024-11-27 07:55:48.300177,2024-05-23 07:55:48.300177
195,46,345.78,Paid,2024-11-28 07:55:48.300177,2024-05-22 07:55:48.300177
196,47,81.17,Pending,2024-11-29 07:55:48.300177,2024-05-21 07:55:48.300177
197,48,238.41,Cancelled,2024-11-30 07:55:48.300177,2024-05-20 07:55:48.300177
198,49,416.25,Expired,2024-12-01 07:55:48.300177,2024-05-19 07:55:48.300177
199,50,76.45,Paid,2024-12-02 07:55:48.300177,2024-05-18 07:55:48.300177
200,1,239.11,Pending,2024-12-03 07:55:48.300177,2024-05-17 07:55:48.300177
201,2,34.12,Cancelled,2024-12-04 07:55:48.300177,2024-05-16 07:55:48.300177
202,3,397.92,Expired,2024-12-05 07:55:48.300177,2024-05-15 07:55:48.300177
203,4,455.24,Paid,2024-12-06 07:55:48.300177,2024-05-14 07:55:48.300177
204,5,285.04,Pending,2024-12-07 07:55:48.300177,2024-05-13 07:55:48.300177
205,6,320.79,Cancelled,2024-12-08 07:55:48.300177,2024-05-12 07:55:48.300177
206,7,83.91,Expired,2024-12-09 07:55:48.300177,2024-05-11 07:55:48.300177
207,8,247.28,Paid,2024-12-10 07:55:48.300177,2024-05-10 07:55:48.300177
208,9,253.88,Pending,2024-12-11 07:55:48.300177,2024-05-09 07:55:48.300177
209,10,174.72,Cancelled,2024-12-12 07:55:48.300177,2024-05-08 07:55:48.300177
210,11,472.02,Expired,2024-12-13 07:55:48.300177,2024-05-07 07:55:48.300177
211,12,153.5,Paid,2024-12-14 07:55:48.300177,2024-05-06 07:55:48.300177
212,13,423.97,Pending,2024-12-15 07:55:48.300177,2024-05-05 07:55:48.300177
213,14,328.5,Cancelled,2024-12-16 07:55:48.300177,2024-05-04 07:55:48.300177
214,15,499.72,Expired,2024-12-17 07:55:48.300177,2024-05-03 07:55:48.300177
215,16,388.72,Paid,2024-12-18 07:55:48.300177,2024-05-02 07:55:48.300177
216,17,435.32,Pending,2024-12-19 07:55:48.300177,2024-05-01 07:55:48.300177
217,18,208.31,Cancelled,2024-12-20 07:55:48.300177,2024-04-30 07:55:48.300177
218,19,428.08,Expired,2024-12-21 07:55:48.300177,2024-04-29 07:55:48.300177
219,20,202.12,Paid,2024-12-22 07:55:48.300177,2024-04-28 07:55:48.300177
220,21,377.16,Pending,2024-12-23 07:55:48.300177,2024-04-27 07:55:48.300177
221,22,420.82,Cancelled,2024-12-24 07:55:48.300177,2024-04-26 07:55:48.300177
222,23,193.45,Expired,2024-12-25 07:55:48.300177,2024-04-25 07:55:48.300177
223,24,129.6,Paid,2024-12-26 07:55:48.300177,2024-04-24 07:55:48.300177
224,25,98.08,Pending,2024-12-27 07:55:48.300177,2024-04-23 07:55:48.300177
225,26,373.77,Cancelled,2024-12-28 07:55:48.300177,2024-04-22 07:55:48.300177
226,27,89.08,Expired,2024-12-29 07:55:48.300177,2024-04-21 07:55:48.300177
227,28,61.7,Paid,2024-12-30 07:55:48.300177,2024-04-20 07:55:48.300177
228,29,194.85,Pending,2024-12-31 07:55:48.300177,2024-04-19 07:55:48.300177
229,30,266.25,Cancelled,2025-01-01 07:55:48.300177,2024-04-18 07:55:48.300177
230,31,146.34,Expired,2025-01-02 07:55:48.300177,2024-04-17 07:55:48.300177
231,32,175.58,Paid,2025-01-03 07:55:48.300177,2024-04-16 07:55:48.300177
232,33,164.67,Pending,2025-01-04 07:55:48.300177,2024-04-15 07:55:48.300177
233,34,287.39,Cancelled,2025-01-05 07:55:48.300177,2024-04-14 07:55:48.300177
234,35,121.61,Expired,2025-01-06 07:55:48.300177,2024-04-13 07:55:48.300177
235,36,228.99,Paid,2025-01-07 07:55:48.300177,2024-04-12 07:55:48.300177
236,37,139.01,Pending,2025-01-08 07:55:48.300177,2024-04-11 07:55:48.300177
237,38,332.24,Cancelled,2025-01-09 07:55:48.300177,2024-04-10 07:55:48.300177
238,39,63.12,Expired,2025-01-10 07:55:48.300177,2024-04-09 07:55:48.300177
239,40,379.52,Paid,2025-01-11 07:55:48.300177,2024-04-08 07:55:48.300177
240,41,165.46,Pending,2025-01-12 07:55:48.300177,2024-04-07 07:55:48.300177
241,42,178.35,Cancelled,2025-01-13 07:55:48.300177,2024-04-06 07:55:48.300177
242,43,482.84,Expired,2025-01-14 07:55:48.300177,2024-04-05 07:55:48.300177
243,44,339.03,Paid,2025-01-15 07:55:48.300177,2024-04-04 07:55:48.300177
244,45,138.31,Pending,2025-01-16 07:55:48.300177,2024-04-03 07:55:48.300177
245,46,262.33,Cancelled,2025-01-17 07:55:48.300177,2024-04-02 07:55:48.300177
246,47,211.48,Expired,2025-01-18 07:55:48.300177,2024-04-01 07:55:48.300177
247,48,235.24,Paid,2025-01-19 07:55:48.300177,2024-03-31 07:55:48.300177
248,49,49.06,Pending,2025-01-20 07:55:48.300177,2024-03-30 07:55:48.300177
249,50,75.24,Cancelled,2025-01-21 07:55:48.300177,2024-03-29 07:55:48.300177
250,1,285.0,Expired,2025-01-22 07:55:48.300177,2024-03-28 07:55:48.300177
251,2,250.23,Paid,2025-01-23 07:55:48.300177,2024-03-27 07:55:48.300177
252,3,95.99,Pending,2025-01-24 07:55:48.300177,2024-03-26 07:55:48.300177
253,4,235.54,Cancelled,2025-01-25 07:55:48.300177,2024-03-25 07:55:48.300177
254,5,235.03,Expired,2025-01-26 07:55:48.300177,2024-03-24 07:55:48.300177
255,6,74.51,Paid,2025-01-27 07:55:48.300177,2024-03-23 07:55:48.300177
256,7,349.17,Pending,2025-01-28 07:55:48.300177,2024-03-22 07:55:48.300177
257,8,449.11,Cancelled,2025-01-29 07:55:48.300177,2024-03-21 07:55:48.300177
258,9,413.1,Expired,2025-01-30 07:55:48.300177,2024-03-20 07:55:48.300177
259,10,129.58,Paid,2025-01-31 07:55:48.300177,2024-03-19 07:55:48.300177
260,11,364.7,Pending,2025-02-01 07:55:48.300177,2024-03-18 07:55:48.300177
261,12,381.01,Cancelled,2025-02-02 07:55:48.300177,2024-03-17 07:55:48.300177
262,13,22.1,Expired,2025-02-03 07:55:48.300177,2024-03-16 07:55:48.300177
263,14,210.32,Paid,2025-02-04 07:55:48.300177,2024-03-15 07:55:48.300177
264,15,12.65,Pending,2025-02-05 07:55:48.300177,2024-03-14 07:55:48.300177
265,16,223.16,Cancelled,2025-02-06 07:55:48.300177,2024-03-13 07:55:48.300177
266,17,103.69,Expired,2025-02-07 07:55:48.300177,2024-03-12 07:55:48.300177
267,18,307.86,Paid,2025-02-08 07:55:48.300177,2024-03-11 07:55:48.300177
268,19,468.63,Pending,2025-02-09 07:55:48.300177,2024-03-10 07:55:48.300177
269,20,77.49,Cancelled,2025-02-10 07:55:48.300177,2024-03-09 07:55:48.300177
270,21,404.43,Expired,2025-02-11 07:55:48.300177,2024-03-08 07:55:48.300177
271,22,436.03,Paid,2025-02-12 07:55:48.300177,2024-03-07 07:55:48.300177
272,23,92.23,Pending,2025-02-13 07:55:48.300177,2024-03-06 07:55:48.300177
273,24,292.29,Cancelled,2025-02-14 07:55:48.300177,2024-03-05 07:55:48.300177
274,25,329.02,Expired,2025-02-15 07:55:48.300177,2024-03-04 07:55:48.300177
275,26,380.05,Paid,2025-02-16 07:55:48.300177,2024-03-03 07:55:48.300177
276,27,309.74,Pending,2025-02-17 07:55:48.300177,2024-03-02 07:55:48.300177
277,28,301.45,Cancelled,2025-02-18 07:55:48.300177,2024-03-01 07:55:48.300177
278,29,167.56,Expired,2025-02-19 07:55:48.300177,2024-02-29 07:55:48.300177
279,30,159.73,Paid,2025-02-20 07:55:48.300177,2024-02-28 07:55:48.300177
280,31,46.86,Pending,2025-02-21 07:55:48.300177,2024-02-27 07:55:48.300177
281,32,256.72,Cancelled,2025-02-22 07:55:48.300177,2024-02-26 07:55:48.300177
282,33,234.63,Expired,2025-02-23 07:55:48.300177,2024-02-25 07:55:48.300177
283,34,184.98,Paid,2025-02-24 07:55:48.300177,2024-02-24 07:55:48.300177
284,35,142.51,Pending,2025-02-25 07:55:48.300177,2024-02-23 07:55:48.300177
285,36,100.25,Cancelled,2025-02-26 07:55:48.300177,2024-02-22 07:55:48.300177
286,37,77.76,Expired,2025-02-27 07:55:48.300177,2024-02-21 07:55:48.300177
287,38,25.75,Paid,2025-02-28 07:55:48.300177,2024-02-20 07:55:48.300177
288,39,73.14,Pending,2025-03-01 07:55:48.300177,2024-02-19 07:55:48.300177
289,40,462.89,Cancelled,2025-03-02 07:55:48.300177,2024-02-18 07:55:48.300177
290,41,45.98,Expired,2025-03-03 07:55:48.300177,2024-02-17 07:55:48.300177
291,42,410.02,Paid,2025-03-04 07:55:48.300177,2024-02-16 07:55:48.300177
292,43,39.43,Pending,2025-03-05 07:55:48.300177,2024-02-15 07:55:48.300177
293,44,257.78,Cancelled,2025-03-06 07:55:48.300177,2024-02-14 07:55:48.300177
294,45,369.12,Expired,2025-03-07 07:55:48.300177,2024-02-13 07:55:48.300177
295,46,151.19,Paid,2025-03-08 07:55:48.300177,2024-02-12 07:55:48.300177
296,47,211.61,Pending,2025-03-09 07:55:48.300177,2024-02-11 07:55:48.300177
297,48,162.48,Cancelled,2025-03-10 07:55:48.300177,2024-02-10 07:55:48.300177
298,49,294.52,Expired,2025-03-11 07:55:48.300177,2024-02-09 07:55:48.300177
299,50,131.5,Paid,2025-03-12 07:55:48.300177,2024-02-08 07:55:48.300177
300,1,398.32,Pending,2025-03-13 07:55:48.300177,2024-02-07 07:55:48.300177
301,2,288.41,Cancelled,2025-03-14 07:55:48.300177,2024-02-06 07:55:48.300177
302,3,388.69,Expired,2025-03-15 07:55:48.300177,2024-02-05 07:55:48.300177
303,4,84.48,Paid,2025-03-16 07:55:48.300177,2024-02-04 07:55:48.300177
304,5,433.55,Pending,2025-03-17 07:55:48.300177,2024-02-03 07:55:48.300177
305,6,145.29,Cancelled,2025-03-18 07:55:48.300177,2024-02-02 07:55:48.300177
306,7,412.92,Expired,2025-03-19 07:55:48.300177,2024-02-01 07:55:48.300177
307,8,119.72,Paid,2025-03-20 07:55:48.300177,2024-01-31 07:55:48.300177
308,9,261.38,Pending,2025-03-21 07:55:48.300177,2024-01-30 07:55:48.300177
309,10,42.44,Cancelled,2025-03-22 07:55:48.300177,2024-01-29 07:55:48.300177
310,11,367.96,Expired,2025-03-23 07:55:48.300177,2024-01-28 07:55:48.300177
311,12,274.8,Paid,2025-03-24 07:55:48.300177,2024-01-27 07:55:48.300177
312,13,15.65,Pending,2025-03-25 07:55:48.300177,2024-01-26 07:55:48.300177
313,14,75.81,Cancelled,2025-03-26 07:55:48.300177,2024-01-25 07:55:48.300177
314,15,214.54,Expired,2025-03-27 07:55:48.300177,2024-01-24 07:55:48.300177
315,16,208.6,Paid,2025-03-28 07:55:48.300177,2024-01-23 07:55:48.300177
316,17,326.2,Pending,2025-03-29 07:55:48.300177,2024-01-22 07:55:48.300177
317,18,431.14,Cancelled,2025-03-30 07:55:48.300177,2024-01-21 07:55:48.300177
318,19,74.06,Expired,2025-03-31 07:55:48.300177,2024-01-20 07:55:48.300177
319,20,226.77,Paid,2025-04-01 07:55:48.300177,2024-01-19 07:55:48.300177
320,21,252.95,Pending,2025-04-02 07:55:48.300177,2024-01-18 07:55:48.300177
321,22,464.62,Cancelled,2025-04-03 07:55:48.300177,2024-01-17 07:55:48.300177
322,23,3.43,Expired,2025-04-04 07:55:48.300177,2024-01-16 07:55:48.300177
323,24,454.15,Paid,2025-04-05 07:55:48.300177,2024-01-15 07:55:48.300177
324,25,29.15,Pending,2025-04-06 07:55:48.300177,2024-01-14 07:55:48.300177
325,26,82.7,Cancelled,2025-04-07 07:55:48.300177,2024-01-13 07:55:48.300177
326,27,395.89,Expired,2025-04-08 07:55:48.300177,2024-01-12 07:55:48.300177
327,28,103.06,Paid,2025-04-09 07:55:48.300177,2024-01-11 07:55:48.300177
328,29,443.25,Pending,2025-04-10 07:55:48.300177,2024-01-10 07:55:48.300177
329,30,235.54,Cancelled,2025-04-11 07:55:48.300177,2024-01-09 07:55:48.300177
330,31,57.32,Expired,2025-04-12 07:55:48.300177,2024-01-08 07:55:48.300177
331,32,183.69,Paid,2025-04-13 07:55:48.300177,2024-01-07 07:55:48.300177
332,33,472.83,Pending,2025-04-14 07:55:48.300177,2024-01-06 07:55:48.300177
333,34,121.82,Cancelled,2025-04-15 07:55:48.300177,2024-01-05 07:55:48.300177
334,35,236.8,Expired,2025-04-16 07:55:48.300177,2024-01-04 07:55:48.300177
335,36,328.95,Paid,2025-04-17 07:55:48.300177,2024-01-03 07:55:48.300177
336,37,100.66,Pending,2025-04-18 07:55:48.300177,2024-01-02 07:55:48.300177
337,38,207.63,Cancelled,2025-04-19 07:55:48.300177,2024-01-01 07:55:48.300177
338,39,488.73,Expired,2025-04-20 07:55:48.300177,2023-12-31 07:55:48.300177
339,40,367.97,Paid,2025-04-21 07:55:48.300177,2023-12-30 07:55:48.300177
340,41,250.8,Pending,2025-04-22 07:55:48.300177,2023-12-29 07:55:48.300177
341,42,225.14,Cancelled,2025-04-23 07:55:48.300177,2023-12-28 07:55:48.300177
342,43,418.36,Expired,2025-04-24 07:55:48.300177,2023-12-27 07:55:48.300177
343,44,247.76,Paid,2025-04-25 07:55:48.300177,2023-12-26 07:55:48.300177
344,45,20.1,Pending,2025-04-26 07:55:48.300177,2023-12-25 07:55:48.300177
345,46,496.8,Cancelled,2025-04-27 07:55:48.300177,2023-12-24 07:55:48.300177
346,47,16.76,Expired,2025-04-28 07:55:48.300177,2023-12-23 07:55:48.300177
347,48,32.41,Paid,2025-04-29 07:55:48.300177,2023-12-22 07:55:48.300177
348,49,395.5,Pending,2025-04-30 07:55:48.300177,2023-12-21 07:55:48.300177
349,50,142.26,Cancelled,2025-05-01 07:55:48.300177,2023-12-20 07:55:48.300177
350,1,147.62,Expired,2025-05-02 07:55:48.300177,2023-12-19 07:55:48.300177
351,2,73.63,Paid,2025-05-03 07:55:48.300177,2023-12-18 07:55:48.300177
352,3,119.95,Pending,2025-05-04 07:55:48.300177,2023-12-17 07:55:48.300177
353,4,356.36,Cancelled,2025-05-05 07:55:48.300177,2023-12-16 07:55:48.300177
354,5,475.79,Expired,2025-05-06 07:55:48.300177,2023-12-15 07:55:48.300177
355,6,160.08,Paid,2025-05-07 07:55:48.300177,2023-12-14 07:55:48.300177
356,7,237.93,Pending,2025-05-08 07:55:48.300177,2023-12-13 07:55:48.300177
357,8,487.78,Cancelled,2025-05-09 07:55:48.300177,2023-12-12 07:55:48.300177
358,9,464.14,Expired,2025-05-10 07:55:48.300177,2023-12-11 07:55:48.300177
359,10,289.01,Paid,2025-05-11 07:55:48.300177,2023-12-10 07:55:48.300177
360,11,435.79,Pending,2025-05-12 07:55:48.300177,2023-12-09 07:55:48.300177
361,12,317.74,Cancelled,2025-05-13 07:55:48.300177,2023-12-08 07:55:48.300177
362,13,446.45,Expired,2025-05-14 07:55:48.300177,2023-12-07 07:55:48.300177
363,14,229.38,Paid,2025-05-15 07:55:48.300177,2023-12-06 07:55:48.300177
364,15,421.55,Pending,2025-05-16 07:55:48.300177,2023-12-05 07:55:48.300177
365,16,303.91,Cancelled,2025-05-17 07:55:48.300177,2023-12-04 07:55:48.300177
366,17,462.53,Expired,2025-05-18 07:55:48.300177,2023-12-03 07:55:48.300177
367,18,238.43,Paid,2025-05-19 07:55:48.300177,2023-12-02 07:55:48.300177
368,19,224.57,Pending,2025-05-20 07:55:48.300177,2023-12-01 07:55:48.300177
369,20,163.28,Cancelled,2025-05-21 07:55:48.300177,2023-11-30 07:55:48.300177
370,21,218.71,Expired,2025-05-22 07:55:48.300177,2023-11-29 07:55:48.300177
371,22,172.17,Paid,2025-05-23 07:55:48.300177,2023-11-28 07:55:48.300177
372,23,156.72,Pending,2025-05-24 07:55:48.300177,2023-11-27 07:55:48.300177
373,24,164.64,Cancelled,2025-05-25 07:55:48.300177,2023-11-26 07:55:48.300177
374,25,481.14,Expired,2025-05-26 07:55:48.300177,2023-11-25 07:55:48.300177
375,26,476.93,Paid,2025-05-27 07:55:48.300177,2023-11-24 07:55:48.300177
376,27,365.64,Pending,2025-05-28 07:55:48.300177,2023-11-23 07:55:48.300177
377,28,261.43,Cancelled,2025-05-29 07:55:48.300177,2023-11-22 07:55:48.300177
378,29,387.42,Expired,2025-05-30 07:55:48.300177,2023-11-21 07:55:48.300177
379,30,134.35,Paid,2025-05-31 07:55:48.300177,2023-11-20 07:55:48.300177
380,31,37.45,Pending,2025-06-01 07:55:48.300177,2023-11-19 07:55:48.300177
381,32,443.26,Cancelled,2025-06-02 07:55:48.300177,2023-11-18 07:55:48.300177
382,33,358.15,Expired,2025-06-03 07:55:48.300177,2023-11-17 07:55:48.300177
383,34,442.02,Paid,2025-06-04 07:55:48.300177,2023-11-16 07:55:48.300177
384,35,112.72,Pending,2025-06-05 07:55:48.300177,2023-11-15 07:55:48.300177
385,36,121.35,Cancelled,2025-06-06 07:55:48.300177,2023-11-14 07:55:48.300177
386,37,236.71,Expired,2025-06-07 07:55:48.300177,2023-11-13 07:55:48.300177
387,38,470.35,Paid,2025-06-08 07:55:48.300177,2023-11-12 07:55:48.300177
388,39,367.06,Pending,2025-06-09 07:55:48.300177,2023-11-11 07:55:48.300177
389,40,292.54,Cancelled,2025-06-10 07:55:48.300177,2023-11-10 07:55:48.300177
390,41,282.89,Expired,2025-06-11 07:55:48.300177,2023-11-09 07:55:48.300177
391,42,231.4,Paid,2025-06-12 07:55:48.300177,2023-11-08 07:55:48.300177
392,43,259.25,Pending,2025-06-13 07:55:48.300177,2023-11-07 07:55:48.300177
393,44,178.71,Cancelled,2025-06-14 07:55:48.300177,2023-11-06 07:55:48.300177
394,45,190.85,Expired,2025-06-15 07:55:48.300177,2023-11-05 07:55:48.300177
395,46,405.26,Paid,2025-06-16 07:55:48.300177,2023-11-04 07:55:48.300177
396,47,455.98,Pending,2025-06-17 07:55:48.300177,2023-11-03 07:55:48.300177
397,48,393.73,Cancelled,2025-06-18 07:55:48.300177,2023-11-02 07:55:48.300177
398,49,211.64,Expired,2025-06-19 07:55:48.300177,2023-11-01 07:55:48.300177
399,50,185.06,Paid,2025-06-20 07:55:48.300177,2023-10-31 07:55:48.300177
400,1,428.39,Pending,2025-06-21 07:55:48.300177,2023-10-30 07:55:48.300177
401,2,307.46,Cancelled,2025-06-22 07:55:48.300177,2023-10-29 07:55:48.300177
402,3,496.83,Expired,2025-06-23 07:55:48.300177,2023-10-28 07:55:48.300177
403,4,253.9,Paid,2025-06-24 07:55:48.300177,2023-10-27 07:55:48.300177
404,5,261.34,Pending,2025-06-25 07:55:48.300177,2023-10-26 07:55:48.300177
405,6,114.85,Cancelled,2025-06-26 07:55:48.300177,2023-10-25 07:55:48.300177
406,7,275.06,Expired,2025-06-27 07:55:48.300177,2023-10-24 07:55:48.300177
407,8,90.07,Paid,2025-06-28 07:55:48.300177,2023-10-23 07:55:48.300177
408,9,488.54,Pending,2025-06-29 07:55:48.300177,2023-10-22 07:55:48.300177
409,10,363.17,Cancelled,2025-06-30 07:55:48.300177,2023-10-21 07:55:48.300177
410,11,456.48,Expired,2025-07-01 07:55:48.300177,2023-10-20 07:55:48.300177
411,12,495.04,Paid,2025-07-02 07:55:48.300177,2023-10-19 07:55:48.300177
412,13,35.57,Pending,2025-07-03 07:55:48.300177,2023-10-18 07:55:48.300177
413,14,381.22,Cancelled,2025-07-04 07:55:48.300177,2023-10-17 07:55:48.300177
414,15,77.4,Expired,2025-07-05 07:55:48.300177,2023-10-16 07:55:48.300177
415,16,149.22,Paid,2025-07-06 07:55:48.300177,2023-10-15 07:55:48.300177
416,17,25.43,Pending,2025-07-07 07:55:48.300177,2023-10-14 07:55:48.300177
417,18,202.96,Cancelled,2025-07-08 07:55:48.300177,2023-10-13 07:55:48.300177
418,19,444.46,Expired,2025-07-09 07:55:48.300177,2023-10-12 07:55:48.300177
419,20,360.45,Paid,2025-07-10 07:55:48.300177,2023-10-11 07:55:48.300177
420,21,339.02,Pending,2025-07-11 07:55:48.300177,2023-10-10 07:55:48.300177
421,22,302.06,Cancelled,2025-07-12 07:55:48.300177,2023-10-09 07:55:48.300177
422,23,276.43,Expired,2025-07-13 07:55:48.300177,2023-10-08 07:55:48.300177
423,24,380.3,Paid,2025-07-14 07:55:48.300177,2023-10-07 07:55:48.300177
424,25,372.72,Pending,2025-07-15 07:55:48.300177,2023-10-06 07:55:48.300177
425,26,94.21,Cancelled,2025-07-16 07:55:48.300177,2023-10-05 07:55:48.300177
426,27,132.51,Expired,2025-07-17 07:55:48.300177,2023-10-04 07:55:48.300177
427,28,413.71,Paid,2025-07-18 07:55:48.300177,2023-10-03 07:55:48.300177
428,29,350.49,Pending,2025-07-19 07:55:48.300177,2023-10-02 07:55:48.300177
429,30,415.8,Cancelled,2025-07-20 07:55:48.300177,2023-10-01 07:55:48.300177
430,31,337.31,Expired,2025-07-21 07:55:48.300177,2023-09-30 07:55:48.300177
431,32,342.08,Paid,2025-07-22 07:55:48.300177,2023-09-29 07:55:48.300177
432,33,414.14,Pending,2025-07-23 07:55:48.300177,2023-09-28 07:55:48.300177
433,34,219.53,Cancelled,2025-07-24 07:55:48.300177,2023-09-27 07:55:48.300177
434,35,290.18,Expired,2025-07-25 07:55:48.300177,2023-09-26 07:55:48.300177
435,36,361.62,Paid,2025-07-26 07:55:48.300177,2023-09-25 07:55:48.300177
436,37,378.43,Pending,2025-07-27 07:55:48.300177,2023-09-24 07:55:48.300177
437,38,313.74,Cancelled,2025-07-28 07:55:48.300177,2023-09-23 07:55:48.300177
438,39,373.94,Expired,2025-07-29 07:55:48.300177,2023-09-22 07:55:48.300177
439,40,15.15,Paid,2025-07-30 07:55:48.300177,2023-09-21 07:55:48.300177
440,41,222.86,Pending,2025-07-31 07:55:48.300177,2023-09-20 07:55:48.300177
441,42,109.24,Cancelled,2025-08-01 07:55:48.300177,2023-09-19 07:55:48.300177
442,43,247.47,Expired,2025-08-02 07:55:48.300177,2023-09-18 07:55:48.300177
443,44,62.3,Paid,2025-08-03 07:55:48.300177,2023-09-17 07:55:48.300177
444,45,335.86,Pending,2025-08-04 07:55:48.300177,2023-09-16 07:55:48.300177
445,46,376.55,Cancelled,2025-08-05 07:55:48.300177,2023-09-15 07:55:48.300177
446,47,26.56,Expired,2025-08-06 07:55:48.300177,2023-09-14 07:55:48.300177
447,48,300.66,Paid,2025-08-07 07:55:48.300177,2023-09-13 07:55:48.300177
448,49,95.64,Pending,2025-08-08 07:55:48.300177,2023-09-12 07:55:48.300177
449,50,284.1,Cancelled,2025-08-09 07:55:48.300177,2023-09-11 07:55:48.300177
450,1,85.76,Expired,2025-08-10 07:55:48.300177,2023-09-10 07:55:48.300177
451,2,368.26,Paid,2025-08-11 07:55:48.300177,2023-09-09 07:55:48.300177
452,3,192.13,Pending,2025-08-12 07:55:48.300177,2023-09-08 07:55:48.300177
453,4,411.88,Cancelled,2025-08-13 07:55:48.300177,2023-09-07 07:55:48.300177
454,5,376.05,Expired,2025-08-14 07:55:48.300177,2023-09-06 07:55:48.300177
455,6,439.06,Paid,2025-08-15 07:55:48.300177,2023-09-05 07:55:48.300177
456,7,173.56,Pending,2025-08-16 07:55:48.300177,2023-09-04 07:55:48.300177
457,8,170.91,Cancelled,2025-08-17 07:55:48.300177,2023-09-03 07:55:48.300177
458,9,370.06,Expired,2025-08-18 07:55:48.300177,2023-09-02 07:55:48.300177
459,10,70.46,Paid,2025-08-19 07:55:48.300177,2023-09-01 07:55:48.300177
460,11,56.15,Pending,2025-08-20 07:55:48.300177,2023-08-31 07:55:48.300177
461,12,111.97,Cancelled,2025-08-21 07:55:48.300177,2023-08-30 07:55:48.300177
462,13,461.97,Expired,2025-08-22 07:55:48.300177,2023-08-29 07:55:48.300177
463,14,191.69,Paid,2025-08-23 07:55:48.300177,2023-08-28 07:55:48.300177
464,15,114.05,Pending,2025-08-24 07:55:48.300177,2023-08-27 07:55:48.300177
465,16,461.32,Cancelled,2025-08-25 07:55:48.300177,2023-08-26 07:55:48.300177
466,17,247.84,Expired,2025-08-26 07:55:48.300177,2023-08-25 07:55:48.300177
467,18,289.49,Paid,2025-08-27 07:55:48.300177,2023-08-24 07:55:48.300177
468,19,77.07,Pending,2025-08-28 07:55:48.300177,2023-08-23 07:55:48.300177
469,20,460.24,Cancelled,2025-08-29 07:55:48.300177,2023-08-22 07:55:48.300177
470,21,54.04,Expired,2025-08-30 07:55:48.300177,2023-08-21 07:55:48.300177
471,22,373.37,Paid,2025-08-31 07:55:48.300177,2023-08-20 07:55:48.300177
472,23,194.4,Pending,2025-09-01 07:55:48.300177,2023-08-19 07:55:48.300177
473,24,20.62,Cancelled,2025-09-02 07:55:48.300177,2023-08-18 07:55:48.300177
474,25,17.38,Expired,2025-09-03 07:55:48.300177,2023-08-17 07:55:48.300177
475,26,194.22,Paid,2025-09-04 07:55:48.300177,2023-08-16 07:55:48.300177
476,27,271.12,Pending,2025-09-05 07:55:48.300177,2023-08-15 07:55:48.300177
477,28,3.18,Cancelled,2025-09-06 07:55:48.300177,2023-08-14 07:55:48.300177
478,29,424.88,Expired,2025-09-07 07:55:48.300177,2023-08-13 07:55:48.300177
479,30,271.35,Paid,2025-09-08 07:55:48.300177,2023-08-12 07:55:48.300177
480,31,281.5,Pending,2025-09-09 07:55:48.300177,2023-08-11 07:55:48.300177
481,32,216.94,Cancelled,2025-09-10 07:55:48.300177,2023-08-10 07:55:48.300177
482,33,312.25,Expired,2025-09-11 07:55:48.300177,2023-08-09 07:55:48.300177
483,34,414.61,Paid,2025-09-12 07:55:48.300177,2023-08-08 07:55:48.300177
484,35,195.97,Pending,2025-09-13 07:55:48.300177,2023-08-07 07:55:48.300177
485,36,269.44,Cancelled,2025-09-14 07:55:48.300177,2023-08-06 07:55:48.300177
486,37,485.63,Expired,2025-09-15 07:55:48.300177,2023-08-05 07:55:48.300177
487,38,137.27,Paid,2025-09-16 07:55:48.300177,2023-08-04 07:55:48.300177
488,39,298.59,Pending,2025-09-17 07:55:48.300177,2023-08-03 07:55:48.300177
489,40,134.04,Cancelled,2025-09-18 07:55:48.300177,2023-08-02 07:55:48.300177
490,41,357.42,Expired,2025-09-19 07:55:48.300177,2023-08-01 07:55:48.300177
491,42,455.61,Paid,2025-09-20 07:55:48.300177,2023-07-31 07:55:48.300177
492,43,97.92,Pending,2025-09-21 07:55:48.300177,2023-07-30 07:55:48.300177
493,44,62.24,Cancelled,2025-09-22 07:55:48.300177,2023-07-29 07:55:48.300177
494,45,275.36,Expired,2025-09-23 07:55:48.300177,2023-07-28 07:55:48.300177
495,46,292.48,Paid,2025-09-24 07:55:48.300177,2023-07-27 07:55:48.300177
496,47,156.21,Pending,2025-09-25 07:55:48.300177,2023-07-26 07:55:48.300177
497,48,50.85,Cancelled,2025-09-26 07:55:48.300177,2023-07-25 07:55:48.300177
498,49,327.35,Expired,2025-09-27 07:55:48.300177,2023-07-24 07:55:48.300177
499,50,312.09,Paid,2025-09-28 07:55:48.300177,2023-07-23 07:55:48.300177
500,1,251.17,Pending,2025-09-29 07:55:48.300177,2023-07-22 07:55:48.300177
501,2,372.76,Cancelled,2025-09-30 07:55:48.300177,2023-07-21 07:55:48.300177
502,3,440.34,Expired,2025-10-01 07:55:48.300177,2023-07-20 07:55:48.300177
503,4,444.45,Paid,2025-10-02 07:55:48.300177,2023-07-19 07:55:48.300177
504,5,91.6,Pending,2025-10-03 07:55:48.300177,2023-07-18 07:55:48.300177
505,6,319.92,Cancelled,2025-10-04 07:55:48.300177,2023-07-17 07:55:48.300177
506,7,176.56,Expired,2025-10-05 07:55:48.300177,2023-07-16 07:55:48.300177
507,8,330.78,Paid,2025-10-06 07:55:48.300177,2023-07-15 07:55:48.300177
508,9,193.36,Pending,2025-10-07 07:55:48.300177,2023-07-14 07:55:48.300177
509,10,262.73,Cancelled,2025-10-08 07:55:48.300177,2023-07-13 07:55:48.300177
510,11,499.81,Expired,2025-10-09 07:55:48.300177,2023-07-12 07:55:48.300177
511,12,72.03,Paid,2025-10-10 07:55:48.300177,2023-07-11 07:55:48.300177
512,13,478.45,Pending,2025-10-11 07:55:48.300177,2023-07-10 07:55:48.300177
513,14,353.09,Cancelled,2025-10-12 07:55:48.300177,2023-07-09 07:55:48.300177
514,15,419.48,Expired,2025-10-13 07:55:48.300177,2023-07-08 07:55:48.300177
515,16,164.75,Paid,2025-10-14 07:55:48.300177,2023-07-07 07:55:48.300177
516,17,437.39,Pending,2025-10-15 07:55:48.300177,2023-07-06 07:55:48.300177
517,18,242.14,Cancelled,2025-10-16 07:55:48.300177,2023-07-05 07:55:48.300177
518,19,371.11,Expired,2025-10-17 07:55:48.300177,2023-07-04 07:55:48.300177
519,20,200.89,Paid,2025-10-18 07:55:48.300177,2023-07-03 07:55:48.300177
520,21,427.16,Pending,2025-10-19 07:55:48.300177,2023-07-02 07:55:48.300177
521,22,327.99,Cancelled,2025-10-20 07:55:48.300177,2023-07-01 07:55:48.300177
522,23,207.51,Expired,2025-10-21 07:55:48.300177,2023-06-30 07:55:48.300177
523,24,418.24,Paid,2025-10-22 07:55:48.300177,2023-06-29 07:55:48.300177
524,25,4.92,Pending,2025-10-23 07:55:48.300177,2023-06-28 07:55:48.300177
525,26,424.93,Cancelled,2025-10-24 07:55:48.300177,2023-06-27 07:55:48.300177
526,27,319.0,Expired,2025-10-25 07:55:48.300177,2023-06-26 07:55:48.300177
527,28,56.79,Paid,2025-10-26 07:55:48.300177,2023-06-25 07:55:48.300177
528,29,394.79,Pending,2025-10-27 07:55:48.300177,2023-06-24 07:55:48.300177
529,30,461.44,Cancelled,2025-10-28 07:55:48.300177,2023-06-23 07:55:48.300177
530,31,188.78,Expired,2025-10-29 07:55:48.300177,2023-06-22 07:55:48.300177
531,32,285.23,Paid,2025-10-30 07:55:48.300177,2023-06-21 07:55:48.300177
532,33,284.58,Pending,2025-10-31 07:55:48.300177,2023-06-20 07:55:48.300177
533,34,79.37,Cancelled,2025-11-01 07:55:48.300177,2023-06-19 07:55:48.300177
534,35,201.6,Expired,2025-11-02 07:55:48.300177,2023-06-18 07:55:48.300177
535,36,454.18,Paid,2025-11-03 07:55:48.300177,2023-06-17 07:55:48.300177
536,37,63.36,Pending,2025-11-04 07:55:48.300177,2023-06-16 07:55:48.300177
537,38,257.14,Cancelled,2025-11-05 07:55:48.300177,2023-06-15 07:55:48.300177
538,39,38.78,Expired,2025-11-06 07:55:48.300177,2023-06-14 07:55:48.300177
539,40,143.91,Paid,2025-11-07 07:55:48.300177,2023-06-13 07:55:48.300177
540,41,264.53,Pending,2025-11-08 07:55:48.300177,2023-06-12 07:55:48.300177
541,42,102.95,Cancelled,2025-11-09 07:55:48.300177,2023-06-11 07:55:48.300177
542,43,108.25,Expired,2025-11-10 07:55:48.300177,2023-06-10 07:55:48.300177
543,44,350.13,Paid,2025-11-11 07:55:48.300177,2023-06-09 07:55:48.300177
544,45,425.39,Pending,2025-11-12 07:55:48.300177,2023-06-08 07:55:48.300177
545,46,24.14,Cancelled,2025-11-13 07:55:48.300177,2023-06-07 07:55:48.300177
546,47,218.55,Expired,2025-11-14 07:55:48.300177,2023-06-06 07:55:48.300177
547,48,180.96,Paid,2025-11-15 07:55:48.300177,2023-06-05 07:55:48.300177
548,49,127.34,Pending,2025-11-16 07:55:48.300177,2023-06-04 07:55:48.300177
549,50,442.1,Cancelled,2025-11-17 07:55:48.300177,2023-06-03 07:55:48.300177
550,1,223.66,Expired,2025-11-18 07:55:48.300177,2023-06-02 07:55:48.300177
551,2,269.72,Paid,2025-11-19 07:55:48.300177,2023-06-01 07:55:48.300177
552,3,336.27,Pending,2025-11-20 07:55:48.300177,2023-05-31 07:55:48.300177
553,4,179.75,Cancelled,2025-11-21 07:55:48.300177,2023-05-30 07:55:48.300177
554,5,451.05,Expired,2025-11-22 07:55:48.300177,2023-05-29 07:55:48.300177
555,6,184.52,Paid,2025-11-23 07:55:48.300177,2023-05-28 07:55:48.300177
556,7,23.92,Pending,2025-11-24 07:55:48.300177,2023-05-27 07:55:48.300177
557,8,45.83,Cancelled,2025-11-25 07:55:48.300177,2023-05-26 07:55:48.300177
558,9,6.97,Expired,2025-11-26 07:55:48.300177,2023-05-25 07:55:48.300177
559,10,287.78,Paid,2025-11-27 07:55:48.300177,2023-05-24 07:55:48.300177
560,11,254.65,Pending,2025-11-28 07:55:48.300177,2023-05-23 07:55:48.300177
561,12,396.15,Cancelled,2025-11-29 07:55:48.300177,2023-05-22 07:55:48.300177
562,13,106.38,Expired,2025-11-30 07:55:48.300177,2023-05-21 07:55:48.300177
563,14,162.74,Paid,2025-12-01 07:55:48.300177,2023-05-20 07:55:48.300177
564,15,62.06,Pending,2025-12-02 07:55:48.300177,2023-05-19 07:55:48.300177
565,16,89.54,Cancelled,2025-12-03 07:55:48.300177,2023-05-18 07:55:48.300177
566,17,44.31,Expired,2025-12-04 07:55:48.300177,2023-05-17 07:55:48.300177
567,18,434.25,Paid,2025-12-05 07:55:48.300177,2023-05-16 07:55:48.300177
568,19,493.85,Pending,2025-12-06 07:55:48.300177,2023-05-15 07:55:48.300177
569,20,23.31,Cancelled,2025-12-07 07:55:48.300177,2023-05-14 07:55:48.300177
570,21,151.32,Expired,2025-12-08 07:55:48.300177,2023-05-13 07:55:48.300177
571,22,416.13,Paid,2025-12-09 07:55:48.300177,2023-05-12 07:55:48.300177
572,23,155.29,Pending,2025-12-10 07:55:48.300177,2023-05-11 07:55:48.300177
573,24,430.22,Cancelled,2025-12-11 07:55:48.300177,2023-05-10 07:55:48.300177
574,25,219.29,Expired,2025-12-12 07:55:48.300177,2023-05-09 07:55:48.300177
575,26,275.45,Paid,2025-12-13 07:55:48.300177,2023-05-08 07:55:48.300177
576,27,50.22,Pending,2025-12-14 07:55:48.300177,2023-05-07 07:55:48.300177
577,28,422.59,Cancelled,2025-12-15 07:55:48.300177,2023-05-06 07:55:48.300177
578,29,50.24,Expired,2025-12-16 07:55:48.300177,2023-05-05 07:55:48.300177
579,30,116.06,Paid,2025-12-17 07:55:48.300177,2023-05-04 07:55:48.300177
580,31,378.33,Pending,2025-12-18 07:55:48.300177,2023-05-03 07:55:48.300177
581,32,57.52,Cancelled,2025-12-19 07:55:48.300177,2023-05-02 07:55:48.300177
582,33,146.84,Expired,2025-12-20 07:55:48.300177,2023-05-01 07:55:48.300177
583,34,12.07,Paid,2025-12-21 07:55:48.300177,2023-04-30 07:55:48.300177
584,35,457.53,Pending,2025-12-22 07:55:48.300177,2023-04-29 07:55:48.300177
585,36,375.24,Cancelled,2025-12-23 07:55:48.300177,2023-04-28 07:55:48.300177
586,37,500.48,Expired,2025-12-24 07:55:48.300177,2023-04-27 07:55:48.300177
587,38,319.32,Paid,2025-12-25 07:55:48.300177,2023-04-26 07:55:48.300177
588,39,366.14,Pending,2025-12-26 07:55:48.300177,2023-04-25 07:55:48.300177
589,40,186.55,Cancelled,2025-12-27 07:55:48.300177,2023-04-24 07:55:48.300177
590,41,132.95,Expired,2025-12-28 07:55:48.300177,2023-04-23 07:55:48.300177
591,42,226.21,Paid,2025-12-29 07:55:48.300177,2023-04-22 07:55:48.300177
592,43,140.38,Pending,2025-12-30 07:55:48.300177,2023-04-21 07:55:48.300177
593,44,87.73,Cancelled,2025-12-31 07:55:48.300177,2023-04-20 07:55:48.300177
594,45,147.76,Expired,2026-01-01 07:55:48.300177,2023-04-19 07:55:48.300177
595,46,179.3,Paid,2026-01-02 07:55:48.300177,2023-04-18 07:55:48.300177
596,47,75.76,Pending,2026-01-03 07:55:48.300177,2023-04-17 07:55:48.300177
597,48,97.69,Cancelled,2026-01-04 07:55:48.300177,2023-04-16 07:55:48.300177
598,49,255.37,Expired,2026-01-05 07:55:48.300177,2023-04-15 07:55:48.300177
599,50,404.31,Paid,2026-01-06 07:55:48.300177,2023-04-14 07:55:48.300177
600,1,404.24,Pending,2026-01-07 07:55:48.300177,2023-04-13 07:55:48.300177
601,2,2.03,Cancelled,2026-01-08 07:55:48.300177,2023-04-12 07:55:48.300177
602,3,455.08,Expired,2026-01-09 07:55:48.300177,2023-04-11 07:55:48.300177
603,4,397.69,Paid,2026-01-10 07:55:48.300177,2023-04-10 07:55:48.300177
604,5,402.18,Pending,2026-01-11 07:55:48.300177,2023-04-09 07:55:48.300177
605,6,366.24,Cancelled,2026-01-12 07:55:48.300177,2023-04-08 07:55:48.300177
606,7,8.19,Expired,2026-01-13 07:55:48.300177,2023-04-07 07:55:48.300177
607,8,60.59,Paid,2026-01-14 07:55:48.300177,2023-04-06 07:55:48.300177
608,9,4.96,Pending,2026-01-15 07:55:48.300177,2023-04-05 07:55:48.300177
609,10,133.2,Cancelled,2026-01-16 07:55:48.300177,2023-04-04 07:55:48.300177
610,11,191.8,Expired,2026-01-17 07:55:48.300177,2023-04-03 07:55:48.300177
611,12,197.99,Paid,2026-01-18 07:55:48.300177,2023-04-02 07:55:48.300177
612,13,202.61,Pending,2026-01-19 07:55:48.300177,2023-04-01 07:55:48.300177
613,14,240.72,Cancelled,2026-01-20 07:55:48.300177,2023-03-31 07:55:48.300177
614,15,317.41,Expired,2026-01-21 07:55:48.300177,2023-03-30 07:55:48.300177
615,16,186.73,Paid,2026-01-22 07:55:48.300177,2023-03-29 07:55:48.300177
616,17,186.21,Pending,2026-01-23 07:55:48.300177,2023-03-28 07:55:48.300177
617,18,498.59,Cancelled,2026-01-24 07:55:48.300177,2023-03-27 07:55:48.300177
618,19,68.86,Expired,2026-01-25 07:55:48.300177,2023-03-26 07:55:48.300177
619,20,291.39,Paid,2026-01-26 07:55:48.300177,2023-03-25 07:55:48.300177
620,21,237.08,Pending,2026-01-27 07:55:48.300177,2023-03-24 07:55:48.300177
621,22,122.03,Cancelled,2026-01-28 07:55:48.300177,2023-03-23 07:55:48.300177
622,23,113.72,Expired,2026-01-29 07:55:48.300177,2023-03-22 07:55:48.300177
623,24,357.09,Paid,2026-01-30 07:55:48.300177,2023-03-21 07:55:48.300177
624,25,159.87,Pending,2026-01-31 07:55:48.300177,2023-03-20 07:55:48.300177
625,26,373.83,Cancelled,2026-02-01 07:55:48.300177,2023-03-19 07:55:48.300177
626,27,370.71,Expired,2026-02-02 07:55:48.300177,2023-03-18 07:55:48.300177
627,28,449.24,Paid,2026-02-03 07:55:48.300177,2023-03-17 07:55:48.300177
628,29,377.59,Pending,2026-02-04 07:55:48.300177,2023-03-16 07:55:48.300177
629,30,368.16,Cancelled,2026-02-05 07:55:48.300177,2023-03-15 07:55:48.300177
630,31,43.73,Expired,2026-02-06 07:55:48.300177,2023-03-14 07:55:48.300177
631,32,126.32,Paid,2026-02-07 07:55:48.300177,2023-03-13 07:55:48.300177
632,33,231.44,Pending,2026-02-08 07:55:48.300177,2023-03-12 07:55:48.300177
633,34,108.93,Cancelled,2026-02-09 07:55:48.300177,2023-03-11 07:55:48.300177
634,35,24.91,Expired,2026-02-10 07:55:48.300177,2023-03-10 07:55:48.300177
635,36,392.2,Paid,2026-02-11 07:55:48.300177,2023-03-09 07:55:48.300177
636,37,172.84,Pending,2026-02-12 07:55:48.300177,2023-03-08 07:55:48.300177
637,38,498.81,Cancelled,2026-02-13 07:55:48.300177,2023-03-07 07:55:48.300177
638,39,311.73,Expired,2026-02-14 07:55:48.300177,2023-03-06 07:55:48.300177
639,40,366.24,Paid,2026-02-15 07:55:48.300177,2023-03-05 07:55:48.300177
640,41,140.21,Pending,2026-02-16 07:55:48.300177,2023-03-04 07:55:48.300177
641,42,64.67,Cancelled,2026-02-17 07:55:48.300177,2023-03-03 07:55:48.300177
642,43,406.26,Expired,2026-02-18 07:55:48.300177,2023-03-02 07:55:48.300177
643,44,255.43,Paid,2026-02-19 07:55:48.300177,2023-03-01 07:55:48.300177
644,45,481.07,Pending,2026-02-20 07:55:48.300177,2023-02-28 07:55:48.300177
645,46,302.77,Cancelled,2026-02-21 07:55:48.300177,2023-02-27 07:55:48.300177
646,47,70.16,Expired,2026-02-22 07:55:48.300177,2023-02-26 07:55:48.300177
647,48,402.22,Paid,2026-02-23 07:55:48.300177,2023-02-25 07:55:48.300177
648,49,192.11,Pending,2026-02-24 07:55:48.300177,2023-02-24 07:55:48.300177
649,50,384.2,Cancelled,2026-02-25 07:55:48.300177,2023-02-23 07:55:48.300177
650,1,293.98,Expired,2026-02-26 07:55:48.300177,2023-02-22 07:55:48.300177
651,2,391.95,Paid,2026-02-27 07:55:48.300177,2023-02-21 07:55:48.300177
652,3,399.72,Pending,2026-02-28 07:55:48.300177,2023-02-20 07:55:48.300177
653,4,357.16,Cancelled,2026-03-01 07:55:48.300177,2023-02-19 07:55:48.300177
654,5,218.84,Expired,2026-03-02 07:55:48.300177,2023-02-18 07:55:48.300177
655,6,225.97,Paid,2026-03-03 07:55:48.300177,2023-02-17 07:55:48.300177
656,7,412.26,Pending,2026-03-04 07:55:48.300177,2023-02-16 07:55:48.300177
657,8,297.7,Cancelled,2026-03-05 07:55:48.300177,2023-02-15 07:55:48.300177
658,9,287.58,Expired,2026-03-06 07:55:48.300177,2023-02-14 07:55:48.300177
659,10,231.43,Paid,2026-03-07 07:55:48.300177,2023-02-13 07:55:48.300177
660,11,127.16,Pending,2026-03-08 07:55:48.300177,2023-02-12 07:55:48.300177
661,12,52.05,Cancelled,2026-03-09 07:55:48.300177,2023-02-11 07:55:48.300177
662,13,430.72,Expired,2026-03-10 07:55:48.300177,2023-02-10 07:55:48.300177
663,14,181.2,Paid,2026-03-11 07:55:48.300177,2023-02-09 07:55:48.300177
664,15,233.72,Pending,2026-03-12 07:55:48.300177,2023-02-08 07:55:48.300177
665,16,468.95,Cancelled,2026-03-13 07:55:48.300177,2023-02-07 07:55:48.300177
666,17,139.88,Expired,2026-03-14 07:55:48.300177,2023-02-06 07:55:48.300177
667,18,320.77,Paid,2026-03-15 07:55:48.300177,2023-02-05 07:55:48.300177
668,19,189.48,Pending,2026-03-16 07:55:48.300177,2023-02-04 07:55:48.300177
669,20,376.82,Cancelled,2026-03-17 07:55:48.300177,2023-02-03 07:55:48.300177
670,21,194.9,Expired,2026-03-18 07:55:48.300177,2023-02-02 07:55:48.300177
671,22,341.13,Paid,2026-03-19 07:55:48.300177,2023-02-01 07:55:48.300177
672,23,169.11,Pending,2026-03-20 07:55:48.300177,2023-01-31 07:55:48.300177
673,24,31.78,Cancelled,2026-03-21 07:55:48.300177,2023-01-30 07:55:48.300177
674,25,384.33,Expired,2026-03-22 07:55:48.300177,2023-01-29 07:55:48.300177
675,26,34.36,Paid,2026-03-23 07:55:48.300177,2023-01-28 07:55:48.300177
676,27,152.82,Pending,2026-03-24 07:55:48.300177,2023-01-27 07:55:48.300177
677,28,464.82,Cancelled,2026-03-25 07:55:48.300177,2023-01-26 07:55:48.300177
678,29,156.4,Expired,2026-03-26 07:55:48.300177,2023-01-25 07:55:48.300177
679,30,323.27,Paid,2026-03-27 07:55:48.300177,2023-01-24 07:55:48.300177
680,31,482.45,Pending,2026-03-28 07:55:48.300177,2023-01-23 07:55:48.300177
681,32,431.83,Cancelled,2026-03-29 07:55:48.300177,2023-01-22 07:55:48.300177
682,33,317.41,Expired,2026-03-30 07:55:48.300177,2023-01-21 07:55:48.300177
683,34,256.92,Paid,2026-03-31 07:55:48.300177,2023-01-20 07:55:48.300177
684,35,20.79,Pending,2026-04-01 07:55:48.300177,2023-01-19 07:55:48.300177
685,36,212.52,Cancelled,2026-04-02 07:55:48.300177,2023-01-18 07:55:48.300177
686,37,36.77,Expired,2026-04-03 07:55:48.300177,2023-01-17 07:55:48.300177
687,38,15.17,Paid,2026-04-04 07:55:48.300177,2023-01-16 07:55:48.300177
688,39,90.37,Pending,2026-04-05 07:55:48.300177,2023-01-15 07:55:48.300177
689,40,484.24,Cancelled,2026-04-06 07:55:48.300177,2023-01-14 07:55:48.300177
690,41,347.18,Expired,2026-04-07 07:55:48.300177,2023-01-13 07:55:48.300177
691,42,110.1,Paid,2026-04-08 07:55:48.300177,2023-01-12 07:55:48.300177
692,43,485.5,Pending,2026-04-09 07:55:48.300177,2023-01-11 07:55:48.300177
693,44,185.5,Cancelled,2026-04-10 07:55:48.300177,2023-01-10 07:55:48.300177
694,45,439.32,Expired,2026-04-11 07:55:48.300177,2023-01-09 07:55:48.300177
695,46,117.65,Paid,2026-04-12 07:55:48.300177,2023-01-08 07:55:48.300177
696,47,273.33,Pending,2026-04-13 07:55:48.300177,2023-01-07 07:55:48.300177
697,48,181.58,Cancelled,2026-04-14 07:55:48.300177,2023-01-06 07:55:48.300177
698,49,433.73,Expired,2026-04-15 07:55:48.300177,2023-01-05 07:55:48.300177
699,50,14.76,Paid,2026-04-16 07:55:48.300177,2023-01-04 07:55:48.300177
700,1,60.61,Pending,2026-04-17 07:55:48.300177,2023-01-03 07:55:48.300177
701,2,499.27,Cancelled,2026-04-18 07:55:48.300177,2023-01-02 07:55:48.300177
702,3,378.83,Expired,2026-04-19 07:55:48.300177,2023-01-01 07:55:48.300177
703,4,46.8,Paid,2026-04-20 07:55:48.300177,2022-12-31 07:55:48.300177
704,5,270.73,Pending,2026-04-21 07:55:48.300177,2022-12-30 07:55:48.300177
705,6,237.86,Cancelled,2026-04-22 07:55:48.300177,2022-12-29 07:55:48.300177
706,7,328.92,Expired,2026-04-23 07:55:48.300177,2022-12-28 07:55:48.300177
707,8,55.7,Paid,2026-04-24 07:55:48.300177,2022-12-27 07:55:48.300177
708,9,375.49,Pending,2026-04-25 07:55:48.300177,2022-12-26 07:55:48.300177
709,10,415.99,Cancelled,2026-04-26 07:55:48.300177,2022-12-25 07:55:48.300177
710,11,426.38,Expired,2026-04-27 07:55:48.300177,2022-12-24 07:55:48.300177
711,12,74.59,Paid,2026-04-28 07:55:48.300177,2022-12-23 07:55:48.300177
712,13,466.75,Pending,2026-04-29 07:55:48.300177,2022-12-22 07:55:48.300177
713,14,134.45,Cancelled,2026-04-30 07:55:48.300177,2022-12-21 07:55:48.300177
714,15,68.75,Expired,2026-05-01 07:55:48.300177,2022-12-20 07:55:48.300177
715,16,242.59,Paid,2026-05-02 07:55:48.300177,2022-12-19 07:55:48.300177
716,17,50.37,Pending,2026-05-03 07:55:48.300177,2022-12-18 07:55:48.300177
717,18,29.37,Cancelled,2026-05-04 07:55:48.300177,2022-12-17 07:55:48.300177
718,19,427.27,Expired,2026-05-05 07:55:48.300177,2022-12-16 07:55:48.300177
719,20,129.56,Paid,2026-05-06 07:55:48.300177,2022-12-15 07:55:48.300177
720,21,147.62,Pending,2026-05-07 07:55:48.300177,2022-12-14 07:55:48.300177
721,22,41.42,Cancelled,2026-05-08 07:55:48.300177,2022-12-13 07:55:48.300177
722,23,184.36,Expired,2026-05-09 07:55:48.300177,2022-12-12 07:55:48.300177
723,24,341.75,Paid,2026-05-10 07:55:48.300177,2022-12-11 07:55:48.300177
724,25,104.43,Pending,2026-05-11 07:55:48.300177,2022-12-10 07:55:48.300177
725,26,119.73,Cancelled,2026-05-12 07:55:48.300177,2022-12-09 07:55:48.300177
726,27,332.19,Expired,2026-05-13 07:55:48.300177,2022-12-08 07:55:48.300177
727,28,423.37,Paid,2026-05-14 07:55:48.300177,2022-12-07 07:55:48.300177
728,29,226.05,Pending,2026-05-15 07:55:48.300177,2022-12-06 07:55:48.300177
729,30,423.96,Cancelled,2026-05-16 07:55:48.300177,2022-12-05 07:55:48.300177
730,31,375.31,Expired,2026-05-17 07:55:48.300177,2022-12-04 07:55:48.300177
731,32,486.9,Paid,2026-05-18 07:55:48.300177,2022-12-03 07:55:48.300177
732,33,270.87,Pending,2026-05-19 07:55:48.300177,2022-12-02 07:55:48.300177
733,34,48.59,Cancelled,2026-05-20 07:55:48.300177,2022-12-01 07:55:48.300177
734,35,280.17,Expired,2026-05-21 07:55:48.300177,2022-11-30 07:55:48.300177
735,36,17.12,Paid,2026-05-22 07:55:48.300177,2022-11-29 07:55:48.300177
736,37,383.0,Pending,2026-05-23 07:55:48.300177,2022-11-28 07:55:48.300177
737,38,407.71,Cancelled,2026-05-24 07:55:48.300177,2022-11-27 07:55:48.300177
738,39,432.19,Expired,2026-05-25 07:55:48.300177,2022-11-26 07:55:48.300177
739,40,263.96,Paid,2026-05-26 07:55:48.300177,2022-11-25 07:55:48.300177
740,41,406.22,Pending,2026-05-27 07:55:48.300177,2022-11-24 07:55:48.300177
741,42,427.98,Cancelled,2026-05-28 07:55:48.300177,2022-11-23 07:55:48.300177
742,43,185.48,Expired,2026-05-29 07:55:48.300177,2022-11-22 07:55:48.300177
743,44,91.91,Paid,2026-05-30 07:55:48.300177,2022-11-21 07:55:48.300177
744,45,273.54,Pending,2026-05-31 07:55:48.300177,2022-11-20 07:55:48.300177
745,46,69.09,Cancelled,2026-06-01 07:55:48.300177,2022-11-19 07:55:48.300177
746,47,4.85,Expired,2026-06-02 07:55:48.300177,2022-11-18 07:55:48.300177
747,48,404.79,Paid,2026-06-03 07:55:48.300177,2022-11-17 07:55:48.300177
748,49,384.55,Pending,2026-06-04 07:55:48.300177,2022-11-16 07:55:48.300177
749,50,243.59,Cancelled,2026-06-05 07:55:48.300177,2022-11-15 07:55:48.300177
750,1,210.14,Expired,2026-06-06 07:55:48.300177,2022-11-14 07:55:48.300177
751,2,42.29,Paid,2026-06-07 07:55:48.300177,2022-11-13 07:55:48.300177
752,3,279.34,Pending,2026-06-08 07:55:48.300177,2022-11-12 07:55:48.300177
753,4,237.14,Cancelled,2026-06-09 07:55:48.300177,2022-11-11 07:55:48.300177
754,5,387.1,Expired,2026-06-10 07:55:48.300177,2022-11-10 07:55:48.300177
755,6,118.01,Paid,2026-06-11 07:55:48.300177,2022-11-09 07:55:48.300177
756,7,461.68,Pending,2026-06-12 07:55:48.300177,2022-11-08 07:55:48.300177
757,8,132.71,Cancelled,2026-06-13 07:55:48.300177,2022-11-07 07:55:48.300177
758,9,148.57,Expired,2026-06-14 07:55:48.300177,2022-11-06 07:55:48.300177
759,10,68.39,Paid,2026-06-15 07:55:48.300177,2022-11-05 07:55:48.300177
760,11,267.73,Pending,2026-06-16 07:55:48.300177,2022-11-04 07:55:48.300177
761,12,141.88,Cancelled,2026-06-17 07:55:48.300177,2022-11-03 07:55:48.300177
762,13,329.18,Expired,2026-06-18 07:55:48.300177,2022-11-02 07:55:48.300177
763,14,431.04,Paid,2026-06-19 07:55:48.300177,2022-11-01 07:55:48.300177
764,15,79.15,Pending,2026-06-20 07:55:48.300177,2022-10-31 07:55:48.300177
765,16,117.95,Cancelled,2026-06-21 07:55:48.300177,2022-10-30 07:55:48.300177
766,17,411.72,Expired,2026-06-22 07:55:48.300177,2022-10-29 07:55:48.300177
767,18,202.59,Paid,2026-06-23 07:55:48.300177,2022-10-28 07:55:48.300177
768,19,434.93,Pending,2026-06-24 07:55:48.300177,2022-10-27 07:55:48.300177
769,20,320.85,Cancelled,2026-06-25 07:55:48.300177,2022-10-26 07:55:48.300177
770,21,495.2,Expired,2026-06-26 07:55:48.300177,2022-10-25 07:55:48.300177
771,22,216.86,Paid,2026-06-27 07:55:48.300177,2022-10-24 07:55:48.300177
772,23,453.36,Pending,2026-06-28 07:55:48.300177,2022-10-23 07:55:48.300177
773,24,276.29,Cancelled,2026-06-29 07:55:48.300177,2022-10-22 07:55:48.300177
774,25,474.3,Expired,2026-06-30 07:55:48.300177,2022-10-21 07:55:48.300177
775,26,170.23,Paid,2026-07-01 07:55:48.300177,2022-10-20 07:55:48.300177
776,27,69.18,Pending,2026-07-02 07:55:48.300177,2022-10-19 07:55:48.300177
777,28,100.48,Cancelled,2026-07-03 07:55:48.300177,2022-10-18 07:55:48.300177
778,29,54.22,Expired,2026-07-04 07:55:48.300177,2022-10-17 07:55:48.300177
779,30,331.65,Paid,2026-07-05 07:55:48.300177,2022-10-16 07:55:48.300177
780,31,61.41,Pending,2026-07-06 07:55:48.300177,2022-10-15 07:55:48.300177
781,32,78.98,Cancelled,2026-07-07 07:55:48.300177,2022-10-14 07:55:48.300177
782,33,340.27,Expired,2026-07-08 07:55:48.300177,2022-10-13 07:55:48.300177
783,34,150.2,Paid,2026-07-09 07:55:48.300177,2022-10-12 07:55:48.300177
784,35,468.54,Pending,2026-07-10 07:55:48.300177,2022-10-11 07:55:48.300177
785,36,201.44,Cancelled,2026-07-11 07:55:48.300177,2022-10-10 07:55:48.300177
786,37,31.16,Expired,2026-07-12 07:55:48.300177,2022-10-09 07:55:48.300177
787,38,494.6,Paid,2026-07-13 07:55:48.300177,2022-10-08 07:55:48.300177
788,39,291.68,Pending,2026-07-14 07:55:48.300177,2022-10-07 07:55:48.300177
789,40,472.4,Cancelled,2026-07-15 07:55:48.300177,2022-10-06 07:55:48.300177
790,41,289.95,Expired,2026-07-16 07:55:48.300177,2022-10-05 07:55:48.300177
791,42,370.82,Paid,2026-07-17 07:55:48.300177,2022-10-04 07:55:48.300177
792,43,287.73,Pending,2026-07-18 07:55:48.300177,2022-10-03 07:55:48.300177
793,44,78.64,Cancelled,2026-07-19 07:55:48.300177,2022-10-02 07:55:48.300177
794,45,446.22,Expired,2026-07-20 07:55:48.300177,2022-10-01 07:55:48.300177
795,46,200.36,Paid,2026-07-21 07:55:48.300177,2022-09-30 07:55:48.300177
796,47,74.85,Pending,2026-07-22 07:55:48.300177,2022-09-29 07:55:48.300177
797,48,182.77,Cancelled,2026-07-23 07:55:48.300177,2022-09-28 07:55:48.300177
798,49,394.42,Expired,2026-07-24 07:55:48.300177,2022-09-27 07:55:48.300177
799,50,49.39,Paid,2026-07-25 07:55:48.300177,2022-09-26 07:55:48.300177
800,1,268.47,Pending,2026-07-26 07:55:48.300177,2022-09-25 07:55:48.300177
801,2,495.21,Cancelled,2026-07-27 07:55:48.300177,2022-09-24 07:55:48.300177
802,3,440.09,Expired,2026-07-28 07:55:48.300177,2022-09-23 07:55:48.300177
803,4,66.05,Paid,2026-07-29 07:55:48.300177,2022-09-22 07:55:48.300177
804,5,248.89,Pending,2026-07-30 07:55:48.300177,2022-09-21 07:55:48.300177
805,6,218.08,Cancelled,2026-07-31 07:55:48.300177,2022-09-20 07:55:48.300177
806,7,22.48,Expired,2026-08-01 07:55:48.300177,2022-09-19 07:55:48.300177
807,8,459.45,Paid,2026-08-02 07:55:48.300177,2022-09-18 07:55:48.300177
808,9,128.5,Pending,2026-08-03 07:55:48.300177,2022-09-17 07:55:48.300177
809,10,47.66,Cancelled,2026-08-04 07:55:48.300177,2022-09-16 07:55:48.300177
810,11,16.4,Expired,2026-08-05 07:55:48.300177,2022-09-15 07:55:48.300177
811,12,79.83,Paid,2026-08-06 07:55:48.300177,2022-09-14 07:55:48.300177
812,13,240.17,Pending,2026-08-07 07:55:48.300177,2022-09-13 07:55:48.300177
813,14,109.5,Cancelled,2026-08-08 07:55:48.300177,2022-09-12 07:55:48.300177
814,15,319.04,Expired,2026-08-09 07:55:48.300177,2022-09-11 07:55:48.300177
815,16,388.99,Paid,2026-08-10 07:55:48.300177,2022-09-10 07:55:48.300177
816,17,346.21,Pending,2026-08-11 07:55:48.300177,2022-09-09 07:55:48.300177
817,18,404.12,Cancelled,2026-08-12 07:55:48.300177,2022-09-08 07:55:48.300177
818,19,232.4,Expired,2026-08-13 07:55:48.300177,2022-09-07 07:55:48.300177
819,20,236.2,Paid,2026-08-14 07:55:48.300177,2022-09-06 07:55:48.300177
820,21,362.07,Pending,2026-08-15 07:55:48.300177,2022-09-05 07:55:48.300177
821,22,81.73,Cancelled,2026-08-16 07:55:48.300177,2022-09-04 07:55:48.300177
822,23,404.65,Expired,2026-08-17 07:55:48.300177,2022-09-03 07:55:48.300177
823,24,434.75,Paid,2026-08-18 07:55:48.300177,2022-09-02 07:55:48.300177
824,25,179.37,Pending,2026-08-19 07:55:48.300177,2022-09-01 07:55:48.300177
825,26,391.85,Cancelled,2026-08-20 07:55:48.300177,2022-08-31 07:55:48.300177
826,27,134.38,Expired,2026-08-21 07:55:48.300177,2022-08-30 07:55:48.300177
827,28,14.14,Paid,2026-08-22 07:55:48.300177,2022-08-29 07:55:48.300177
828,29,142.42,Pending,2026-08-23 07:55:48.300177,2022-08-28 07:55:48.300177
829,30,66.43,Cancelled,2026-08-24 07:55:48.300177,2022-08-27 07:55:48.300177
830,31,330.63,Expired,2026-08-25 07:55:48.300177,2022-08-26 07:55:48.300177
831,32,463.19,Paid,2026-08-26 07:55:48.300177,2022-08-25 07:55:48.300177
832,33,499.65,Pending,2026-08-27 07:55:48.300177,2022-08-24 07:55:48.300177
833,34,271.19,Cancelled,2026-08-28 07:55:48.300177,2022-08-23 07:55:48.300177
834,35,464.96,Expired,2026-08-29 07:55:48.300177,2022-08-22 07:55:48.300177
835,36,78.71,Paid,2026-08-30 07:55:48.300177,2022-08-21 07:55:48.300177
836,37,91.51,Pending,2026-08-31 07:55:48.300177,2022-08-20 07:55:48.300177
837,38,276.65,Cancelled,2026-09-01 07:55:48.300177,2022-08-19 07:55:48.300177
838,39,126.43,Expired,2026-09-02 07:55:48.300177,2022-08-18 07:55:48.300177
839,40,157.12,Paid,2026-09-03 07:55:48.300177,2022-08-17 07:55:48.300177
840,41,407.47,Pending,2026-09-04 07:55:48.300177,2022-08-16 07:55:48.300177
841,42,63.45,Cancelled,2026-09-05 07:55:48.300177,2022-08-15 07:55:48.300177
842,43,166.51,Expired,2026-09-06 07:55:48.300177,2022-08-14 07:55:48.300177
843,44,464.24,Paid,2026-09-07 07:55:48.300177,2022-08-13 07:55:48.300177
844,45,213.5,Pending,2026-09-08 07:55:48.300177,2022-08-12 07:55:48.300177
845,46,440.82,Cancelled,2026-09-09 07:55:48.300177,2022-08-11 07:55:48.300177
846,47,92.06,Expired,2026-09-10 07:55:48.300177,2022-08-10 07:55:48.300177
847,48,358.18,Paid,2026-09-11 07:55:48.300177,2022-08-09 07:55:48.300177
848,49,115.98,Pending,2026-09-12 07:55:48.300177,2022-08-08 07:55:48.300177
849,50,157.74,Cancelled,2026-09-13 07:55:48.300177,2022-08-07 07:55:48.300177
850,1,466.58,Expired,2026-09-14 07:55:48.300177,2022-08-06 07:55:48.300177
851,2,327.44,Paid,2026-09-15 07:55:48.300177,2022-08-05 07:55:48.300177
852,3,345.89,Pending,2026-09-16 07:55:48.300177,2022-08-04 07:55:48.300177
853,4,255.13,Cancelled,2026-09-17 07:55:48.300177,2022-08-03 07:55:48.300177
854,5,321.16,Expired,2026-09-18 07:55:48.300177,2022-08-02 07:55:48.300177
855,6,410.45,Paid,2026-09-19 07:55:48.300177,2022-08-01 07:55:48.300177
856,7,257.27,Pending,2026-09-20 07:55:48.300177,2022-07-31 07:55:48.300177
857,8,108.09,Cancelled,2026-09-21 07:55:48.300177,2022-07-30 07:55:48.300177
858,9,359.44,Expired,2026-09-22 07:55:48.300177,2022-07-29 07:55:48.300177
859,10,142.97,Paid,2026-09-23 07:55:48.300177,2022-07-28 07:55:48.300177
860,11,84.0,Pending,2026-09-24 07:55:48.300177,2022-07-27 07:55:48.300177
861,12,150.0,Cancelled,2026-09-25 07:55:48.300177,2022-07-26 07:55:48.300177
862,13,288.77,Expired,2026-09-26 07:55:48.300177,2022-07-25 07:55:48.300177
863,14,407.78,Paid,2026-09-27 07:55:48.300177,2022-07-24 07:55:48.300177
864,15,69.33,Pending,2026-09-28 07:55:48.300177,2022-07-23 07:55:48.300177
865,16,46.08,Cancelled,2026-09-29 07:55:48.300177,2022-07-22 07:55:48.300177
866,17,91.18,Expired,2026-09-30 07:55:48.300177,2022-07-21 07:55:48.300177
867,18,450.34,Paid,2026-10-01 07:55:48.300177,2022-07-20 07:55:48.300177
868,19,110.44,Pending,2026-10-02 07:55:48.300177,2022-07-19 07:55:48.300177
869,20,82.6,Cancelled,2026-10-03 07:55:48.300177,2022-07-18 07:55:48.300177
870,21,200.88,Expired,2026-10-04 07:55:48.300177,2022-07-17 07:55:48.300177
871,22,148.59,Paid,2026-10-05 07:55:48.300177,2022-07-16 07:55:48.300177
872,23,367.8,Pending,2026-10-06 07:55:48.300177,2022-07-15 07:55:48.300177
873,24,476.79,Cancelled,2026-10-07 07:55:48.300177,2022-07-14 07:55:48.300177
874,25,314.83,Expired,2026-10-08 07:55:48.300177,2022-07-13 07:55:48.300177
875,26,451.32,Paid,2026-10-09 07:55:48.300177,2022-07-12 07:55:48.300177
876,27,203.1,Pending,2026-10-10 07:55:48.300177,2022-07-11 07:55:48.300177
877,28,260.88,Cancelled,2026-10-11 07:55:48.300177,2022-07-10 07:55:48.300177
878,29,183.16,Expired,2026-10-12 07:55:48.300177,2022-07-09 07:55:48.300177
879,30,205.84,Paid,2026-10-13 07:55:48.300177,2022-07-08 07:55:48.300177
880,31,293.28,Pending,2026-10-14 07:55:48.300177,2022-07-07 07:55:48.300177
881,32,396.04,Cancelled,2026-10-15 07:55:48.300177,2022-07-06 07:55:48.300177
882,33,406.76,Expired,2026-10-16 07:55:48.300177,2022-07-05 07:55:48.300177
883,34,399.8,Paid,2026-10-17 07:55:48.300177,2022-07-04 07:55:48.300177
884,35,39.53,Pending,2026-10-18 07:55:48.300177,2022-07-03 07:55:48.300177
885,36,476.78,Cancelled,2026-10-19 07:55:48.300177,2022-07-02 07:55:48.300177
886,37,280.36,Expired,2026-10-20 07:55:48.300177,2022-07-01 07:55:48.300177
887,38,326.9,Paid,2026-10-21 07:55:48.300177,2022-06-30 07:55:48.300177
888,39,51.7,Pending,2026-10-22 07:55:48.300177,2022-06-29 07:55:48.300177
889,40,165.47,Cancelled,2026-10-23 07:55:48.300177,2022-06-28 07:55:48.300177
890,41,25.91,Expired,2026-10-24 07:55:48.300177,2022-06-27 07:55:48.300177
891,42,322.56,Paid,2026-10-25 07:55:48.300177,2022-06-26 07:55:48.300177
892,43,150.37,Pending,2026-10-26 07:55:48.300177,2022-06-25 07:55:48.300177
893,44,76.19,Cancelled,2026-10-27 07:55:48.300177,2022-06-24 07:55:48.300177
894,45,149.31,Expired,2026-10-28 07:55:48.300177,2022-06-23 07:55:48.300177
895,46,388.35,Paid,2026-10-29 07:55:48.300177,2022-06-22 07:55:48.300177
896,47,233.26,Pending,2026-10-30 07:55:48.300177,2022-06-21 07:55:48.300177
897,48,408.96,Cancelled,2026-10-31 07:55:48.300177,2022-06-20 07:55:48.300177
898,49,353.38,Expired,2026-11-01 07:55:48.300177,2022-06-19 07:55:48.300177
899,50,158.41,Paid,2026-11-02 07:55:48.300177,2022-06-18 07:55:48.300177
900,1,499.96,Pending,2026-11-03 07:55:48.300177,2022-06-17 07:55:48.300177
901,2,21.59,Cancelled,2026-11-04 07:55:48.300177,2022-06-16 07:55:48.300177
902,3,254.19,Expired,2026-11-05 07:55:48.300177,2022-06-15 07:55:48.300177
903,4,344.34,Paid,2026-11-06 07:55:48.300177,2022-06-14 07:55:48.300177
904,5,303.48,Pending,2026-11-07 07:55:48.300177,2022-06-13 07:55:48.300177
905,6,348.04,Cancelled,2026-11-08 07:55:48.300177,2022-06-12 07:55:48.300177
906,7,71.45,Expired,2026-11-09 07:55:48.300177,2022-06-11 07:55:48.300177
907,8,405.84,Paid,2026-11-10 07:55:48.300177,2022-06-10 07:55:48.300177
908,9,188.42,Pending,2026-11-11 07:55:48.300177,2022-06-09 07:55:48.300177
909,10,9.66,Cancelled,2026-11-12 07:55:48.300177,2022-06-08 07:55:48.300177
910,11,314.85,Expired,2026-11-13 07:55:48.300177,2022-06-07 07:55:48.300177
911,12,23.08,Paid,2026-11-14 07:55:48.300177,2022-06-06 07:55:48.300177
912,13,8.94,Pending,2026-11-15 07:55:48.300177,2022-06-05 07:55:48.300177
913,14,477.68,Cancelled,2026-11-16 07:55:48.300177,2022-06-04 07:55:48.300177
914,15,28.36,Expired,2026-11-17 07:55:48.300177,2022-06-03 07:55:48.300177
915,16,324.63,Paid,2026-11-18 07:55:48.300177,2022-06-02 07:55:48.300177
916,17,176.3,Pending,2026-11-19 07:55:48.300177,2022-06-01 07:55:48.300177
917,18,190.44,Cancelled,2026-11-20 07:55:48.300177,2022-05-31 07:55:48.300177
918,19,216.49,Expired,2026-11-21 07:55:48.300177,2022-05-30 07:55:48.300177
919,20,246.45,Paid,2026-11-22 07:55:48.300177,2022-05-29 07:55:48.300177
920,21,229.84,Pending,2026-11-23 07:55:48.300177,2022-05-28 07:55:48.300177
921,22,294.07,Cancelled,2026-11-24 07:55:48.300177,2022-05-27 07:55:48.300177
922,23,187.99,Expired,2026-11-25 07:55:48.300177,2022-05-26 07:55:48.300177
923,24,146.01,Paid,2026-11-26 07:55:48.300177,2022-05-25 07:55:48.300177
924,25,230.01,Pending,2026-11-27 07:55:48.300177,2022-05-24 07:55:48.300177
925,26,197.45,Cancelled,2026-11-28 07:55:48.300177,2022-05-23 07:55:48.300177
926,27,62.04,Expired,2026-11-29 07:55:48.300177,2022-05-22 07:55:48.300177
927,28,69.69,Paid,2026-11-30 07:55:48.300177,2022-05-21 07:55:48.300177
928,29,241.71,Pending,2026-12-01 07:55:48.300177,2022-05-20 07:55:48.300177
929,30,425.87,Cancelled,2026-12-02 07:55:48.300177,2022-05-19 07:55:48.300177
930,31,381.97,Expired,2026-12-03 07:55:48.300177,2022-05-18 07:55:48.300177
931,32,107.11,Paid,2026-12-04 07:55:48.300177,2022-05-17 07:55:48.300177
932,33,474.59,Pending,2026-12-05 07:55:48.300177,2022-05-16 07:55:48.300177
933,34,438.81,Cancelled,2026-12-06 07:55:48.300177,2022-05-15 07:55:48.300177
934,35,37.55,Expired,2026-12-07 07:55:48.300177,2022-05-14 07:55:48.300177
935,36,464.59,Paid,2026-12-08 07:55:48.300177,2022-05-13 07:55:48.300177
936,37,419.3,Pending,2026-12-09 07:55:48.300177,2022-05-12 07:55:48.300177
937,38,487.06,Cancelled,2026-12-10 07:55:48.300177,2022-05-11 07:55:48.300177
938,39,66.0,Expired,2026-12-11 07:55:48.300177,2022-05-10 07:55:48.300177
939,40,441.16,Paid,2026-12-12 07:55:48.300177,2022-05-09 07:55:48.300177
940,41,18.65,Pending,2026-12-13 07:55:48.300177,2022-05-08 07:55:48.300177
941,42,418.09,Cancelled,2026-12-14 07:55:48.300177,2022-05-07 07:55:48.300177
942,43,264.95,Expired,2026-12-15 07:55:48.300177,2022-05-06 07:55:48.300177
943,44,498.27,Paid,2026-12-16 07:55:48.300177,2022-05-05 07:55:48.300177
944,45,127.26,Pending,2026-12-17 07:55:48.300177,2022-05-04 07:55:48.300177
945,46,265.47,Cancelled,2026-12-18 07:55:48.300177,2022-05-03 07:55:48.300177
946,47,231.67,Expired,2026-12-19 07:55:48.300177,2022-05-02 07:55:48.300177
947,48,222.14,Paid,2026-12-20 07:55:48.300177,2022-05-01 07:55:48.300177
948,49,85.77,Pending,2026-12-21 07:55:48.300177,2022-04-30 07:55:48.300177
949,50,250.91,Cancelled,2026-12-22 07:55:48.300177,2022-04-29 07:55:48.300177
950,1,337.04,Expired,2026-12-23 07:55:48.300177,2022-04-28 07:55:48.300177
951,2,491.9,Paid,2026-12-24 07:55:48.300177,2022-04-27 07:55:48.300177
952,3,394.05,Pending,2026-12-25 07:55:48.300177,2022-04-26 07:55:48.300177
953,4,484.28,Cancelled,2026-12-26 07:55:48.300177,2022-04-25 07:55:48.300177
954,5,340.57,Expired,2026-12-27 07:55:48.300177,2022-04-24 07:55:48.300177
955,6,184.62,Paid,2026-12-28 07:55:48.300177,2022-04-23 07:55:48.300177
956,7,446.43,Pending,2026-12-29 07:55:48.300177,2022-04-22 07:55:48.300177
957,8,18.16,Cancelled,2026-12-30 07:55:48.300177,2022-04-21 07:55:48.300177
958,9,264.69,Expired,2026-12-31 07:55:48.300177,2022-04-20 07:55:48.300177
959,10,279.0,Paid,2027-01-01 07:55:48.300177,2022-04-19 07:55:48.300177
960,11,458.47,Pending,2027-01-02 07:55:48.300177,2022-04-18 07:55:48.300177
961,12,325.49,Cancelled,2027-01-03 07:55:48.300177,2022-04-17 07:55:48.300177
962,13,128.27,Expired,2027-01-04 07:55:48.300177,2022-04-16 07:55:48.300177
963,14,313.11,Paid,2027-01-05 07:55:48.300177,2022-04-15 07:55:48.300177
964,15,195.06,Pending,2027-01-06 07:55:48.300177,2022-04-14 07:55:48.300177
965,16,149.98,Cancelled,2027-01-07 07:55:48.300177,2022-04-13 07:55:48.300177
966,17,118.02,Expired,2027-01-08 07:55:48.300177,2022-04-12 07:55:48.300177
967,18,21.24,Paid,2027-01-09 07:55:48.300177,2022-04-11 07:55:48.300177
968,19,411.31,Pending,2027-01-10 07:55:48.300177,2022-04-10 07:55:48.300177
969,20,184.28,Cancelled,2027-01-11 07:55:48.300177,2022-04-09 07:55:48.300177
970,21,372.51,Expired,2027-01-12 07:55:48.300177,2022-04-08 07:55:48.300177
971,22,123.06,Paid,2027-01-13 07:55:48.300177,2022-04-07 07:55:48.300177
972,23,57.85,Pending,2027-01-14 07:55:48.300177,2022-04-06 07:55:48.300177
973,24,166.06,Cancelled,2027-01-15 07:55:48.300177,2022-04-05 07:55:48.300177
974,25,209.68,Expired,2027-01-16 07:55:48.300177,2022-04-04 07:55:48.300177
975,26,81.09,Paid,2027-01-17 07:55:48.300177,2022-04-03 07:55:48.300177
976,27,428.51,Pending,2027-01-18 07:55:48.300177,2022-04-02 07:55:48.300177
977,28,230.91,Cancelled,2027-01-19 07:55:48.300177,2022-04-01 07:55:48.300177
978,29,232.04,Expired,2027-01-20 07:55:48.300177,2022-03-31 07:55:48.300177
979,30,136.34,Paid,2027-01-21 07:55:48.300177,2022-03-30 07:55:48.300177
980,31,448.79,Pending,2027-01-22 07:55:48.300177,2022-03-29 07:55:48.300177
981,32,307.24,Cancelled,2027-01-23 07:55:48.300177,2022-03-28 07:55:48.300177
982,33,251.42,Expired,2027-01-24 07:55:48.300177,2022-03-27 07:55:48.300177
983,34,195.71,Paid,2027-01-25 07:55:48.300177,2022-03-26 07:55:48.300177
984,35,7.01,Pending,2027-01-26 07:55:48.300177,2022-03-25 07:55:48.300177
985,36,293.01,Cancelled,2027-01-27 07:55:48.300177,2022-03-24 07:55:48.300177
986,37,40.36,Expired,2027-01-28 07:55:48.300177,2022-03-23 07:55:48.300177
987,38,87.23,Paid,2027-01-29 07:55:48.300177,2022-03-22 07:55:48.300177
988,39,413.67,Pending,2027-01-30 07:55:48.300177,2022-03-21 07:55:48.300177
989,40,380.99,Cancelled,2027-01-31 07:55:48.300177,2022-03-20 07:55:48.300177
990,41,12.87,Expired,2027-02-01 07:55:48.300177,2022-03-19 07:55:48.300177
991,42,143.6,Paid,2027-02-02 07:55:48.300177,2022-03-18 07:55:48.300177
992,43,169.37,Pending,2027-02-03 07:55:48.300177,2022-03-17 07:55:48.300177
993,44,335.1,Cancelled,2027-02-04 07:55:48.300177,2022-03-16 07:55:48.300177
994,45,482.17,Expired,2027-02-05 07:55:48.300177,2022-03-15 07:55:48.300177
995,46,382.27,Paid,2027-02-06 07:55:48.300177,2022-03-14 07:55:48.300177
996,47,414.86,Pending,2027-02-07 07:55:48.300177,2022-03-13 07:55:48.300177
997,48,9.09,Cancelled,2027-02-08 07:55:48.300177,2022-03-12 07:55:48.300177
998,49,125.33,Expired,2027-02-09 07:55:48.300177,2022-03-11 07:55:48.300177
999,50,246.94,Paid,2027-02-10 07:55:48.300177,2022-03-10 07:55:48.300177
1000,1,299.21,Pending,2027-02-11 07:55:48.300177,2022-03-09 07:55:48.300177
