id,date,reference_reservation_id,room_id,guest_id
1,2024-08-24,2,2,2
2,2024-08-23,3,3,3
3,2024-08-22,4,4,4
4,2024-08-21,5,5,5
5,2024-08-20,6,6,6
6,2024-08-19,7,7,7
7,2024-08-18,8,8,8
8,2024-08-17,9,9,9
9,2024-08-16,10,10,10
10,2024-08-15,11,11,11
11,2024-08-14,12,12,12
12,2024-08-13,13,13,13
13,2024-08-12,14,14,14
14,2024-08-11,15,15,15
15,2024-08-10,16,16,16
16,2024-08-09,17,17,17
17,2024-08-08,18,18,18
18,2024-08-07,19,19,19
19,2024-08-06,20,20,20
20,2024-08-05,21,21,21
21,2024-08-04,22,22,22
22,2024-08-03,23,23,23
23,2024-08-02,24,24,24
24,2024-08-01,25,25,25
25,2024-07-31,26,26,26
26,2024-07-30,27,27,27
27,2024-07-29,28,28,28
28,2024-07-28,29,29,29
29,2024-07-27,30,30,30
30,2024-07-26,31,31,31
31,2024-07-25,32,32,32
32,2024-07-24,33,33,33
33,2024-07-23,34,34,34
34,2024-07-22,35,35,35
35,2024-07-21,36,36,36
36,2024-07-20,37,37,37
37,2024-07-19,38,38,38
38,2024-07-18,39,39,39
39,2024-07-17,40,40,40
40,2024-07-16,41,41,41
41,2024-07-15,42,42,42
42,2024-07-14,43,43,43
43,2024-07-13,44,44,44
44,2024-07-12,45,45,45
45,2024-07-11,46,46,46
46,2024-07-10,47,47,47
47,2024-07-09,48,48,48
48,2024-07-08,49,49,49
49,2024-07-07,50,50,50
50,2024-07-06,51,51,51
51,2024-07-05,52,52,52
52,2024-07-04,53,53,53
53,2024-07-03,54,54,54
54,2024-07-02,55,55,55
55,2024-07-01,56,56,56
56,2024-06-30,57,57,57
57,2024-06-29,58,58,58
58,2024-06-28,59,59,59
59,2024-06-27,60,60,60
60,2024-06-26,61,61,61
61,2024-06-25,62,62,62
62,2024-06-24,63,63,63
63,2024-06-23,64,64,64
64,2024-06-22,65,65,65
65,2024-06-21,66,66,66
66,2024-06-20,67,67,67
67,2024-06-19,68,68,68
68,2024-06-18,69,69,69
69,2024-06-17,70,70,70
70,2024-06-16,71,71,71
71,2024-06-15,72,72,72
72,2024-06-14,73,73,73
73,2024-06-13,74,74,74
74,2024-06-12,75,75,75
75,2024-06-11,76,76,76
76,2024-06-10,77,77,77
77,2024-06-09,78,78,78
78,2024-06-08,79,79,79
79,2024-06-07,80,80,80
80,2024-06-06,81,81,81
81,2024-06-05,82,82,82
82,2024-06-04,83,83,83
83,2024-06-03,84,84,84
84,2024-06-02,85,85,85
85,2024-06-01,86,86,86
86,2024-05-31,87,87,87
87,2024-05-30,88,88,88
88,2024-05-29,89,89,89
89,2024-05-28,90,90,90
90,2024-05-27,91,91,91
91,2024-05-26,92,92,92
92,2024-05-25,93,93,93
93,2024-05-24,94,94,94
94,2024-05-23,95,95,95
95,2024-05-22,96,96,96
96,2024-05-21,97,97,97
97,2024-05-20,98,98,98
98,2024-05-19,99,99,99
99,2024-05-18,100,100,100
100,2024-05-17,101,101,101
101,2024-05-16,102,102,102
102,2024-05-15,103,103,103
103,2024-05-14,104,104,104
104,2024-05-13,105,105,105
105,2024-05-12,106,106,106
106,2024-05-11,107,107,107
107,2024-05-10,108,108,108
108,2024-05-09,109,109,109
109,2024-05-08,110,110,110
110,2024-05-07,111,111,111
111,2024-05-06,112,112,112
112,2024-05-05,113,113,113
113,2024-05-04,114,114,114
114,2024-05-03,115,115,115
115,2024-05-02,116,116,116
116,2024-05-01,117,117,117
117,2024-04-30,118,118,118
118,2024-04-29,119,119,119
119,2024-04-28,120,120,120
120,2024-04-27,121,121,121
121,2024-04-26,122,122,122
122,2024-04-25,123,123,123
123,2024-04-24,124,124,124
124,2024-04-23,125,125,125
125,2024-04-22,126,126,126
126,2024-04-21,127,127,127
127,2024-04-20,128,128,128
128,2024-04-19,129,129,129
129,2024-04-18,130,130,130
130,2024-04-17,131,131,131
131,2024-04-16,132,132,132
132,2024-04-15,133,133,133
133,2024-04-14,134,134,134
134,2024-04-13,135,135,135
135,2024-04-12,136,136,136
136,2024-04-11,137,137,137
137,2024-04-10,138,138,138
138,2024-04-09,139,139,139
139,2024-04-08,140,140,140
140,2024-04-07,141,141,141
141,2024-04-06,142,142,142
142,2024-04-05,143,143,143
143,2024-04-04,144,144,144
144,2024-04-03,145,145,145
145,2024-04-02,146,146,146
146,2024-04-01,147,147,147
147,2024-03-31,148,148,148
148,2024-03-30,149,149,149
149,2024-03-29,150,150,150
150,2024-03-28,151,151,151
151,2024-03-27,152,152,152
152,2024-03-26,153,153,153
153,2024-03-25,154,154,154
154,2024-03-24,155,155,155
155,2024-03-23,156,156,156
156,2024-03-22,157,157,157
157,2024-03-21,158,158,158
158,2024-03-20,159,159,159
159,2024-03-19,160,160,160
160,2024-03-18,161,161,161
161,2024-03-17,162,162,162
162,2024-03-16,163,163,163
163,2024-03-15,164,164,164
164,2024-03-14,165,165,165
165,2024-03-13,166,166,166
166,2024-03-12,167,167,167
167,2024-03-11,168,168,168
168,2024-03-10,169,169,169
169,2024-03-09,170,170,170
170,2024-03-08,171,171,171
171,2024-03-07,172,172,172
172,2024-03-06,173,173,173
173,2024-03-05,174,174,174
174,2024-03-04,175,175,175
175,2024-03-03,176,176,176
176,2024-03-02,177,177,177
177,2024-03-01,178,178,178
178,2024-02-29,179,179,179
179,2024-02-28,180,180,180
180,2024-02-27,181,181,181
181,2024-02-26,182,182,182
182,2024-02-25,183,183,183
183,2024-02-24,184,184,184
184,2024-02-23,185,185,185
185,2024-02-22,186,186,186
186,2024-02-21,187,187,187
187,2024-02-20,188,188,188
188,2024-02-19,189,189,189
189,2024-02-18,190,190,190
190,2024-02-17,191,191,191
191,2024-02-16,192,192,192
192,2024-02-15,193,193,193
193,2024-02-14,194,194,194
194,2024-02-13,195,195,195
195,2024-02-12,196,196,196
196,2024-02-11,197,197,197
197,2024-02-10,198,198,198
198,2024-02-09,199,199,199
199,2024-02-08,200,200,200
200,2024-02-07,201,201,201
201,2024-02-06,202,202,202
202,2024-02-05,203,203,203
203,2024-02-04,204,204,204
204,2024-02-03,205,205,205
205,2024-02-02,206,206,206
206,2024-02-01,207,207,207
207,2024-01-31,208,208,208
208,2024-01-30,209,209,209
209,2024-01-29,210,210,210
210,2024-01-28,211,211,211
211,2024-01-27,212,212,212
212,2024-01-26,213,213,213
213,2024-01-25,214,214,214
214,2024-01-24,215,215,215
215,2024-01-23,216,216,216
216,2024-01-22,217,217,217
217,2024-01-21,218,218,218
218,2024-01-20,219,219,219
219,2024-01-19,220,220,220
220,2024-01-18,221,221,221
221,2024-01-17,222,222,222
222,2024-01-16,223,223,223
223,2024-01-15,224,224,224
224,2024-01-14,225,225,225
225,2024-01-13,226,226,226
226,2024-01-12,227,227,227
227,2024-01-11,228,228,228
228,2024-01-10,229,229,229
229,2024-01-09,230,230,230
230,2024-01-08,231,231,231
231,2024-01-07,232,232,232
232,2024-01-06,233,233,233
233,2024-01-05,234,234,234
234,2024-01-04,235,235,235
235,2024-01-03,236,236,236
236,2024-01-02,237,237,237
237,2024-01-01,238,238,238
238,2023-12-31,239,239,239
239,2023-12-30,240,240,240
240,2023-12-29,241,241,241
241,2023-12-28,242,242,242
242,2023-12-27,243,243,243
243,2023-12-26,244,244,244
244,2023-12-25,245,245,245
245,2023-12-24,246,246,246
246,2023-12-23,247,247,247
247,2023-12-22,248,248,248
248,2023-12-21,249,249,249
249,2023-12-20,250,250,250
250,2023-12-19,251,251,251
251,2023-12-18,252,252,252
252,2023-12-17,253,253,253
253,2023-12-16,254,254,254
254,2023-12-15,255,255,255
255,2023-12-14,256,256,256
256,2023-12-13,257,257,257
257,2023-12-12,258,258,258
258,2023-12-11,259,259,259
259,2023-12-10,260,260,260
260,2023-12-09,261,261,261
261,2023-12-08,262,262,262
262,2023-12-07,263,263,263
263,2023-12-06,264,264,264
264,2023-12-05,265,265,265
265,2023-12-04,266,266,266
266,2023-12-03,267,267,267
267,2023-12-02,268,268,268
268,2023-12-01,269,269,269
269,2023-11-30,270,270,270
270,2023-11-29,271,271,271
271,2023-11-28,272,272,272
272,2023-11-27,273,273,273
273,2023-11-26,274,274,274
274,2023-11-25,275,275,275
275,2023-11-24,276,276,276
276,2023-11-23,277,277,277
277,2023-11-22,278,278,278
278,2023-11-21,279,279,279
279,2023-11-20,280,280,280
280,2023-11-19,281,281,281
281,2023-11-18,282,282,282
282,2023-11-17,283,283,283
283,2023-11-16,284,284,284
284,2023-11-15,285,285,285
285,2023-11-14,286,286,286
286,2023-11-13,287,287,287
287,2023-11-12,288,288,288
288,2023-11-11,289,289,289
289,2023-11-10,290,290,290
290,2023-11-09,291,291,291
291,2023-11-08,292,292,292
292,2023-11-07,293,293,293
293,2023-11-06,294,294,294
294,2023-11-05,295,295,295
295,2023-11-04,296,296,296
296,2023-11-03,297,297,297
297,2023-11-02,298,298,298
298,2023-11-01,299,299,299
299,2023-10-31,300,300,300
300,2023-10-30,301,301,301
301,2023-10-29,302,302,302
302,2023-10-28,303,303,303
303,2023-10-27,304,304,304
304,2023-10-26,305,305,305
305,2023-10-25,306,306,306
306,2023-10-24,307,307,307
307,2023-10-23,308,308,308
308,2023-10-22,309,309,309
309,2023-10-21,310,310,310
310,2023-10-20,311,311,311
311,2023-10-19,312,312,312
312,2023-10-18,313,313,313
313,2023-10-17,314,314,314
314,2023-10-16,315,315,315
315,2023-10-15,316,316,316
316,2023-10-14,317,317,317
317,2023-10-13,318,318,318
318,2023-10-12,319,319,319
319,2023-10-11,320,320,320
320,2023-10-10,321,321,321
321,2023-10-09,322,322,322
322,2023-10-08,323,323,323
323,2023-10-07,324,324,324
324,2023-10-06,325,325,325
325,2023-10-05,326,326,326
326,2023-10-04,327,327,327
327,2023-10-03,328,328,328
328,2023-10-02,329,329,329
329,2023-10-01,330,330,330
330,2023-09-30,331,331,331
331,2023-09-29,332,332,332
332,2023-09-28,333,333,333
333,2023-09-27,334,334,334
334,2023-09-26,335,335,335
335,2023-09-25,336,336,336
336,2023-09-24,337,337,337
337,2023-09-23,338,338,338
338,2023-09-22,339,339,339
339,2023-09-21,340,340,340
340,2023-09-20,341,341,341
341,2023-09-19,342,342,342
342,2023-09-18,343,343,343
343,2023-09-17,344,344,344
344,2023-09-16,345,345,345
345,2023-09-15,346,346,346
346,2023-09-14,347,347,347
347,2023-09-13,348,348,348
348,2023-09-12,349,349,349
349,2023-09-11,350,350,350
350,2023-09-10,351,351,351
351,2023-09-09,352,352,352
352,2023-09-08,353,353,353
353,2023-09-07,354,354,354
354,2023-09-06,355,355,355
355,2023-09-05,356,356,356
356,2023-09-04,357,357,357
357,2023-09-03,358,358,358
358,2023-09-02,359,359,359
359,2023-09-01,360,360,360
360,2023-08-31,361,361,361
361,2023-08-30,362,362,362
362,2023-08-29,363,363,363
363,2023-08-28,364,364,364
364,2023-08-27,365,365,365
365,2024-08-25,366,366,366
366,2024-08-24,367,367,367
367,2024-08-23,368,368,368
368,2024-08-22,369,369,369
369,2024-08-21,370,370,370
370,2024-08-20,371,371,371
371,2024-08-19,372,372,372
372,2024-08-18,373,373,373
373,2024-08-17,374,374,374
374,2024-08-16,375,375,375
375,2024-08-15,376,376,376
376,2024-08-14,377,377,377
377,2024-08-13,378,378,378
378,2024-08-12,379,379,379
379,2024-08-11,380,380,380
380,2024-08-10,381,381,381
381,2024-08-09,382,382,382
382,2024-08-08,383,383,383
383,2024-08-07,384,384,384
384,2024-08-06,385,385,385
385,2024-08-05,386,386,386
386,2024-08-04,387,387,387
387,2024-08-03,388,388,388
388,2024-08-02,389,389,389
389,2024-08-01,390,390,390
390,2024-07-31,391,391,391
391,2024-07-30,392,392,392
392,2024-07-29,393,393,393
393,2024-07-28,394,394,394
394,2024-07-27,395,395,395
395,2024-07-26,396,396,396
396,2024-07-25,397,397,397
397,2024-07-24,398,398,398
398,2024-07-23,399,399,399
399,2024-07-22,400,400,400
400,2024-07-21,401,401,401
401,2024-07-20,402,402,402
402,2024-07-19,403,403,403
403,2024-07-18,404,404,404
404,2024-07-17,405,405,405
405,2024-07-16,406,406,406
406,2024-07-15,407,407,407
407,2024-07-14,408,408,408
408,2024-07-13,409,409,409
409,2024-07-12,410,410,410
410,2024-07-11,411,411,411
411,2024-07-10,412,412,412
412,2024-07-09,413,413,413
413,2024-07-08,414,414,414
414,2024-07-07,415,415,415
415,2024-07-06,416,416,416
416,2024-07-05,417,417,417
417,2024-07-04,418,418,418
418,2024-07-03,419,419,419
419,2024-07-02,420,420,420
420,2024-07-01,421,421,421
421,2024-06-30,422,422,422
422,2024-06-29,423,423,423
423,2024-06-28,424,424,424
424,2024-06-27,425,425,425
425,2024-06-26,426,426,426
426,2024-06-25,427,427,427
427,2024-06-24,428,428,428
428,2024-06-23,429,429,429
429,2024-06-22,430,430,430
430,2024-06-21,431,431,431
431,2024-06-20,432,432,432
432,2024-06-19,433,433,433
433,2024-06-18,434,434,434
434,2024-06-17,435,435,435
435,2024-06-16,436,436,436
436,2024-06-15,437,437,437
437,2024-06-14,438,438,438
438,2024-06-13,439,439,439
439,2024-06-12,440,440,440
440,2024-06-11,441,441,441
441,2024-06-10,442,442,442
442,2024-06-09,443,443,443
443,2024-06-08,444,444,444
444,2024-06-07,445,445,445
445,2024-06-06,446,446,446
446,2024-06-05,447,447,447
447,2024-06-04,448,448,448
448,2024-06-03,449,449,449
449,2024-06-02,450,450,450
450,2024-06-01,451,451,451
451,2024-05-31,452,452,452
452,2024-05-30,453,453,453
453,2024-05-29,454,454,454
454,2024-05-28,455,455,455
455,2024-05-27,456,456,456
456,2024-05-26,457,457,457
457,2024-05-25,458,458,458
458,2024-05-24,459,459,459
459,2024-05-23,460,460,460
460,2024-05-22,461,461,461
461,2024-05-21,462,462,462
462,2024-05-20,463,463,463
463,2024-05-19,464,464,464
464,2024-05-18,465,465,465
465,2024-05-17,466,466,466
466,2024-05-16,467,467,467
467,2024-05-15,468,468,468
468,2024-05-14,469,469,469
469,2024-05-13,470,470,470
470,2024-05-12,471,471,471
471,2024-05-11,472,472,472
472,2024-05-10,473,473,473
473,2024-05-09,474,474,474
474,2024-05-08,475,475,475
475,2024-05-07,476,476,476
476,2024-05-06,477,477,477
477,2024-05-05,478,478,478
478,2024-05-04,479,479,479
479,2024-05-03,480,480,480
480,2024-05-02,481,481,481
481,2024-05-01,482,482,482
482,2024-04-30,483,483,483
483,2024-04-29,484,484,484
484,2024-04-28,485,485,485
485,2024-04-27,486,486,486
486,2024-04-26,487,487,487
487,2024-04-25,488,488,488
488,2024-04-24,489,489,489
489,2024-04-23,490,490,490
490,2024-04-22,491,491,491
491,2024-04-21,492,492,492
492,2024-04-20,493,493,493
493,2024-04-19,494,494,494
494,2024-04-18,495,495,495
495,2024-04-17,496,496,496
496,2024-04-16,497,497,497
497,2024-04-15,498,498,498
498,2024-04-14,499,499,499
499,2024-04-13,500,500,500
500,2024-04-12,501,1,501
501,2024-04-11,502,2,502
502,2024-04-10,503,3,503
503,2024-04-09,504,4,504
504,2024-04-08,505,5,505
505,2024-04-07,506,6,506
506,2024-04-06,507,7,507
507,2024-04-05,508,8,508
508,2024-04-04,509,9,509
509,2024-04-03,510,10,510
510,2024-04-02,511,11,511
511,2024-04-01,512,12,512
512,2024-03-31,513,13,513
513,2024-03-30,514,14,514
514,2024-03-29,515,15,515
515,2024-03-28,516,16,516
516,2024-03-27,517,17,517
517,2024-03-26,518,18,518
518,2024-03-25,519,19,519
519,2024-03-24,520,20,520
520,2024-03-23,521,21,521
521,2024-03-22,522,22,522
522,2024-03-21,523,23,523
523,2024-03-20,524,24,524
524,2024-03-19,525,25,525
525,2024-03-18,526,26,526
526,2024-03-17,527,27,527
527,2024-03-16,528,28,528
528,2024-03-15,529,29,529
529,2024-03-14,530,30,530
530,2024-03-13,531,31,531
531,2024-03-12,532,32,532
532,2024-03-11,533,33,533
533,2024-03-10,534,34,534
534,2024-03-09,535,35,535
535,2024-03-08,536,36,536
536,2024-03-07,537,37,537
537,2024-03-06,538,38,538
538,2024-03-05,539,39,539
539,2024-03-04,540,40,540
540,2024-03-03,541,41,541
541,2024-03-02,542,42,542
542,2024-03-01,543,43,543
543,2024-02-29,544,44,544
544,2024-02-28,545,45,545
545,2024-02-27,546,46,546
546,2024-02-26,547,47,547
547,2024-02-25,548,48,548
548,2024-02-24,549,49,549
549,2024-02-23,550,50,550
550,2024-02-22,551,51,551
551,2024-02-21,552,52,552
552,2024-02-20,553,53,553
553,2024-02-19,554,54,554
554,2024-02-18,555,55,555
555,2024-02-17,556,56,556
556,2024-02-16,557,57,557
557,2024-02-15,558,58,558
558,2024-02-14,559,59,559
559,2024-02-13,560,60,560
560,2024-02-12,561,61,561
561,2024-02-11,562,62,562
562,2024-02-10,563,63,563
563,2024-02-09,564,64,564
564,2024-02-08,565,65,565
565,2024-02-07,566,66,566
566,2024-02-06,567,67,567
567,2024-02-05,568,68,568
568,2024-02-04,569,69,569
569,2024-02-03,570,70,570
570,2024-02-02,571,71,571
571,2024-02-01,572,72,572
572,2024-01-31,573,73,573
573,2024-01-30,574,74,574
574,2024-01-29,575,75,575
575,2024-01-28,576,76,576
576,2024-01-27,577,77,577
577,2024-01-26,578,78,578
578,2024-01-25,579,79,579
579,2024-01-24,580,80,580
580,2024-01-23,581,81,581
581,2024-01-22,582,82,582
582,2024-01-21,583,83,583
583,2024-01-20,584,84,584
584,2024-01-19,585,85,585
585,2024-01-18,586,86,586
586,2024-01-17,587,87,587
587,2024-01-16,588,88,588
588,2024-01-15,589,89,589
589,2024-01-14,590,90,590
590,2024-01-13,591,91,591
591,2024-01-12,592,92,592
592,2024-01-11,593,93,593
593,2024-01-10,594,94,594
594,2024-01-09,595,95,595
595,2024-01-08,596,96,596
596,2024-01-07,597,97,597
597,2024-01-06,598,98,598
598,2024-01-05,599,99,599
599,2024-01-04,600,100,600
600,2024-01-03,601,101,601
601,2024-01-02,602,102,602
602,2024-01-01,603,103,603
603,2023-12-31,604,104,604
604,2023-12-30,605,105,605
605,2023-12-29,606,106,606
606,2023-12-28,607,107,607
607,2023-12-27,608,108,608
608,2023-12-26,609,109,609
609,2023-12-25,610,110,610
610,2023-12-24,611,111,611
611,2023-12-23,612,112,612
612,2023-12-22,613,113,613
613,2023-12-21,614,114,614
614,2023-12-20,615,115,615
615,2023-12-19,616,116,616
616,2023-12-18,617,117,617
617,2023-12-17,618,118,618
618,2023-12-16,619,119,619
619,2023-12-15,620,120,620
620,2023-12-14,621,121,621
621,2023-12-13,622,122,622
622,2023-12-12,623,123,623
623,2023-12-11,624,124,624
624,2023-12-10,625,125,625
625,2023-12-09,626,126,626
626,2023-12-08,627,127,627
627,2023-12-07,628,128,628
628,2023-12-06,629,129,629
629,2023-12-05,630,130,630
630,2023-12-04,631,131,631
631,2023-12-03,632,132,632
632,2023-12-02,633,133,633
633,2023-12-01,634,134,634
634,2023-11-30,635,135,635
635,2023-11-29,636,136,636
636,2023-11-28,637,137,637
637,2023-11-27,638,138,638
638,2023-11-26,639,139,639
639,2023-11-25,640,140,640
640,2023-11-24,641,141,641
641,2023-11-23,642,142,642
642,2023-11-22,643,143,643
643,2023-11-21,644,144,644
644,2023-11-20,645,145,645
645,2023-11-19,646,146,646
646,2023-11-18,647,147,647
647,2023-11-17,648,148,648
648,2023-11-16,649,149,649
649,2023-11-15,650,150,650
650,2023-11-14,651,151,651
651,2023-11-13,652,152,652
652,2023-11-12,653,153,653
653,2023-11-11,654,154,654
654,2023-11-10,655,155,655
655,2023-11-09,656,156,656
656,2023-11-08,657,157,657
657,2023-11-07,658,158,658
658,2023-11-06,659,159,659
659,2023-11-05,660,160,660
660,2023-11-04,661,161,661
661,2023-11-03,662,162,662
662,2023-11-02,663,163,663
663,2023-11-01,664,164,664
664,2023-10-31,665,165,665
665,2023-10-30,666,166,666
666,2023-10-29,667,167,667
667,2023-10-28,668,168,668
668,2023-10-27,669,169,669
669,2023-10-26,670,170,670
670,2023-10-25,671,171,671
671,2023-10-24,672,172,672
672,2023-10-23,673,173,673
673,2023-10-22,674,174,674
674,2023-10-21,675,175,675
675,2023-10-20,676,176,676
676,2023-10-19,677,177,677
677,2023-10-18,678,178,678
678,2023-10-17,679,179,679
679,2023-10-16,680,180,680
680,2023-10-15,681,181,681
681,2023-10-14,682,182,682
682,2023-10-13,683,183,683
683,2023-10-12,684,184,684
684,2023-10-11,685,185,685
685,2023-10-10,686,186,686
686,2023-10-09,687,187,687
687,2023-10-08,688,188,688
688,2023-10-07,689,189,689
689,2023-10-06,690,190,690
690,2023-10-05,691,191,691
691,2023-10-04,692,192,692
692,2023-10-03,693,193,693
693,2023-10-02,694,194,694
694,2023-10-01,695,195,695
695,2023-09-30,696,196,696
696,2023-09-29,697,197,697
697,2023-09-28,698,198,698
698,2023-09-27,699,199,699
699,2023-09-26,700,200,700
700,2023-09-25,701,201,701
701,2023-09-24,702,202,702
702,2023-09-23,703,203,703
703,2023-09-22,704,204,704
704,2023-09-21,705,205,705
705,2023-09-20,706,206,706
706,2023-09-19,707,207,707
707,2023-09-18,708,208,708
708,2023-09-17,709,209,709
709,2023-09-16,710,210,710
710,2023-09-15,711,211,711
711,2023-09-14,712,212,712
712,2023-09-13,713,213,713
713,2023-09-12,714,214,714
714,2023-09-11,715,215,715
715,2023-09-10,716,216,716
716,2023-09-09,717,217,717
717,2023-09-08,718,218,718
718,2023-09-07,719,219,719
719,2023-09-06,720,220,720
720,2023-09-05,721,221,721
721,2023-09-04,722,222,722
722,2023-09-03,723,223,723
723,2023-09-02,724,224,724
724,2023-09-01,725,225,725
725,2023-08-31,726,226,726
726,2023-08-30,727,227,727
727,2023-08-29,728,228,728
728,2023-08-28,729,229,729
729,2023-08-27,730,230,730
730,2024-08-25,731,231,731
731,2024-08-24,732,232,732
732,2024-08-23,733,233,733
733,2024-08-22,734,234,734
734,2024-08-21,735,235,735
735,2024-08-20,736,236,736
736,2024-08-19,737,237,737
737,2024-08-18,738,238,738
738,2024-08-17,739,239,739
739,2024-08-16,740,240,740
740,2024-08-15,741,241,741
741,2024-08-14,742,242,742
742,2024-08-13,743,243,743
743,2024-08-12,744,244,744
744,2024-08-11,745,245,745
745,2024-08-10,746,246,746
746,2024-08-09,747,247,747
747,2024-08-08,748,248,748
748,2024-08-07,749,249,749
749,2024-08-06,750,250,750
750,2024-08-05,751,251,751
751,2024-08-04,752,252,752
752,2024-08-03,753,253,753
753,2024-08-02,754,254,754
754,2024-08-01,755,255,755
755,2024-07-31,756,256,756
756,2024-07-30,757,257,757
757,2024-07-29,758,258,758
758,2024-07-28,759,259,759
759,2024-07-27,760,260,760
760,2024-07-26,761,261,761
761,2024-07-25,762,262,762
762,2024-07-24,763,263,763
763,2024-07-23,764,264,764
764,2024-07-22,765,265,765
765,2024-07-21,766,266,766
766,2024-07-20,767,267,767
767,2024-07-19,768,268,768
768,2024-07-18,769,269,769
769,2024-07-17,770,270,770
770,2024-07-16,771,271,771
771,2024-07-15,772,272,772
772,2024-07-14,773,273,773
773,2024-07-13,774,274,774
774,2024-07-12,775,275,775
775,2024-07-11,776,276,776
776,2024-07-10,777,277,777
777,2024-07-09,778,278,778
778,2024-07-08,779,279,779
779,2024-07-07,780,280,780
780,2024-07-06,781,281,781
781,2024-07-05,782,282,782
782,2024-07-04,783,283,783
783,2024-07-03,784,284,784
784,2024-07-02,785,285,785
785,2024-07-01,786,286,786
786,2024-06-30,787,287,787
787,2024-06-29,788,288,788
788,2024-06-28,789,289,789
789,2024-06-27,790,290,790
790,2024-06-26,791,291,791
791,2024-06-25,792,292,792
792,2024-06-24,793,293,793
793,2024-06-23,794,294,794
794,2024-06-22,795,295,795
795,2024-06-21,796,296,796
796,2024-06-20,797,297,797
797,2024-06-19,798,298,798
798,2024-06-18,799,299,799
799,2024-06-17,800,300,800
800,2024-06-16,801,301,801
801,2024-06-15,802,302,802
802,2024-06-14,803,303,803
803,2024-06-13,804,304,804
804,2024-06-12,805,305,805
805,2024-06-11,806,306,806
806,2024-06-10,807,307,807
807,2024-06-09,808,308,808
808,2024-06-08,809,309,809
809,2024-06-07,810,310,810
810,2024-06-06,811,311,811
811,2024-06-05,812,312,812
812,2024-06-04,813,313,813
813,2024-06-03,814,314,814
814,2024-06-02,815,315,815
815,2024-06-01,816,316,816
816,2024-05-31,817,317,817
817,2024-05-30,818,318,818
818,2024-05-29,819,319,819
819,2024-05-28,820,320,820
820,2024-05-27,821,321,821
821,2024-05-26,822,322,822
822,2024-05-25,823,323,823
823,2024-05-24,824,324,824
824,2024-05-23,825,325,825
825,2024-05-22,826,326,826
826,2024-05-21,827,327,827
827,2024-05-20,828,328,828
828,2024-05-19,829,329,829
829,2024-05-18,830,330,830
830,2024-05-17,831,331,831
831,2024-05-16,832,332,832
832,2024-05-15,833,333,833
833,2024-05-14,834,334,834
834,2024-05-13,835,335,835
835,2024-05-12,836,336,836
836,2024-05-11,837,337,837
837,2024-05-10,838,338,838
838,2024-05-09,839,339,839
839,2024-05-08,840,340,840
840,2024-05-07,841,341,841
841,2024-05-06,842,342,842
842,2024-05-05,843,343,843
843,2024-05-04,844,344,844
844,2024-05-03,845,345,845
845,2024-05-02,846,346,846
846,2024-05-01,847,347,847
847,2024-04-30,848,348,848
848,2024-04-29,849,349,849
849,2024-04-28,850,350,850
850,2024-04-27,851,351,851
851,2024-04-26,852,352,852
852,2024-04-25,853,353,853
853,2024-04-24,854,354,854
854,2024-04-23,855,355,855
855,2024-04-22,856,356,856
856,2024-04-21,857,357,857
857,2024-04-20,858,358,858
858,2024-04-19,859,359,859
859,2024-04-18,860,360,860
860,2024-04-17,861,361,861
861,2024-04-16,862,362,862
862,2024-04-15,863,363,863
863,2024-04-14,864,364,864
864,2024-04-13,865,365,865
865,2024-04-12,866,366,866
866,2024-04-11,867,367,867
867,2024-04-10,868,368,868
868,2024-04-09,869,369,869
869,2024-04-08,870,370,870
870,2024-04-07,871,371,871
871,2024-04-06,872,372,872
872,2024-04-05,873,373,873
873,2024-04-04,874,374,874
874,2024-04-03,875,375,875
875,2024-04-02,876,376,876
876,2024-04-01,877,377,877
877,2024-03-31,878,378,878
878,2024-03-30,879,379,879
879,2024-03-29,880,380,880
880,2024-03-28,881,381,881
881,2024-03-27,882,382,882
882,2024-03-26,883,383,883
883,2024-03-25,884,384,884
884,2024-03-24,885,385,885
885,2024-03-23,886,386,886
886,2024-03-22,887,387,887
887,2024-03-21,888,388,888
888,2024-03-20,889,389,889
889,2024-03-19,890,390,890
890,2024-03-18,891,391,891
891,2024-03-17,892,392,892
892,2024-03-16,893,393,893
893,2024-03-15,894,394,894
894,2024-03-14,895,395,895
895,2024-03-13,896,396,896
896,2024-03-12,897,397,897
897,2024-03-11,898,398,898
898,2024-03-10,899,399,899
899,2024-03-09,900,400,900
900,2024-03-08,901,401,901
901,2024-03-07,902,402,902
902,2024-03-06,903,403,903
903,2024-03-05,904,404,904
904,2024-03-04,905,405,905
905,2024-03-03,906,406,906
906,2024-03-02,907,407,907
907,2024-03-01,908,408,908
908,2024-02-29,909,409,909
909,2024-02-28,910,410,910
910,2024-02-27,911,411,911
911,2024-02-26,912,412,912
912,2024-02-25,913,413,913
913,2024-02-24,914,414,914
914,2024-02-23,915,415,915
915,2024-02-22,916,416,916
916,2024-02-21,917,417,917
917,2024-02-20,918,418,918
918,2024-02-19,919,419,919
919,2024-02-18,920,420,920
920,2024-02-17,921,421,921
921,2024-02-16,922,422,922
922,2024-02-15,923,423,923
923,2024-02-14,924,424,924
924,2024-02-13,925,425,925
925,2024-02-12,926,426,926
926,2024-02-11,927,427,927
927,2024-02-10,928,428,928
928,2024-02-09,929,429,929
929,2024-02-08,930,430,930
930,2024-02-07,931,431,931
931,2024-02-06,932,432,932
932,2024-02-05,933,433,933
933,2024-02-04,934,434,934
934,2024-02-03,935,435,935
935,2024-02-02,936,436,936
936,2024-02-01,937,437,937
937,2024-01-31,938,438,938
938,2024-01-30,939,439,939
939,2024-01-29,940,440,940
940,2024-01-28,941,441,941
941,2024-01-27,942,442,942
942,2024-01-26,943,443,943
943,2024-01-25,944,444,944
944,2024-01-24,945,445,945
945,2024-01-23,946,446,946
946,2024-01-22,947,447,947
947,2024-01-21,948,448,948
948,2024-01-20,949,449,949
949,2024-01-19,950,450,950
950,2024-01-18,951,451,951
951,2024-01-17,952,452,952
952,2024-01-16,953,453,953
953,2024-01-15,954,454,954
954,2024-01-14,955,455,955
955,2024-01-13,956,456,956
956,2024-01-12,957,457,957
957,2024-01-11,958,458,958
958,2024-01-10,959,459,959
959,2024-01-09,960,460,960
960,2024-01-08,961,461,961
961,2024-01-07,962,462,962
962,2024-01-06,963,463,963
963,2024-01-05,964,464,964
964,2024-01-04,965,465,965
965,2024-01-03,966,466,966
966,2024-01-02,967,467,967
967,2024-01-01,968,468,968
968,2023-12-31,969,469,969
969,2023-12-30,970,470,970
970,2023-12-29,971,471,971
971,2023-12-28,972,472,972
972,2023-12-27,973,473,973
973,2023-12-26,974,474,974
974,2023-12-25,975,475,975
975,2023-12-24,976,476,976
976,2023-12-23,977,477,977
977,2023-12-22,978,478,978
978,2023-12-21,979,479,979
979,2023-12-20,980,480,980
980,2023-12-19,981,481,981
981,2023-12-18,982,482,982
982,2023-12-17,983,483,983
983,2023-12-16,984,484,984
984,2023-12-15,985,485,985
985,2023-12-14,986,486,986
986,2023-12-13,987,487,987
987,2023-12-12,988,488,988
988,2023-12-11,989,489,989
989,2023-12-10,990,490,990
990,2023-12-09,991,491,991
991,2023-12-08,992,492,992
992,2023-12-07,993,493,993
993,2023-12-06,994,494,994
994,2023-12-05,995,495,995
995,2023-12-04,996,496,996
996,2023-12-03,997,497,997
997,2023-12-02,998,498,998
998,2023-12-01,999,499,999
999,2023-11-30,1000,500,1000
1000,2023-11-29,1,1,1
