id,reservation_id,check_in_date,check_out_date,room_type,total_room_price,total_discount
1,2,2024-08-26,2024-08-28,double,291.45,18.88
2,3,2024-08-27,2024-08-29,double,179.74,14.38
3,4,2024-08-28,2024-08-30,double,467.62,26.38
4,5,2024-08-29,2024-08-31,double,64.2,11.62
5,6,2024-08-30,2024-09-01,single,454.32,46.45
6,7,2024-08-31,2024-09-02,double,264.2,31.2
7,8,2024-09-01,2024-09-03,double,339.45,22.3
8,9,2024-09-02,2024-09-04,double,128.2,18.34
9,10,2024-09-03,2024-09-05,double,274.49,41.93
10,11,2024-09-04,2024-09-06,single,286.91,47.53
11,12,2024-09-05,2024-09-07,double,126.22,28.97
12,13,2024-09-06,2024-09-08,double,192.85,27.03
13,14,2024-09-07,2024-09-09,double,328.38,25.65
14,15,2024-09-08,2024-09-10,double,469.93,45.35
15,16,2024-09-09,2024-09-11,single,304.42,18.78
16,17,2024-09-10,2024-09-12,double,291.76,35.63
17,18,2024-09-11,2024-09-13,double,276.36,9.01
18,19,2024-09-12,2024-09-14,double,171.96,28.97
19,20,2024-09-13,2024-09-15,double,526.89,16.2
20,21,2024-09-14,2024-09-16,single,70.48,27.25
21,22,2024-09-15,2024-09-17,double,68.25,34.92
22,23,2024-09-16,2024-09-18,double,147.88,15.09
23,24,2024-09-17,2024-09-19,double,121.27,47.41
24,25,2024-09-18,2024-09-20,double,546.57,47.63
25,26,2024-09-19,2024-09-21,single,474.95,27.67
26,27,2024-09-20,2024-09-22,double,247.63,49.26
27,28,2024-09-21,2024-09-23,double,188.36,24.97
28,29,2024-09-22,2024-09-24,double,260.32,1.89
29,30,2024-09-23,2024-09-25,double,194.71,36.1
30,31,2024-08-25,2024-08-27,single,103.74,31.61
31,32,2024-08-26,2024-08-28,double,257.31,9.06
32,33,2024-08-27,2024-08-29,double,356.7,47.51
33,34,2024-08-28,2024-08-30,double,218.72,31.94
34,35,2024-08-29,2024-08-31,double,390.96,26.51
35,36,2024-08-30,2024-09-01,single,242.15,46.6
36,37,2024-08-31,2024-09-02,double,87.61,16.25
37,38,2024-09-01,2024-09-03,double,404.81,29.59
38,39,2024-09-02,2024-09-04,double,227.76,12.59
39,40,2024-09-03,2024-09-05,double,309.7,1.01
40,41,2024-09-04,2024-09-06,single,373.81,17.03
41,42,2024-09-05,2024-09-07,double,300.38,24.49
42,43,2024-09-06,2024-09-08,double,229.89,49.59
43,44,2024-09-07,2024-09-09,double,213.04,48.34
44,45,2024-09-08,2024-09-10,double,420.26,5.62
45,46,2024-09-09,2024-09-11,single,176.02,4.55
46,47,2024-09-10,2024-09-12,double,118.85,48.1
47,48,2024-09-11,2024-09-13,double,166.45,29.72
48,49,2024-09-12,2024-09-14,double,435.51,4.55
49,50,2024-09-13,2024-09-15,double,479.93,23.43
50,51,2024-09-14,2024-09-16,single,134.62,26.53
51,52,2024-09-15,2024-09-17,double,437.98,16.59
52,53,2024-09-16,2024-09-18,double,266.19,18.58
53,54,2024-09-17,2024-09-19,double,499.73,34.66
54,55,2024-09-18,2024-09-20,double,301.09,27.61
55,56,2024-09-19,2024-09-21,single,513.95,12.42
56,57,2024-09-20,2024-09-22,double,221.0,16.77
57,58,2024-09-21,2024-09-23,double,423.22,23.3
58,59,2024-09-22,2024-09-24,double,345.29,42.81
59,60,2024-09-23,2024-09-25,double,445.98,34.04
60,61,2024-08-25,2024-08-27,single,524.97,42.14
61,62,2024-08-26,2024-08-28,double,222.51,34.88
62,63,2024-08-27,2024-08-29,double,276.8,9.1
63,64,2024-08-28,2024-08-30,double,325.91,36.33
64,65,2024-08-29,2024-08-31,double,214.59,13.77
65,66,2024-08-30,2024-09-01,single,346.84,42.3
66,67,2024-08-31,2024-09-02,double,292.77,47.16
67,68,2024-09-01,2024-09-03,double,246.03,16.36
68,69,2024-09-02,2024-09-04,double,356.98,4.45
69,70,2024-09-03,2024-09-05,double,98.78,7.75
70,71,2024-09-04,2024-09-06,single,285.39,3.86
71,72,2024-09-05,2024-09-07,double,93.41,7.08
72,73,2024-09-06,2024-09-08,double,252.32,8.78
73,74,2024-09-07,2024-09-09,double,285.63,40.34
74,75,2024-09-08,2024-09-10,double,294.04,44.59
75,76,2024-09-09,2024-09-11,single,95.41,45.81
76,77,2024-09-10,2024-09-12,double,257.62,12.87
77,78,2024-09-11,2024-09-13,double,283.29,20.02
78,79,2024-09-12,2024-09-14,double,261.98,13.37
79,80,2024-09-13,2024-09-15,double,180.78,30.14
80,81,2024-09-14,2024-09-16,single,52.1,37.18
81,82,2024-09-15,2024-09-17,double,523.52,5.02
82,83,2024-09-16,2024-09-18,double,428.93,39.07
83,84,2024-09-17,2024-09-19,double,445.67,2.13
84,85,2024-09-18,2024-09-20,double,549.76,47.98
85,86,2024-09-19,2024-09-21,single,116.92,12.86
86,87,2024-09-20,2024-09-22,double,115.12,16.58
87,88,2024-09-21,2024-09-23,double,317.21,31.87
88,89,2024-09-22,2024-09-24,double,252.89,21.42
89,90,2024-09-23,2024-09-25,double,353.99,15.06
90,91,2024-08-25,2024-08-27,single,529.76,30.75
91,92,2024-08-26,2024-08-28,double,388.51,3.42
92,93,2024-08-27,2024-08-29,double,132.17,46.7
93,94,2024-08-28,2024-08-30,double,184.45,11.48
94,95,2024-08-29,2024-08-31,double,67.57,18.89
95,96,2024-08-30,2024-09-01,single,358.71,38.93
96,97,2024-08-31,2024-09-02,double,113.11,21.01
97,98,2024-09-01,2024-09-03,double,460.96,3.27
98,99,2024-09-02,2024-09-04,double,340.59,35.19
99,100,2024-09-03,2024-09-05,double,548.8,32.07
100,101,2024-09-04,2024-09-06,single,446.85,19.7
101,102,2024-09-05,2024-09-07,double,247.67,12.63
102,103,2024-09-06,2024-09-08,double,429.4,36.5
103,104,2024-09-07,2024-09-09,double,80.3,47.75
104,105,2024-09-08,2024-09-10,double,143.85,19.5
105,106,2024-09-09,2024-09-11,single,336.25,3.62
106,107,2024-09-10,2024-09-12,double,527.71,4.27
107,108,2024-09-11,2024-09-13,double,497.09,33.6
108,109,2024-09-12,2024-09-14,double,253.15,11.44
109,110,2024-09-13,2024-09-15,double,282.41,40.53
110,111,2024-09-14,2024-09-16,single,297.51,2.09
111,112,2024-09-15,2024-09-17,double,383.13,27.7
112,113,2024-09-16,2024-09-18,double,77.12,12.63
113,114,2024-09-17,2024-09-19,double,274.59,29.53
114,115,2024-09-18,2024-09-20,double,347.95,41.39
115,116,2024-09-19,2024-09-21,single,378.77,38.44
116,117,2024-09-20,2024-09-22,double,421.55,23.11
117,118,2024-09-21,2024-09-23,double,473.01,24.85
118,119,2024-09-22,2024-09-24,double,300.69,40.73
119,120,2024-09-23,2024-09-25,double,426.29,14.77
120,121,2024-08-25,2024-08-27,single,194.69,24.38
121,122,2024-08-26,2024-08-28,double,112.17,42.86
122,123,2024-08-27,2024-08-29,double,406.57,15.69
123,124,2024-08-28,2024-08-30,double,82.27,19.56
124,125,2024-08-29,2024-08-31,double,85.08,31.63
125,126,2024-08-30,2024-09-01,single,142.72,16.26
126,127,2024-08-31,2024-09-02,double,134.44,26.77
127,128,2024-09-01,2024-09-03,double,318.13,14.29
128,129,2024-09-02,2024-09-04,double,167.76,40.22
129,130,2024-09-03,2024-09-05,double,499.76,35.71
130,131,2024-09-04,2024-09-06,single,61.22,42.79
131,132,2024-09-05,2024-09-07,double,393.44,10.82
132,133,2024-09-06,2024-09-08,double,111.17,0.13
133,134,2024-09-07,2024-09-09,double,223.57,18.18
134,135,2024-09-08,2024-09-10,double,254.54,45.82
135,136,2024-09-09,2024-09-11,single,126.82,44.54
136,137,2024-09-10,2024-09-12,double,182.93,9.33
137,138,2024-09-11,2024-09-13,double,126.46,9.73
138,139,2024-09-12,2024-09-14,double,153.76,11.79
139,140,2024-09-13,2024-09-15,double,208.44,24.16
140,141,2024-09-14,2024-09-16,single,481.79,37.9
141,142,2024-09-15,2024-09-17,double,494.23,25.28
142,143,2024-09-16,2024-09-18,double,223.72,47.49
143,144,2024-09-17,2024-09-19,double,94.9,14.86
144,145,2024-09-18,2024-09-20,double,254.86,30.03
145,146,2024-09-19,2024-09-21,single,435.03,49.7
146,147,2024-09-20,2024-09-22,double,376.44,1.07
147,148,2024-09-21,2024-09-23,double,502.44,15.42
148,149,2024-09-22,2024-09-24,double,294.97,30.48
149,150,2024-09-23,2024-09-25,double,439.29,22.2
150,151,2024-08-25,2024-08-27,single,330.34,37.86
151,152,2024-08-26,2024-08-28,double,67.65,44.97
152,153,2024-08-27,2024-08-29,double,250.96,45.1
153,154,2024-08-28,2024-08-30,double,494.83,1.32
154,155,2024-08-29,2024-08-31,double,204.22,37.64
155,156,2024-08-30,2024-09-01,single,376.27,11.74
156,157,2024-08-31,2024-09-02,double,225.36,22.65
157,158,2024-09-01,2024-09-03,double,208.67,8.29
158,159,2024-09-02,2024-09-04,double,223.44,22.61
159,160,2024-09-03,2024-09-05,double,269.91,44.25
160,161,2024-09-04,2024-09-06,single,278.64,36.45
161,162,2024-09-05,2024-09-07,double,323.45,24.99
162,163,2024-09-06,2024-09-08,double,449.77,17.5
163,164,2024-09-07,2024-09-09,double,128.47,25.63
164,165,2024-09-08,2024-09-10,double,406.82,0.06
165,166,2024-09-09,2024-09-11,single,280.4,26.64
166,167,2024-09-10,2024-09-12,double,433.08,24.59
167,168,2024-09-11,2024-09-13,double,191.35,32.52
168,169,2024-09-12,2024-09-14,double,210.22,20.64
169,170,2024-09-13,2024-09-15,double,72.93,10.33
170,171,2024-09-14,2024-09-16,single,122.78,16.88
171,172,2024-09-15,2024-09-17,double,424.85,43.5
172,173,2024-09-16,2024-09-18,double,324.97,27.33
173,174,2024-09-17,2024-09-19,double,55.6,38.3
174,175,2024-09-18,2024-09-20,double,270.38,11.82
175,176,2024-09-19,2024-09-21,single,464.66,46.25
176,177,2024-09-20,2024-09-22,double,246.3,9.73
177,178,2024-09-21,2024-09-23,double,121.67,48.35
178,179,2024-09-22,2024-09-24,double,400.36,36.76
179,180,2024-09-23,2024-09-25,double,262.84,38.64
180,181,2024-08-25,2024-08-27,single,432.55,13.25
181,182,2024-08-26,2024-08-28,double,238.86,44.92
182,183,2024-08-27,2024-08-29,double,226.1,34.68
183,184,2024-08-28,2024-08-30,double,246.67,36.69
184,185,2024-08-29,2024-08-31,double,542.59,14.05
185,186,2024-08-30,2024-09-01,single,238.1,21.06
186,187,2024-08-31,2024-09-02,double,139.95,35.43
187,188,2024-09-01,2024-09-03,double,53.06,21.63
188,189,2024-09-02,2024-09-04,double,325.42,36.02
189,190,2024-09-03,2024-09-05,double,482.78,25.7
190,191,2024-09-04,2024-09-06,single,112.12,33.32
191,192,2024-09-05,2024-09-07,double,237.08,28.72
192,193,2024-09-06,2024-09-08,double,50.82,26.33
193,194,2024-09-07,2024-09-09,double,106.91,30.37
194,195,2024-09-08,2024-09-10,double,491.66,16.71
195,196,2024-09-09,2024-09-11,single,265.1,3.16
196,197,2024-09-10,2024-09-12,double,442.21,24.09
197,198,2024-09-11,2024-09-13,double,400.1,16.95
198,199,2024-09-12,2024-09-14,double,314.91,39.02
199,200,2024-09-13,2024-09-15,double,94.49,22.05
200,201,2024-09-14,2024-09-16,single,349.1,38.7
201,202,2024-09-15,2024-09-17,double,134.15,0.94
202,203,2024-09-16,2024-09-18,double,291.33,3.44
203,204,2024-09-17,2024-09-19,double,210.03,6.98
204,205,2024-09-18,2024-09-20,double,375.43,0.53
205,206,2024-09-19,2024-09-21,single,171.87,25.04
206,207,2024-09-20,2024-09-22,double,155.04,5.52
207,208,2024-09-21,2024-09-23,double,134.63,28.6
208,209,2024-09-22,2024-09-24,double,362.0,7.08
209,210,2024-09-23,2024-09-25,double,71.91,4.15
210,211,2024-08-25,2024-08-27,single,541.33,38.85
211,212,2024-08-26,2024-08-28,double,156.78,33.35
212,213,2024-08-27,2024-08-29,double,506.94,11.54
213,214,2024-08-28,2024-08-30,double,105.28,26.16
214,215,2024-08-29,2024-08-31,double,472.0,19.08
215,216,2024-08-30,2024-09-01,single,320.46,2.51
216,217,2024-08-31,2024-09-02,double,495.89,39.55
217,218,2024-09-01,2024-09-03,double,128.91,12.52
218,219,2024-09-02,2024-09-04,double,410.44,20.58
219,220,2024-09-03,2024-09-05,double,104.67,35.4
220,221,2024-09-04,2024-09-06,single,305.73,21.96
221,222,2024-09-05,2024-09-07,double,119.61,18.58
222,223,2024-09-06,2024-09-08,double,178.39,48.31
223,224,2024-09-07,2024-09-09,double,178.96,31.82
224,225,2024-09-08,2024-09-10,double,339.82,47.97
225,226,2024-09-09,2024-09-11,single,357.69,6.93
226,227,2024-09-10,2024-09-12,double,309.59,34.68
227,228,2024-09-11,2024-09-13,double,159.35,33.85
228,229,2024-09-12,2024-09-14,double,250.76,23.54
229,230,2024-09-13,2024-09-15,double,263.81,5.81
230,231,2024-09-14,2024-09-16,single,152.64,7.38
231,232,2024-09-15,2024-09-17,double,404.29,23.08
232,233,2024-09-16,2024-09-18,double,207.39,14.71
233,234,2024-09-17,2024-09-19,double,234.73,20.98
234,235,2024-09-18,2024-09-20,double,225.13,19.67
235,236,2024-09-19,2024-09-21,single,84.48,7.69
236,237,2024-09-20,2024-09-22,double,466.93,13.64
237,238,2024-09-21,2024-09-23,double,494.29,1.55
238,239,2024-09-22,2024-09-24,double,464.4,18.93
239,240,2024-09-23,2024-09-25,double,532.25,23.08
240,241,2024-08-25,2024-08-27,single,420.01,38.62
241,242,2024-08-26,2024-08-28,double,474.25,19.72
242,243,2024-08-27,2024-08-29,double,116.13,2.82
243,244,2024-08-28,2024-08-30,double,226.28,10.92
244,245,2024-08-29,2024-08-31,double,286.97,15.17
245,246,2024-08-30,2024-09-01,single,66.34,9.53
246,247,2024-08-31,2024-09-02,double,51.74,24.98
247,248,2024-09-01,2024-09-03,double,195.61,33.93
248,249,2024-09-02,2024-09-04,double,356.83,37.11
249,250,2024-09-03,2024-09-05,double,241.86,22.21
250,251,2024-09-04,2024-09-06,single,307.51,13.64
251,252,2024-09-05,2024-09-07,double,133.4,28.24
252,253,2024-09-06,2024-09-08,double,77.09,20.58
253,254,2024-09-07,2024-09-09,double,517.73,44.3
254,255,2024-09-08,2024-09-10,double,94.34,7.38
255,256,2024-09-09,2024-09-11,single,95.2,40.52
256,257,2024-09-10,2024-09-12,double,421.94,43.5
257,258,2024-09-11,2024-09-13,double,59.11,40.01
258,259,2024-09-12,2024-09-14,double,435.52,42.01
259,260,2024-09-13,2024-09-15,double,319.19,44.72
260,261,2024-09-14,2024-09-16,single,289.45,5.57
261,262,2024-09-15,2024-09-17,double,348.1,21.14
262,263,2024-09-16,2024-09-18,double,451.7,41.07
263,264,2024-09-17,2024-09-19,double,446.53,31.89
264,265,2024-09-18,2024-09-20,double,203.98,1.45
265,266,2024-09-19,2024-09-21,single,314.72,16.28
266,267,2024-09-20,2024-09-22,double,127.31,20.73
267,268,2024-09-21,2024-09-23,double,238.82,17.23
268,269,2024-09-22,2024-09-24,double,329.13,20.32
269,270,2024-09-23,2024-09-25,double,122.49,6.02
270,271,2024-08-25,2024-08-27,single,160.66,16.45
271,272,2024-08-26,2024-08-28,double,286.63,10.25
272,273,2024-08-27,2024-08-29,double,228.75,20.79
273,274,2024-08-28,2024-08-30,double,423.83,12.36
274,275,2024-08-29,2024-08-31,double,221.13,24.9
275,276,2024-08-30,2024-09-01,single,178.26,47.78
276,277,2024-08-31,2024-09-02,double,448.66,28.99
277,278,2024-09-01,2024-09-03,double,352.67,28.75
278,279,2024-09-02,2024-09-04,double,111.26,29.61
279,280,2024-09-03,2024-09-05,double,150.88,44.33
280,281,2024-09-04,2024-09-06,single,330.14,21.3
281,282,2024-09-05,2024-09-07,double,301.03,1.56
282,283,2024-09-06,2024-09-08,double,458.88,43.12
283,284,2024-09-07,2024-09-09,double,377.76,21.51
284,285,2024-09-08,2024-09-10,double,507.93,30.26
285,286,2024-09-09,2024-09-11,single,134.66,25.39
286,287,2024-09-10,2024-09-12,double,145.11,1.23
287,288,2024-09-11,2024-09-13,double,254.75,35.8
288,289,2024-09-12,2024-09-14,double,289.73,3.98
289,290,2024-09-13,2024-09-15,double,438.32,42.14
290,291,2024-09-14,2024-09-16,single,207.61,37.66
291,292,2024-09-15,2024-09-17,double,336.66,34.5
292,293,2024-09-16,2024-09-18,double,62.37,4.65
293,294,2024-09-17,2024-09-19,double,146.1,38.05
294,295,2024-09-18,2024-09-20,double,445.43,48.12
295,296,2024-09-19,2024-09-21,single,439.96,30.38
296,297,2024-09-20,2024-09-22,double,520.48,1.37
297,298,2024-09-21,2024-09-23,double,503.91,14.18
298,299,2024-09-22,2024-09-24,double,391.61,23.8
299,300,2024-09-23,2024-09-25,double,372.17,49.08
300,301,2024-08-25,2024-08-27,single,367.29,46.4
301,302,2024-08-26,2024-08-28,double,231.87,12.91
302,303,2024-08-27,2024-08-29,double,212.88,43.29
303,304,2024-08-28,2024-08-30,double,270.06,17.42
304,305,2024-08-29,2024-08-31,double,194.97,21.16
305,306,2024-08-30,2024-09-01,single,503.07,17.18
306,307,2024-08-31,2024-09-02,double,441.8,10.4
307,308,2024-09-01,2024-09-03,double,129.16,26.89
308,309,2024-09-02,2024-09-04,double,511.28,0.62
309,310,2024-09-03,2024-09-05,double,431.48,49.94
310,311,2024-09-04,2024-09-06,single,246.34,13.37
311,312,2024-09-05,2024-09-07,double,285.05,24.56
312,313,2024-09-06,2024-09-08,double,343.49,10.06
313,314,2024-09-07,2024-09-09,double,166.77,38.19
314,315,2024-09-08,2024-09-10,double,193.9,6.82
315,316,2024-09-09,2024-09-11,single,363.34,2.27
316,317,2024-09-10,2024-09-12,double,516.57,38.56
317,318,2024-09-11,2024-09-13,double,426.82,19.93
318,319,2024-09-12,2024-09-14,double,172.75,34.34
319,320,2024-09-13,2024-09-15,double,549.88,26.27
320,321,2024-09-14,2024-09-16,single,72.35,26.94
321,322,2024-09-15,2024-09-17,double,359.36,12.45
322,323,2024-09-16,2024-09-18,double,292.24,13.46
323,324,2024-09-17,2024-09-19,double,444.97,21.36
324,325,2024-09-18,2024-09-20,double,369.24,16.62
325,326,2024-09-19,2024-09-21,single,513.78,27.34
326,327,2024-09-20,2024-09-22,double,195.19,49.33
327,328,2024-09-21,2024-09-23,double,256.53,47.81
328,329,2024-09-22,2024-09-24,double,177.9,27.14
329,330,2024-09-23,2024-09-25,double,421.17,11.04
330,331,2024-08-25,2024-08-27,single,280.64,25.79
331,332,2024-08-26,2024-08-28,double,155.54,34.43
332,333,2024-08-27,2024-08-29,double,67.13,27.02
333,334,2024-08-28,2024-08-30,double,326.1,9.59
334,335,2024-08-29,2024-08-31,double,353.29,44.56
335,336,2024-08-30,2024-09-01,single,264.53,8.52
336,337,2024-08-31,2024-09-02,double,56.64,22.17
337,338,2024-09-01,2024-09-03,double,487.18,2.78
338,339,2024-09-02,2024-09-04,double,187.15,44.42
339,340,2024-09-03,2024-09-05,double,474.55,41.7
340,341,2024-09-04,2024-09-06,single,398.39,10.76
341,342,2024-09-05,2024-09-07,double,165.24,26.33
342,343,2024-09-06,2024-09-08,double,415.18,32.08
343,344,2024-09-07,2024-09-09,double,89.6,10.88
344,345,2024-09-08,2024-09-10,double,436.66,41.6
345,346,2024-09-09,2024-09-11,single,447.54,49.73
346,347,2024-09-10,2024-09-12,double,534.22,45.76
347,348,2024-09-11,2024-09-13,double,178.68,5.39
348,349,2024-09-12,2024-09-14,double,288.54,15.64
349,350,2024-09-13,2024-09-15,double,414.47,4.35
350,351,2024-09-14,2024-09-16,single,145.03,0.42
351,352,2024-09-15,2024-09-17,double,475.17,44.3
352,353,2024-09-16,2024-09-18,double,81.04,36.28
353,354,2024-09-17,2024-09-19,double,341.24,8.57
354,355,2024-09-18,2024-09-20,double,330.94,31.07
355,356,2024-09-19,2024-09-21,single,200.7,3.13
356,357,2024-09-20,2024-09-22,double,178.95,45.23
357,358,2024-09-21,2024-09-23,double,141.03,16.49
358,359,2024-09-22,2024-09-24,double,315.44,6.8
359,360,2024-09-23,2024-09-25,double,306.68,35.1
360,361,2024-08-25,2024-08-27,single,238.34,24.8
361,362,2024-08-26,2024-08-28,double,98.75,22.32
362,363,2024-08-27,2024-08-29,double,229.05,33.4
363,364,2024-08-28,2024-08-30,double,320.22,10.46
364,365,2024-08-29,2024-08-31,double,524.55,6.35
365,366,2024-08-30,2024-09-01,single,114.52,35.41
366,367,2024-08-31,2024-09-02,double,458.68,47.07
367,368,2024-09-01,2024-09-03,double,253.23,36.55
368,369,2024-09-02,2024-09-04,double,240.84,47.33
369,370,2024-09-03,2024-09-05,double,174.72,49.46
370,371,2024-09-04,2024-09-06,single,149.24,25.09
371,372,2024-09-05,2024-09-07,double,383.75,12.58
372,373,2024-09-06,2024-09-08,double,123.84,25.96
373,374,2024-09-07,2024-09-09,double,95.36,15.52
374,375,2024-09-08,2024-09-10,double,476.03,1.87
375,376,2024-09-09,2024-09-11,single,146.48,15.55
376,377,2024-09-10,2024-09-12,double,275.69,3.68
377,378,2024-09-11,2024-09-13,double,236.7,40.09
378,379,2024-09-12,2024-09-14,double,309.56,30.5
379,380,2024-09-13,2024-09-15,double,376.15,8.11
380,381,2024-09-14,2024-09-16,single,118.83,20.18
381,382,2024-09-15,2024-09-17,double,371.65,18.82
382,383,2024-09-16,2024-09-18,double,349.33,20.37
383,384,2024-09-17,2024-09-19,double,231.54,4.73
384,385,2024-09-18,2024-09-20,double,479.46,14.77
385,386,2024-09-19,2024-09-21,single,201.0,31.11
386,387,2024-09-20,2024-09-22,double,212.4,11.55
387,388,2024-09-21,2024-09-23,double,290.86,29.99
388,389,2024-09-22,2024-09-24,double,128.07,11.16
389,390,2024-09-23,2024-09-25,double,147.95,13.14
390,391,2024-08-25,2024-08-27,single,323.87,15.0
391,392,2024-08-26,2024-08-28,double,549.6,1.59
392,393,2024-08-27,2024-08-29,double,131.56,9.31
393,394,2024-08-28,2024-08-30,double,531.61,45.1
394,395,2024-08-29,2024-08-31,double,271.78,5.78
395,396,2024-08-30,2024-09-01,single,371.13,21.24
396,397,2024-08-31,2024-09-02,double,100.46,49.67
397,398,2024-09-01,2024-09-03,double,514.58,33.35
398,399,2024-09-02,2024-09-04,double,56.72,3.43
399,400,2024-09-03,2024-09-05,double,337.05,8.44
400,401,2024-09-04,2024-09-06,single,346.69,49.92
401,402,2024-09-05,2024-09-07,double,343.22,39.86
402,403,2024-09-06,2024-09-08,double,387.6,9.35
403,404,2024-09-07,2024-09-09,double,419.5,15.81
404,405,2024-09-08,2024-09-10,double,102.84,13.91
405,406,2024-09-09,2024-09-11,single,350.9,9.19
406,407,2024-09-10,2024-09-12,double,349.77,46.44
407,408,2024-09-11,2024-09-13,double,450.9,19.79
408,409,2024-09-12,2024-09-14,double,292.02,25.5
409,410,2024-09-13,2024-09-15,double,474.37,18.29
410,411,2024-09-14,2024-09-16,single,398.4,10.04
411,412,2024-09-15,2024-09-17,double,497.82,37.14
412,413,2024-09-16,2024-09-18,double,379.2,17.75
413,414,2024-09-17,2024-09-19,double,141.1,25.15
414,415,2024-09-18,2024-09-20,double,211.45,42.72
415,416,2024-09-19,2024-09-21,single,455.23,25.93
416,417,2024-09-20,2024-09-22,double,79.18,49.05
417,418,2024-09-21,2024-09-23,double,321.77,20.53
418,419,2024-09-22,2024-09-24,double,469.4,37.31
419,420,2024-09-23,2024-09-25,double,465.06,39.66
420,421,2024-08-25,2024-08-27,single,144.44,23.57
421,422,2024-08-26,2024-08-28,double,305.99,41.08
422,423,2024-08-27,2024-08-29,double,116.43,4.3
423,424,2024-08-28,2024-08-30,double,128.44,14.27
424,425,2024-08-29,2024-08-31,double,106.74,12.7
425,426,2024-08-30,2024-09-01,single,351.71,33.14
426,427,2024-08-31,2024-09-02,double,97.32,9.63
427,428,2024-09-01,2024-09-03,double,425.23,31.01
428,429,2024-09-02,2024-09-04,double,200.53,18.07
429,430,2024-09-03,2024-09-05,double,279.33,14.12
430,431,2024-09-04,2024-09-06,single,457.31,48.79
431,432,2024-09-05,2024-09-07,double,276.08,12.43
432,433,2024-09-06,2024-09-08,double,253.27,14.27
433,434,2024-09-07,2024-09-09,double,329.69,12.13
434,435,2024-09-08,2024-09-10,double,538.78,21.22
435,436,2024-09-09,2024-09-11,single,282.56,25.01
436,437,2024-09-10,2024-09-12,double,87.96,21.24
437,438,2024-09-11,2024-09-13,double,182.26,25.37
438,439,2024-09-12,2024-09-14,double,307.5,6.89
439,440,2024-09-13,2024-09-15,double,359.04,29.34
440,441,2024-09-14,2024-09-16,single,446.69,32.04
441,442,2024-09-15,2024-09-17,double,434.22,29.73
442,443,2024-09-16,2024-09-18,double,93.75,23.22
443,444,2024-09-17,2024-09-19,double,226.35,38.21
444,445,2024-09-18,2024-09-20,double,110.45,11.75
445,446,2024-09-19,2024-09-21,single,74.25,27.09
446,447,2024-09-20,2024-09-22,double,239.49,6.53
447,448,2024-09-21,2024-09-23,double,71.81,13.48
448,449,2024-09-22,2024-09-24,double,260.02,37.04
449,450,2024-09-23,2024-09-25,double,545.86,16.61
450,451,2024-08-25,2024-08-27,single,300.82,16.63
451,452,2024-08-26,2024-08-28,double,92.61,5.14
452,453,2024-08-27,2024-08-29,double,195.67,14.1
453,454,2024-08-28,2024-08-30,double,384.14,38.74
454,455,2024-08-29,2024-08-31,double,67.53,7.11
455,456,2024-08-30,2024-09-01,single,130.59,9.61
456,457,2024-08-31,2024-09-02,double,309.07,44.6
457,458,2024-09-01,2024-09-03,double,127.36,34.44
458,459,2024-09-02,2024-09-04,double,225.85,36.88
459,460,2024-09-03,2024-09-05,double,174.85,0.02
460,461,2024-09-04,2024-09-06,single,180.02,5.61
461,462,2024-09-05,2024-09-07,double,249.79,32.73
462,463,2024-09-06,2024-09-08,double,508.94,20.01
463,464,2024-09-07,2024-09-09,double,156.12,7.99
464,465,2024-09-08,2024-09-10,double,352.51,19.42
465,466,2024-09-09,2024-09-11,single,236.21,25.63
466,467,2024-09-10,2024-09-12,double,150.74,22.49
467,468,2024-09-11,2024-09-13,double,181.34,15.09
468,469,2024-09-12,2024-09-14,double,230.22,13.75
469,470,2024-09-13,2024-09-15,double,119.84,13.12
470,471,2024-09-14,2024-09-16,single,383.15,14.03
471,472,2024-09-15,2024-09-17,double,160.82,42.44
472,473,2024-09-16,2024-09-18,double,119.49,10.88
473,474,2024-09-17,2024-09-19,double,335.27,0.02
474,475,2024-09-18,2024-09-20,double,93.82,22.56
475,476,2024-09-19,2024-09-21,single,160.9,8.18
476,477,2024-09-20,2024-09-22,double,239.71,36.81
477,478,2024-09-21,2024-09-23,double,96.12,3.21
478,479,2024-09-22,2024-09-24,double,92.66,16.89
479,480,2024-09-23,2024-09-25,double,275.17,6.32
480,481,2024-08-25,2024-08-27,single,515.48,7.96
481,482,2024-08-26,2024-08-28,double,192.77,30.33
482,483,2024-08-27,2024-08-29,double,218.6,10.64
483,484,2024-08-28,2024-08-30,double,344.67,44.88
484,485,2024-08-29,2024-08-31,double,162.65,33.43
485,486,2024-08-30,2024-09-01,single,120.16,20.16
486,487,2024-08-31,2024-09-02,double,255.04,36.38
487,488,2024-09-01,2024-09-03,double,472.94,17.77
488,489,2024-09-02,2024-09-04,double,481.46,15.4
489,490,2024-09-03,2024-09-05,double,287.52,41.28
490,491,2024-09-04,2024-09-06,single,312.54,34.76
491,492,2024-09-05,2024-09-07,double,476.15,22.89
492,493,2024-09-06,2024-09-08,double,373.51,38.97
493,494,2024-09-07,2024-09-09,double,232.46,27.66
494,495,2024-09-08,2024-09-10,double,480.04,37.37
495,496,2024-09-09,2024-09-11,single,180.17,28.19
496,497,2024-09-10,2024-09-12,double,407.1,15.37
497,498,2024-09-11,2024-09-13,double,260.52,39.09
498,499,2024-09-12,2024-09-14,double,142.38,46.02
499,500,2024-09-13,2024-09-15,double,326.54,28.74
500,501,2024-09-14,2024-09-16,single,265.07,29.25
501,502,2024-09-15,2024-09-17,double,257.77,19.85
502,503,2024-09-16,2024-09-18,double,411.08,23.23
503,504,2024-09-17,2024-09-19,double,277.67,30.38
504,505,2024-09-18,2024-09-20,double,123.1,41.58
505,506,2024-09-19,2024-09-21,single,78.74,41.23
506,507,2024-09-20,2024-09-22,double,117.76,10.65
507,508,2024-09-21,2024-09-23,double,217.92,39.62
508,509,2024-09-22,2024-09-24,double,422.75,14.7
509,510,2024-09-23,2024-09-25,double,395.25,2.3
510,511,2024-08-25,2024-08-27,single,275.18,32.8
511,512,2024-08-26,2024-08-28,double,131.58,35.4
512,513,2024-08-27,2024-08-29,double,123.17,4.79
513,514,2024-08-28,2024-08-30,double,202.32,28.32
514,515,2024-08-29,2024-08-31,double,319.7,22.86
515,516,2024-08-30,2024-09-01,single,501.39,45.53
516,517,2024-08-31,2024-09-02,double,338.16,10.32
517,518,2024-09-01,2024-09-03,double,316.73,48.5
518,519,2024-09-02,2024-09-04,double,310.44,26.68
519,520,2024-09-03,2024-09-05,double,412.13,49.42
520,521,2024-09-04,2024-09-06,single,291.15,21.79
521,522,2024-09-05,2024-09-07,double,171.12,2.76
522,523,2024-09-06,2024-09-08,double,75.72,48.44
523,524,2024-09-07,2024-09-09,double,62.41,29.39
524,525,2024-09-08,2024-09-10,double,249.75,39.61
525,526,2024-09-09,2024-09-11,single,501.7,22.45
526,527,2024-09-10,2024-09-12,double,65.3,48.73
527,528,2024-09-11,2024-09-13,double,84.98,44.6
528,529,2024-09-12,2024-09-14,double,533.43,11.83
529,530,2024-09-13,2024-09-15,double,151.54,1.27
530,531,2024-09-14,2024-09-16,single,387.98,41.49
531,532,2024-09-15,2024-09-17,double,50.76,5.33
532,533,2024-09-16,2024-09-18,double,323.45,42.83
533,534,2024-09-17,2024-09-19,double,162.58,20.95
534,535,2024-09-18,2024-09-20,double,188.68,11.66
535,536,2024-09-19,2024-09-21,single,85.23,30.49
536,537,2024-09-20,2024-09-22,double,342.25,37.52
537,538,2024-09-21,2024-09-23,double,109.84,20.77
538,539,2024-09-22,2024-09-24,double,146.39,39.06
539,540,2024-09-23,2024-09-25,double,157.14,27.85
540,541,2024-08-25,2024-08-27,single,511.21,22.73
541,542,2024-08-26,2024-08-28,double,238.72,1.18
542,543,2024-08-27,2024-08-29,double,455.08,17.65
543,544,2024-08-28,2024-08-30,double,308.61,44.78
544,545,2024-08-29,2024-08-31,double,440.23,29.23
545,546,2024-08-30,2024-09-01,single,402.7,29.79
546,547,2024-08-31,2024-09-02,double,183.11,1.18
547,548,2024-09-01,2024-09-03,double,383.99,47.09
548,549,2024-09-02,2024-09-04,double,50.32,23.11
549,550,2024-09-03,2024-09-05,double,62.66,22.0
550,551,2024-09-04,2024-09-06,single,393.91,37.77
551,552,2024-09-05,2024-09-07,double,179.79,44.95
552,553,2024-09-06,2024-09-08,double,281.42,44.89
553,554,2024-09-07,2024-09-09,double,201.35,49.87
554,555,2024-09-08,2024-09-10,double,350.14,26.19
555,556,2024-09-09,2024-09-11,single,382.48,47.81
556,557,2024-09-10,2024-09-12,double,191.37,48.41
557,558,2024-09-11,2024-09-13,double,427.24,39.8
558,559,2024-09-12,2024-09-14,double,517.06,36.23
559,560,2024-09-13,2024-09-15,double,182.49,44.71
560,561,2024-09-14,2024-09-16,single,309.45,29.35
561,562,2024-09-15,2024-09-17,double,289.97,4.16
562,563,2024-09-16,2024-09-18,double,426.7,33.63
563,564,2024-09-17,2024-09-19,double,53.14,22.43
564,565,2024-09-18,2024-09-20,double,367.82,44.61
565,566,2024-09-19,2024-09-21,single,406.91,12.14
566,567,2024-09-20,2024-09-22,double,263.93,38.18
567,568,2024-09-21,2024-09-23,double,361.2,1.69
568,569,2024-09-22,2024-09-24,double,497.91,0.21
569,570,2024-09-23,2024-09-25,double,404.59,42.59
570,571,2024-08-25,2024-08-27,single,287.95,19.65
571,572,2024-08-26,2024-08-28,double,232.36,40.58
572,573,2024-08-27,2024-08-29,double,144.94,24.66
573,574,2024-08-28,2024-08-30,double,411.98,25.08
574,575,2024-08-29,2024-08-31,double,408.06,2.14
575,576,2024-08-30,2024-09-01,single,429.21,25.3
576,577,2024-08-31,2024-09-02,double,323.67,49.17
577,578,2024-09-01,2024-09-03,double,403.51,15.91
578,579,2024-09-02,2024-09-04,double,391.77,2.37
579,580,2024-09-03,2024-09-05,double,411.95,40.64
580,581,2024-09-04,2024-09-06,single,411.18,33.8
581,582,2024-09-05,2024-09-07,double,79.07,22.5
582,583,2024-09-06,2024-09-08,double,294.42,20.67
583,584,2024-09-07,2024-09-09,double,242.82,36.28
584,585,2024-09-08,2024-09-10,double,448.21,10.84
585,586,2024-09-09,2024-09-11,single,185.04,33.02
586,587,2024-09-10,2024-09-12,double,265.16,36.98
587,588,2024-09-11,2024-09-13,double,64.1,30.78
588,589,2024-09-12,2024-09-14,double,399.74,12.88
589,590,2024-09-13,2024-09-15,double,226.53,28.2
590,591,2024-09-14,2024-09-16,single,401.61,35.49
591,592,2024-09-15,2024-09-17,double,526.37,21.77
592,593,2024-09-16,2024-09-18,double,507.62,13.15
593,594,2024-09-17,2024-09-19,double,393.83,48.64
594,595,2024-09-18,2024-09-20,double,297.02,42.98
595,596,2024-09-19,2024-09-21,single,269.01,49.71
596,597,2024-09-20,2024-09-22,double,253.2,30.07
597,598,2024-09-21,2024-09-23,double,228.18,14.12
598,599,2024-09-22,2024-09-24,double,348.07,15.63
599,600,2024-09-23,2024-09-25,double,357.98,42.48
600,601,2024-08-25,2024-08-27,single,536.42,36.18
601,602,2024-08-26,2024-08-28,double,81.68,41.05
602,603,2024-08-27,2024-08-29,double,268.74,48.5
603,604,2024-08-28,2024-08-30,double,467.37,49.94
604,605,2024-08-29,2024-08-31,double,469.24,14.12
605,606,2024-08-30,2024-09-01,single,283.88,30.51
606,607,2024-08-31,2024-09-02,double,86.37,9.74
607,608,2024-09-01,2024-09-03,double,50.65,10.75
608,609,2024-09-02,2024-09-04,double,175.86,18.67
609,610,2024-09-03,2024-09-05,double,113.85,1.82
610,611,2024-09-04,2024-09-06,single,179.57,19.06
611,612,2024-09-05,2024-09-07,double,285.08,28.58
612,613,2024-09-06,2024-09-08,double,190.25,34.53
613,614,2024-09-07,2024-09-09,double,190.59,26.39
614,615,2024-09-08,2024-09-10,double,154.83,46.23
615,616,2024-09-09,2024-09-11,single,188.61,21.13
616,617,2024-09-10,2024-09-12,double,441.81,13.9
617,618,2024-09-11,2024-09-13,double,236.9,22.08
618,619,2024-09-12,2024-09-14,double,548.01,0.59
619,620,2024-09-13,2024-09-15,double,502.33,43.58
620,621,2024-09-14,2024-09-16,single,424.69,36.74
621,622,2024-09-15,2024-09-17,double,342.29,1.01
622,623,2024-09-16,2024-09-18,double,480.58,17.3
623,624,2024-09-17,2024-09-19,double,203.52,27.23
624,625,2024-09-18,2024-09-20,double,452.81,9.26
625,626,2024-09-19,2024-09-21,single,349.06,22.65
626,627,2024-09-20,2024-09-22,double,496.24,19.15
627,628,2024-09-21,2024-09-23,double,364.48,15.43
628,629,2024-09-22,2024-09-24,double,413.2,2.8
629,630,2024-09-23,2024-09-25,double,312.28,39.83
630,631,2024-08-25,2024-08-27,single,353.11,45.61
631,632,2024-08-26,2024-08-28,double,500.51,21.46
632,633,2024-08-27,2024-08-29,double,143.68,36.31
633,634,2024-08-28,2024-08-30,double,139.21,37.21
634,635,2024-08-29,2024-08-31,double,548.95,42.28
635,636,2024-08-30,2024-09-01,single,56.84,27.08
636,637,2024-08-31,2024-09-02,double,477.19,20.51
637,638,2024-09-01,2024-09-03,double,496.58,0.61
638,639,2024-09-02,2024-09-04,double,312.59,44.59
639,640,2024-09-03,2024-09-05,double,268.58,36.45
640,641,2024-09-04,2024-09-06,single,114.92,10.44
641,642,2024-09-05,2024-09-07,double,385.38,20.94
642,643,2024-09-06,2024-09-08,double,203.34,19.28
643,644,2024-09-07,2024-09-09,double,290.7,47.26
644,645,2024-09-08,2024-09-10,double,313.0,6.66
645,646,2024-09-09,2024-09-11,single,421.58,28.11
646,647,2024-09-10,2024-09-12,double,322.0,46.15
647,648,2024-09-11,2024-09-13,double,235.32,49.75
648,649,2024-09-12,2024-09-14,double,393.49,2.02
649,650,2024-09-13,2024-09-15,double,328.89,18.98
650,651,2024-09-14,2024-09-16,single,451.98,30.27
651,652,2024-09-15,2024-09-17,double,72.9,15.01
652,653,2024-09-16,2024-09-18,double,319.35,42.16
653,654,2024-09-17,2024-09-19,double,444.85,38.12
654,655,2024-09-18,2024-09-20,double,217.27,31.78
655,656,2024-09-19,2024-09-21,single,250.58,35.6
656,657,2024-09-20,2024-09-22,double,505.22,3.29
657,658,2024-09-21,2024-09-23,double,165.06,41.88
658,659,2024-09-22,2024-09-24,double,64.96,36.56
659,660,2024-09-23,2024-09-25,double,356.1,35.38
660,661,2024-08-25,2024-08-27,single,171.07,39.78
661,662,2024-08-26,2024-08-28,double,202.3,24.23
662,663,2024-08-27,2024-08-29,double,54.51,15.83
663,664,2024-08-28,2024-08-30,double,209.0,20.36
664,665,2024-08-29,2024-08-31,double,384.26,17.66
665,666,2024-08-30,2024-09-01,single,316.56,7.59
666,667,2024-08-31,2024-09-02,double,63.28,37.11
667,668,2024-09-01,2024-09-03,double,392.15,49.25
668,669,2024-09-02,2024-09-04,double,476.9,27.4
669,670,2024-09-03,2024-09-05,double,280.48,3.02
670,671,2024-09-04,2024-09-06,single,98.55,41.99
671,672,2024-09-05,2024-09-07,double,446.01,10.45
672,673,2024-09-06,2024-09-08,double,270.08,10.77
673,674,2024-09-07,2024-09-09,double,280.38,21.99
674,675,2024-09-08,2024-09-10,double,439.8,48.42
675,676,2024-09-09,2024-09-11,single,235.75,2.26
676,677,2024-09-10,2024-09-12,double,484.44,42.27
677,678,2024-09-11,2024-09-13,double,217.26,26.15
678,679,2024-09-12,2024-09-14,double,321.86,16.61
679,680,2024-09-13,2024-09-15,double,367.13,24.22
680,681,2024-09-14,2024-09-16,single,367.2,24.96
681,682,2024-09-15,2024-09-17,double,464.53,32.67
682,683,2024-09-16,2024-09-18,double,309.63,37.86
683,684,2024-09-17,2024-09-19,double,470.59,0.67
684,685,2024-09-18,2024-09-20,double,419.89,44.35
685,686,2024-09-19,2024-09-21,single,59.66,0.01
686,687,2024-09-20,2024-09-22,double,407.97,15.12
687,688,2024-09-21,2024-09-23,double,195.41,21.86
688,689,2024-09-22,2024-09-24,double,168.25,21.61
689,690,2024-09-23,2024-09-25,double,55.28,2.92
690,691,2024-08-25,2024-08-27,single,296.51,2.73
691,692,2024-08-26,2024-08-28,double,355.46,4.33
692,693,2024-08-27,2024-08-29,double,175.7,19.21
693,694,2024-08-28,2024-08-30,double,332.17,16.47
694,695,2024-08-29,2024-08-31,double,378.72,9.94
695,696,2024-08-30,2024-09-01,single,346.66,39.57
696,697,2024-08-31,2024-09-02,double,465.63,27.85
697,698,2024-09-01,2024-09-03,double,81.19,15.51
698,699,2024-09-02,2024-09-04,double,86.74,49.94
699,700,2024-09-03,2024-09-05,double,212.34,19.39
700,701,2024-09-04,2024-09-06,single,183.81,3.45
701,702,2024-09-05,2024-09-07,double,394.18,10.24
702,703,2024-09-06,2024-09-08,double,89.15,31.29
703,704,2024-09-07,2024-09-09,double,67.28,47.14
704,705,2024-09-08,2024-09-10,double,202.15,27.05
705,706,2024-09-09,2024-09-11,single,464.84,28.37
706,707,2024-09-10,2024-09-12,double,207.52,43.76
707,708,2024-09-11,2024-09-13,double,503.89,16.04
708,709,2024-09-12,2024-09-14,double,437.63,28.2
709,710,2024-09-13,2024-09-15,double,289.95,21.52
710,711,2024-09-14,2024-09-16,single,459.53,34.29
711,712,2024-09-15,2024-09-17,double,94.48,10.21
712,713,2024-09-16,2024-09-18,double,436.18,44.89
713,714,2024-09-17,2024-09-19,double,478.18,16.78
714,715,2024-09-18,2024-09-20,double,211.09,1.4
715,716,2024-09-19,2024-09-21,single,172.63,8.83
716,717,2024-09-20,2024-09-22,double,250.34,38.77
717,718,2024-09-21,2024-09-23,double,319.71,4.4
718,719,2024-09-22,2024-09-24,double,438.38,8.72
719,720,2024-09-23,2024-09-25,double,223.62,1.34
720,721,2024-08-25,2024-08-27,single,321.46,45.11
721,722,2024-08-26,2024-08-28,double,142.74,48.96
722,723,2024-08-27,2024-08-29,double,71.45,28.95
723,724,2024-08-28,2024-08-30,double,438.85,49.99
724,725,2024-08-29,2024-08-31,double,462.69,10.74
725,726,2024-08-30,2024-09-01,single,185.38,34.65
726,727,2024-08-31,2024-09-02,double,315.8,29.8
727,728,2024-09-01,2024-09-03,double,292.48,16.1
728,729,2024-09-02,2024-09-04,double,127.25,11.85
729,730,2024-09-03,2024-09-05,double,240.48,4.86
730,731,2024-09-04,2024-09-06,single,225.34,2.44
731,732,2024-09-05,2024-09-07,double,379.9,48.2
732,733,2024-09-06,2024-09-08,double,437.98,45.81
733,734,2024-09-07,2024-09-09,double,189.4,32.48
734,735,2024-09-08,2024-09-10,double,131.18,11.36
735,736,2024-09-09,2024-09-11,single,217.14,13.39
736,737,2024-09-10,2024-09-12,double,448.92,7.72
737,738,2024-09-11,2024-09-13,double,226.49,10.1
738,739,2024-09-12,2024-09-14,double,313.94,11.47
739,740,2024-09-13,2024-09-15,double,237.69,38.19
740,741,2024-09-14,2024-09-16,single,307.22,42.62
741,742,2024-09-15,2024-09-17,double,90.23,28.75
742,743,2024-09-16,2024-09-18,double,544.42,34.94
743,744,2024-09-17,2024-09-19,double,339.35,11.26
744,745,2024-09-18,2024-09-20,double,384.68,9.46
745,746,2024-09-19,2024-09-21,single,459.41,19.57
746,747,2024-09-20,2024-09-22,double,307.19,45.29
747,748,2024-09-21,2024-09-23,double,527.04,38.76
748,749,2024-09-22,2024-09-24,double,52.35,0.75
749,750,2024-09-23,2024-09-25,double,342.95,15.34
750,751,2024-08-25,2024-08-27,single,164.87,40.91
751,752,2024-08-26,2024-08-28,double,470.07,32.14
752,753,2024-08-27,2024-08-29,double,78.46,35.39
753,754,2024-08-28,2024-08-30,double,290.65,47.93
754,755,2024-08-29,2024-08-31,double,317.07,13.63
755,756,2024-08-30,2024-09-01,single,141.88,49.48
756,757,2024-08-31,2024-09-02,double,140.39,28.28
757,758,2024-09-01,2024-09-03,double,78.67,33.09
758,759,2024-09-02,2024-09-04,double,457.02,30.31
759,760,2024-09-03,2024-09-05,double,138.97,4.17
760,761,2024-09-04,2024-09-06,single,154.78,41.39
761,762,2024-09-05,2024-09-07,double,178.49,6.44
762,763,2024-09-06,2024-09-08,double,531.8,7.37
763,764,2024-09-07,2024-09-09,double,281.74,48.69
764,765,2024-09-08,2024-09-10,double,546.35,36.05
765,766,2024-09-09,2024-09-11,single,300.96,13.03
766,767,2024-09-10,2024-09-12,double,467.2,38.54
767,768,2024-09-11,2024-09-13,double,184.67,37.24
768,769,2024-09-12,2024-09-14,double,195.55,24.72
769,770,2024-09-13,2024-09-15,double,117.9,18.21
770,771,2024-09-14,2024-09-16,single,327.28,16.11
771,772,2024-09-15,2024-09-17,double,145.69,18.09
772,773,2024-09-16,2024-09-18,double,127.98,14.01
773,774,2024-09-17,2024-09-19,double,403.16,49.36
774,775,2024-09-18,2024-09-20,double,240.32,4.46
775,776,2024-09-19,2024-09-21,single,445.47,5.49
776,777,2024-09-20,2024-09-22,double,534.56,37.42
777,778,2024-09-21,2024-09-23,double,302.26,46.53
778,779,2024-09-22,2024-09-24,double,237.72,32.85
779,780,2024-09-23,2024-09-25,double,466.05,31.53
780,781,2024-08-25,2024-08-27,single,439.99,47.67
781,782,2024-08-26,2024-08-28,double,234.78,44.83
782,783,2024-08-27,2024-08-29,double,420.9,21.12
783,784,2024-08-28,2024-08-30,double,435.34,29.99
784,785,2024-08-29,2024-08-31,double,269.81,23.5
785,786,2024-08-30,2024-09-01,single,57.96,33.22
786,787,2024-08-31,2024-09-02,double,91.8,37.98
787,788,2024-09-01,2024-09-03,double,79.08,8.27
788,789,2024-09-02,2024-09-04,double,200.88,45.26
789,790,2024-09-03,2024-09-05,double,70.71,32.02
790,791,2024-09-04,2024-09-06,single,157.46,16.76
791,792,2024-09-05,2024-09-07,double,514.93,18.18
792,793,2024-09-06,2024-09-08,double,519.22,6.78
793,794,2024-09-07,2024-09-09,double,217.84,6.69
794,795,2024-09-08,2024-09-10,double,246.3,17.44
795,796,2024-09-09,2024-09-11,single,355.01,43.32
796,797,2024-09-10,2024-09-12,double,250.07,8.53
797,798,2024-09-11,2024-09-13,double,461.68,36.13
798,799,2024-09-12,2024-09-14,double,54.38,27.05
799,800,2024-09-13,2024-09-15,double,192.36,28.97
800,801,2024-09-14,2024-09-16,single,69.97,18.52
801,802,2024-09-15,2024-09-17,double,224.51,31.71
802,803,2024-09-16,2024-09-18,double,473.58,32.6
803,804,2024-09-17,2024-09-19,double,434.59,40.15
804,805,2024-09-18,2024-09-20,double,458.35,42.71
805,806,2024-09-19,2024-09-21,single,69.47,7.85
806,807,2024-09-20,2024-09-22,double,540.47,32.44
807,808,2024-09-21,2024-09-23,double,313.64,44.96
808,809,2024-09-22,2024-09-24,double,196.98,16.71
809,810,2024-09-23,2024-09-25,double,379.6,35.41
810,811,2024-08-25,2024-08-27,single,184.68,21.55
811,812,2024-08-26,2024-08-28,double,344.46,33.35
812,813,2024-08-27,2024-08-29,double,179.54,13.61
813,814,2024-08-28,2024-08-30,double,215.44,16.94
814,815,2024-08-29,2024-08-31,double,148.33,46.6
815,816,2024-08-30,2024-09-01,single,527.3,45.65
816,817,2024-08-31,2024-09-02,double,50.94,11.15
817,818,2024-09-01,2024-09-03,double,279.9,6.81
818,819,2024-09-02,2024-09-04,double,294.74,24.29
819,820,2024-09-03,2024-09-05,double,188.57,1.63
820,821,2024-09-04,2024-09-06,single,456.08,22.45
821,822,2024-09-05,2024-09-07,double,495.81,9.84
822,823,2024-09-06,2024-09-08,double,323.59,4.58
823,824,2024-09-07,2024-09-09,double,533.18,38.24
824,825,2024-09-08,2024-09-10,double,141.08,21.22
825,826,2024-09-09,2024-09-11,single,106.49,29.08
826,827,2024-09-10,2024-09-12,double,162.21,36.73
827,828,2024-09-11,2024-09-13,double,237.99,33.54
828,829,2024-09-12,2024-09-14,double,316.73,31.34
829,830,2024-09-13,2024-09-15,double,442.33,47.31
830,831,2024-09-14,2024-09-16,single,508.36,11.92
831,832,2024-09-15,2024-09-17,double,250.06,14.8
832,833,2024-09-16,2024-09-18,double,63.33,5.51
833,834,2024-09-17,2024-09-19,double,57.76,16.98
834,835,2024-09-18,2024-09-20,double,158.6,10.8
835,836,2024-09-19,2024-09-21,single,366.34,21.49
836,837,2024-09-20,2024-09-22,double,128.97,34.98
837,838,2024-09-21,2024-09-23,double,331.72,0.21
838,839,2024-09-22,2024-09-24,double,367.73,28.25
839,840,2024-09-23,2024-09-25,double,161.92,17.36
840,841,2024-08-25,2024-08-27,single,249.09,15.04
841,842,2024-08-26,2024-08-28,double,342.44,43.81
842,843,2024-08-27,2024-08-29,double,50.46,30.53
843,844,2024-08-28,2024-08-30,double,403.01,21.44
844,845,2024-08-29,2024-08-31,double,94.24,36.53
845,846,2024-08-30,2024-09-01,single,372.48,44.38
846,847,2024-08-31,2024-09-02,double,153.76,21.55
847,848,2024-09-01,2024-09-03,double,227.55,4.83
848,849,2024-09-02,2024-09-04,double,135.06,34.43
849,850,2024-09-03,2024-09-05,double,273.58,4.96
850,851,2024-09-04,2024-09-06,single,500.1,6.68
851,852,2024-09-05,2024-09-07,double,101.66,28.6
852,853,2024-09-06,2024-09-08,double,98.72,48.23
853,854,2024-09-07,2024-09-09,double,122.6,7.85
854,855,2024-09-08,2024-09-10,double,325.89,41.71
855,856,2024-09-09,2024-09-11,single,363.34,28.21
856,857,2024-09-10,2024-09-12,double,279.51,37.71
857,858,2024-09-11,2024-09-13,double,129.55,27.8
858,859,2024-09-12,2024-09-14,double,116.75,44.52
859,860,2024-09-13,2024-09-15,double,545.99,31.88
860,861,2024-09-14,2024-09-16,single,257.68,49.7
861,862,2024-09-15,2024-09-17,double,116.61,36.27
862,863,2024-09-16,2024-09-18,double,172.07,24.49
863,864,2024-09-17,2024-09-19,double,134.0,33.01
864,865,2024-09-18,2024-09-20,double,75.39,48.03
865,866,2024-09-19,2024-09-21,single,73.08,49.72
866,867,2024-09-20,2024-09-22,double,114.86,2.4
867,868,2024-09-21,2024-09-23,double,440.26,22.19
868,869,2024-09-22,2024-09-24,double,116.19,49.5
869,870,2024-09-23,2024-09-25,double,305.51,4.86
870,871,2024-08-25,2024-08-27,single,299.6,49.61
871,872,2024-08-26,2024-08-28,double,410.9,20.31
872,873,2024-08-27,2024-08-29,double,335.61,3.0
873,874,2024-08-28,2024-08-30,double,544.23,49.15
874,875,2024-08-29,2024-08-31,double,261.09,20.8
875,876,2024-08-30,2024-09-01,single,356.78,42.28
876,877,2024-08-31,2024-09-02,double,94.13,7.88
877,878,2024-09-01,2024-09-03,double,538.19,17.67
878,879,2024-09-02,2024-09-04,double,489.91,38.9
879,880,2024-09-03,2024-09-05,double,382.95,10.54
880,881,2024-09-04,2024-09-06,single,151.07,40.05
881,882,2024-09-05,2024-09-07,double,168.54,26.42
882,883,2024-09-06,2024-09-08,double,416.67,14.35
883,884,2024-09-07,2024-09-09,double,137.51,28.43
884,885,2024-09-08,2024-09-10,double,388.43,41.34
885,886,2024-09-09,2024-09-11,single,437.71,47.49
886,887,2024-09-10,2024-09-12,double,536.41,43.39
887,888,2024-09-11,2024-09-13,double,429.57,16.18
888,889,2024-09-12,2024-09-14,double,546.52,28.36
889,890,2024-09-13,2024-09-15,double,346.14,44.17
890,891,2024-09-14,2024-09-16,single,106.79,31.69
891,892,2024-09-15,2024-09-17,double,272.19,6.53
892,893,2024-09-16,2024-09-18,double,170.34,41.85
893,894,2024-09-17,2024-09-19,double,151.02,32.24
894,895,2024-09-18,2024-09-20,double,309.59,30.29
895,896,2024-09-19,2024-09-21,single,490.8,42.57
896,897,2024-09-20,2024-09-22,double,84.92,36.83
897,898,2024-09-21,2024-09-23,double,312.99,49.36
898,899,2024-09-22,2024-09-24,double,173.57,0.55
899,900,2024-09-23,2024-09-25,double,200.23,17.93
900,901,2024-08-25,2024-08-27,single,540.64,6.41
901,902,2024-08-26,2024-08-28,double,75.68,6.19
902,903,2024-08-27,2024-08-29,double,418.36,43.61
903,904,2024-08-28,2024-08-30,double,194.0,48.14
904,905,2024-08-29,2024-08-31,double,195.58,39.67
905,906,2024-08-30,2024-09-01,single,90.17,11.29
906,907,2024-08-31,2024-09-02,double,194.44,37.84
907,908,2024-09-01,2024-09-03,double,108.56,12.54
908,909,2024-09-02,2024-09-04,double,330.78,34.8
909,910,2024-09-03,2024-09-05,double,292.07,6.72
910,911,2024-09-04,2024-09-06,single,461.95,24.4
911,912,2024-09-05,2024-09-07,double,122.13,8.01
912,913,2024-09-06,2024-09-08,double,126.48,24.03
913,914,2024-09-07,2024-09-09,double,362.31,23.01
914,915,2024-09-08,2024-09-10,double,472.34,17.33
915,916,2024-09-09,2024-09-11,single,422.71,9.55
916,917,2024-09-10,2024-09-12,double,462.73,16.21
917,918,2024-09-11,2024-09-13,double,54.48,10.08
918,919,2024-09-12,2024-09-14,double,491.44,39.47
919,920,2024-09-13,2024-09-15,double,233.32,37.5
920,921,2024-09-14,2024-09-16,single,546.06,26.21
921,922,2024-09-15,2024-09-17,double,451.15,25.37
922,923,2024-09-16,2024-09-18,double,529.53,49.6
923,924,2024-09-17,2024-09-19,double,313.57,38.41
924,925,2024-09-18,2024-09-20,double,205.4,37.49
925,926,2024-09-19,2024-09-21,single,319.87,11.84
926,927,2024-09-20,2024-09-22,double,425.01,29.5
927,928,2024-09-21,2024-09-23,double,66.48,44.32
928,929,2024-09-22,2024-09-24,double,445.12,36.01
929,930,2024-09-23,2024-09-25,double,175.2,25.96
930,931,2024-08-25,2024-08-27,single,161.62,41.74
931,932,2024-08-26,2024-08-28,double,166.76,35.23
932,933,2024-08-27,2024-08-29,double,290.75,8.85
933,934,2024-08-28,2024-08-30,double,417.51,30.51
934,935,2024-08-29,2024-08-31,double,286.15,0.31
935,936,2024-08-30,2024-09-01,single,492.64,41.11
936,937,2024-08-31,2024-09-02,double,113.96,20.69
937,938,2024-09-01,2024-09-03,double,511.57,47.56
938,939,2024-09-02,2024-09-04,double,233.47,16.73
939,940,2024-09-03,2024-09-05,double,87.2,32.3
940,941,2024-09-04,2024-09-06,single,477.13,14.77
941,942,2024-09-05,2024-09-07,double,88.21,24.94
942,943,2024-09-06,2024-09-08,double,258.84,43.39
943,944,2024-09-07,2024-09-09,double,396.98,12.09
944,945,2024-09-08,2024-09-10,double,95.28,32.94
945,946,2024-09-09,2024-09-11,single,101.02,2.92
946,947,2024-09-10,2024-09-12,double,523.5,34.76
947,948,2024-09-11,2024-09-13,double,135.97,41.02
948,949,2024-09-12,2024-09-14,double,273.08,10.71
949,950,2024-09-13,2024-09-15,double,246.65,29.03
950,951,2024-09-14,2024-09-16,single,179.01,34.25
951,952,2024-09-15,2024-09-17,double,301.09,40.31
952,953,2024-09-16,2024-09-18,double,138.26,29.63
953,954,2024-09-17,2024-09-19,double,262.1,5.73
954,955,2024-09-18,2024-09-20,double,548.23,21.45
955,956,2024-09-19,2024-09-21,single,121.75,40.78
956,957,2024-09-20,2024-09-22,double,159.21,48.66
957,958,2024-09-21,2024-09-23,double,445.2,19.41
958,959,2024-09-22,2024-09-24,double,206.26,19.89
959,960,2024-09-23,2024-09-25,double,60.44,14.57
960,961,2024-08-25,2024-08-27,single,304.04,40.54
961,962,2024-08-26,2024-08-28,double,305.6,39.7
962,963,2024-08-27,2024-08-29,double,423.56,20.39
963,964,2024-08-28,2024-08-30,double,394.12,49.17
964,965,2024-08-29,2024-08-31,double,271.29,27.02
965,966,2024-08-30,2024-09-01,single,142.86,44.53
966,967,2024-08-31,2024-09-02,double,545.09,18.82
967,968,2024-09-01,2024-09-03,double,396.59,47.24
968,969,2024-09-02,2024-09-04,double,498.3,38.85
969,970,2024-09-03,2024-09-05,double,65.11,20.28
970,971,2024-09-04,2024-09-06,single,444.42,49.77
971,972,2024-09-05,2024-09-07,double,211.05,10.99
972,973,2024-09-06,2024-09-08,double,132.23,22.76
973,974,2024-09-07,2024-09-09,double,507.8,5.85
974,975,2024-09-08,2024-09-10,double,209.7,19.93
975,976,2024-09-09,2024-09-11,single,149.17,47.09
976,977,2024-09-10,2024-09-12,double,330.92,27.62
977,978,2024-09-11,2024-09-13,double,184.88,46.26
978,979,2024-09-12,2024-09-14,double,189.56,5.57
979,980,2024-09-13,2024-09-15,double,377.69,6.47
980,981,2024-09-14,2024-09-16,single,145.93,26.46
981,982,2024-09-15,2024-09-17,double,107.04,44.62
982,983,2024-09-16,2024-09-18,double,451.58,28.76
983,984,2024-09-17,2024-09-19,double,257.19,3.56
984,985,2024-09-18,2024-09-20,double,328.53,19.15
985,986,2024-09-19,2024-09-21,single,330.94,0.59
986,987,2024-09-20,2024-09-22,double,82.94,16.18
987,988,2024-09-21,2024-09-23,double,478.86,41.29
988,989,2024-09-22,2024-09-24,double,190.98,13.18
989,990,2024-09-23,2024-09-25,double,461.69,49.94
990,991,2024-08-25,2024-08-27,single,93.97,22.25
991,992,2024-08-26,2024-08-28,double,104.47,1.28
992,993,2024-08-27,2024-08-29,double,149.98,46.2
993,994,2024-08-28,2024-08-30,double,116.42,22.71
994,995,2024-08-29,2024-08-31,double,468.53,15.82
995,996,2024-08-30,2024-09-01,single,152.51,43.57
996,997,2024-08-31,2024-09-02,double,276.9,44.65
997,998,2024-09-01,2024-09-03,double,71.42,16.38
998,999,2024-09-02,2024-09-04,double,142.35,35.81
999,1000,2024-09-03,2024-09-05,double,489.13,46.53
1000,1,2024-09-04,2024-09-06,single,80.42,7.22
