id,reservation_datetime,check_in_date,check_out_date,status,hotel_id,booker_id,voucher_code,total_room_price,total_discount
1,2021-11-30 08:05:55.499666,2024-08-26,2024-08-28,Cancelled,2,2,VOUCHER1,195.57,82.82
2,2021-12-01 08:05:55.499666,2024-08-27,2024-08-29,Expired,3,3,VOUCHER2,118.85,29.9
3,2021-12-02 08:05:55.499666,2024-08-28,2024-08-30,Booked,4,4,VOUCHER3,130.01,43.44
4,2021-12-03 08:05:55.499666,2024-08-29,2024-08-31,Pending,5,5,VOUCHER4,441.16,18.91
5,2021-12-04 08:05:55.499666,2024-08-30,2024-09-01,Cancelled,6,6,VOUCHER5,319.88,98.48
6,2021-12-05 08:05:55.499666,2024-08-31,2024-09-02,Expired,7,7,VOUCHER6,153.21,99.21
7,2021-12-06 08:05:55.499666,2024-09-01,2024-09-03,Booked,8,8,VOUCHER7,834.77,21.92
8,2021-12-07 08:05:55.499666,2024-09-02,2024-09-04,Pending,9,9,VOUCHER8,612.23,87.64
9,2021-12-08 08:05:55.499666,2024-09-03,2024-09-05,Cancelled,10,10,VOUCHER9,930.86,24.85
10,2021-12-09 08:05:55.499666,2024-09-04,2024-09-06,Expired,11,11,VOUCHER10,415.39,44.31
11,2021-12-10 08:05:55.499666,2024-09-05,2024-09-07,Booked,12,12,VOUCHER11,376.94,94.43
12,2021-12-11 08:05:55.499666,2024-09-06,2024-09-08,Pending,13,13,VOUCHER12,348.57,13.97
13,2021-12-12 08:05:55.499666,2024-09-07,2024-09-09,Cancelled,14,14,VOUCHER13,144.08,62.65
14,2021-12-13 08:05:55.499666,2024-09-08,2024-09-10,Expired,15,15,VOUCHER14,373.85,91.97
15,2021-12-14 08:05:55.499666,2024-09-09,2024-09-11,Booked,16,16,VOUCHER15,500.58,54.18
16,2021-12-15 08:05:55.499666,2024-09-10,2024-09-12,Pending,17,17,VOUCHER16,730.99,57.92
17,2021-12-16 08:05:55.499666,2024-09-11,2024-09-13,Cancelled,18,18,VOUCHER17,234.23,64.45
18,2021-12-17 08:05:55.499666,2024-09-12,2024-09-14,Expired,19,19,VOUCHER18,167.96,32.62
19,2021-12-18 08:05:55.499666,2024-09-13,2024-09-15,Booked,20,20,VOUCHER19,766.86,40.01
20,2021-12-19 08:05:55.499666,2024-09-14,2024-09-16,Pending,21,21,VOUCHER20,308.1,61.75
21,2021-12-20 08:05:55.499666,2024-09-15,2024-09-17,Cancelled,22,22,VOUCHER21,921.86,62.44
22,2021-12-21 08:05:55.499666,2024-09-16,2024-09-18,Expired,23,23,VOUCHER22,745.7,7.38
23,2021-12-22 08:05:55.499666,2024-09-17,2024-09-19,Booked,24,24,VOUCHER23,847.71,80.27
24,2021-12-23 08:05:55.499666,2024-09-18,2024-09-20,Pending,25,25,VOUCHER24,498.78,5.93
25,2021-12-24 08:05:55.499666,2024-09-19,2024-09-21,Cancelled,26,26,VOUCHER25,337.61,31.48
26,2021-12-25 08:05:55.499666,2024-09-20,2024-09-22,Expired,27,27,VOUCHER26,383.15,0.3
27,2021-12-26 08:05:55.499666,2024-09-21,2024-09-23,Booked,28,28,VOUCHER27,465.51,61.26
28,2021-12-27 08:05:55.499666,2024-09-22,2024-09-24,Pending,29,29,VOUCHER28,973.2,73.97
29,2021-12-28 08:05:55.499666,2024-09-23,2024-09-25,Cancelled,30,30,VOUCHER29,987.23,60.77
30,2021-12-29 08:05:55.499666,2024-08-25,2024-08-27,Expired,31,31,VOUCHER30,432.94,54.71
31,2021-12-30 08:05:55.499666,2024-08-26,2024-08-28,Booked,32,32,VOUCHER31,437.7,42.99
32,2021-12-31 08:05:55.499666,2024-08-27,2024-08-29,Pending,33,33,VOUCHER32,311.28,43.46
33,2022-01-01 08:05:55.499666,2024-08-28,2024-08-30,Cancelled,34,34,VOUCHER33,850.4,82.04
34,2022-01-02 08:05:55.499666,2024-08-29,2024-08-31,Expired,35,35,VOUCHER34,653.58,86.21
35,2022-01-03 08:05:55.499666,2024-08-30,2024-09-01,Booked,36,36,VOUCHER35,797.45,83.31
36,2022-01-04 08:05:55.499666,2024-08-31,2024-09-02,Pending,37,37,VOUCHER36,570.15,0.31
37,2022-01-05 08:05:55.499666,2024-09-01,2024-09-03,Cancelled,38,38,VOUCHER37,212.15,29.28
38,2022-01-06 08:05:55.499666,2024-09-02,2024-09-04,Expired,39,39,VOUCHER38,882.79,95.71
39,2022-01-07 08:05:55.499666,2024-09-03,2024-09-05,Booked,40,40,VOUCHER39,630.75,72.97
40,2022-01-08 08:05:55.499666,2024-09-04,2024-09-06,Pending,41,41,VOUCHER40,131.76,80.85
41,2022-01-09 08:05:55.499666,2024-09-05,2024-09-07,Cancelled,42,42,VOUCHER41,947.76,85.95
42,2022-01-10 08:05:55.499666,2024-09-06,2024-09-08,Expired,43,43,VOUCHER42,135.27,95.8
43,2022-01-11 08:05:55.499666,2024-09-07,2024-09-09,Booked,44,44,VOUCHER43,1095.46,28.96
44,2022-01-12 08:05:55.499666,2024-09-08,2024-09-10,Pending,45,45,VOUCHER44,347.1,82.93
45,2022-01-13 08:05:55.499666,2024-09-09,2024-09-11,Cancelled,46,46,VOUCHER45,760.19,8.97
46,2022-01-14 08:05:55.499666,2024-09-10,2024-09-12,Expired,47,47,VOUCHER46,429.06,51.08
47,2022-01-15 08:05:55.499666,2024-09-11,2024-09-13,Booked,48,48,VOUCHER47,1069.17,40.92
48,2022-01-16 08:05:55.499666,2024-09-12,2024-09-14,Pending,49,49,VOUCHER48,1045.25,50.89
49,2022-01-17 08:05:55.499666,2024-09-13,2024-09-15,Cancelled,50,50,VOUCHER49,303.97,5.86
50,2022-01-18 08:05:55.499666,2024-09-14,2024-09-16,Expired,1,51,VOUCHER50,774.44,98.9
51,2022-01-19 08:05:55.499666,2024-09-15,2024-09-17,Booked,2,52,VOUCHER51,1010.56,16.56
52,2022-01-20 08:05:55.499666,2024-09-16,2024-09-18,Pending,3,53,VOUCHER52,933.62,31.85
53,2022-01-21 08:05:55.499666,2024-09-17,2024-09-19,Cancelled,4,54,VOUCHER53,219.94,81.28
54,2022-01-22 08:05:55.499666,2024-09-18,2024-09-20,Expired,5,55,VOUCHER54,795.48,60.78
55,2022-01-23 08:05:55.499666,2024-09-19,2024-09-21,Booked,6,56,VOUCHER55,912.72,26.05
56,2022-01-24 08:05:55.499666,2024-09-20,2024-09-22,Pending,7,57,VOUCHER56,279.86,21.0
57,2022-01-25 08:05:55.499666,2024-09-21,2024-09-23,Cancelled,8,58,VOUCHER57,852.63,62.09
58,2022-01-26 08:05:55.499666,2024-09-22,2024-09-24,Expired,9,59,VOUCHER58,396.86,76.83
59,2022-01-27 08:05:55.499666,2024-09-23,2024-09-25,Booked,10,60,VOUCHER59,677.4,2.16
60,2022-01-28 08:05:55.499666,2024-08-25,2024-08-27,Pending,11,61,VOUCHER60,1036.47,62.28
61,2022-01-29 08:05:55.499666,2024-08-26,2024-08-28,Cancelled,12,62,VOUCHER61,825.12,56.58
62,2022-01-30 08:05:55.499666,2024-08-27,2024-08-29,Expired,13,63,VOUCHER62,736.92,95.4
63,2022-01-31 08:05:55.499666,2024-08-28,2024-08-30,Booked,14,64,VOUCHER63,845.14,13.56
64,2022-02-01 08:05:55.499666,2024-08-29,2024-08-31,Pending,15,65,VOUCHER64,745.97,47.23
65,2022-02-02 08:05:55.499666,2024-08-30,2024-09-01,Cancelled,16,66,VOUCHER65,705.96,2.52
66,2022-02-03 08:05:55.499666,2024-08-31,2024-09-02,Expired,17,67,VOUCHER66,523.12,28.63
67,2022-02-04 08:05:55.499666,2024-09-01,2024-09-03,Booked,18,68,VOUCHER67,379.44,91.76
68,2022-02-05 08:05:55.499666,2024-09-02,2024-09-04,Pending,19,69,VOUCHER68,147.36,59.93
69,2022-02-06 08:05:55.499666,2024-09-03,2024-09-05,Cancelled,20,70,VOUCHER69,718.5,11.38
70,2022-02-07 08:05:55.499666,2024-09-04,2024-09-06,Expired,21,71,VOUCHER70,306.98,40.84
71,2022-02-08 08:05:55.499666,2024-09-05,2024-09-07,Booked,22,72,VOUCHER71,121.6,59.01
72,2022-02-09 08:05:55.499666,2024-09-06,2024-09-08,Pending,23,73,VOUCHER72,394.02,48.55
73,2022-02-10 08:05:55.499666,2024-09-07,2024-09-09,Cancelled,24,74,VOUCHER73,815.06,21.44
74,2022-02-11 08:05:55.499666,2024-09-08,2024-09-10,Expired,25,75,VOUCHER74,1023.05,71.04
75,2022-02-12 08:05:55.499666,2024-09-09,2024-09-11,Booked,26,76,VOUCHER75,608.46,73.64
76,2022-02-13 08:05:55.499666,2024-09-10,2024-09-12,Pending,27,77,VOUCHER76,188.56,65.19
77,2022-02-14 08:05:55.499666,2024-09-11,2024-09-13,Cancelled,28,78,VOUCHER77,466.58,31.24
78,2022-02-15 08:05:55.499666,2024-09-12,2024-09-14,Expired,29,79,VOUCHER78,490.12,3.67
79,2022-02-16 08:05:55.499666,2024-09-13,2024-09-15,Booked,30,80,VOUCHER79,176.43,82.61
80,2022-02-17 08:05:55.499666,2024-09-14,2024-09-16,Pending,31,81,VOUCHER80,941.9,4.97
81,2022-02-18 08:05:55.499666,2024-09-15,2024-09-17,Cancelled,32,82,VOUCHER81,203.25,96.78
82,2022-02-19 08:05:55.499666,2024-09-16,2024-09-18,Expired,33,83,VOUCHER82,972.62,92.23
83,2022-02-20 08:05:55.499666,2024-09-17,2024-09-19,Booked,34,84,VOUCHER83,663.0,46.48
84,2022-02-21 08:05:55.499666,2024-09-18,2024-09-20,Pending,35,85,VOUCHER84,272.1,92.31
85,2022-02-22 08:05:55.499666,2024-09-19,2024-09-21,Cancelled,36,86,VOUCHER85,282.06,40.66
86,2022-02-23 08:05:55.499666,2024-09-20,2024-09-22,Expired,37,87,VOUCHER86,186.6,9.33
87,2022-02-24 08:05:55.499666,2024-09-21,2024-09-23,Booked,38,88,VOUCHER87,560.88,81.23
88,2022-02-25 08:05:55.499666,2024-09-22,2024-09-24,Pending,39,89,VOUCHER88,772.36,8.07
89,2022-02-26 08:05:55.499666,2024-09-23,2024-09-25,Cancelled,40,90,VOUCHER89,854.54,39.47
90,2022-02-27 08:05:55.499666,2024-08-25,2024-08-27,Expired,41,91,VOUCHER90,326.55,43.81
91,2022-02-28 08:05:55.499666,2024-08-26,2024-08-28,Booked,42,92,VOUCHER91,180.15,43.49
92,2022-03-01 08:05:55.499666,2024-08-27,2024-08-29,Pending,43,93,VOUCHER92,998.32,24.6
93,2022-03-02 08:05:55.499666,2024-08-28,2024-08-30,Cancelled,44,94,VOUCHER93,661.26,26.92
94,2022-03-03 08:05:55.499666,2024-08-29,2024-08-31,Expired,45,95,VOUCHER94,788.6,90.44
95,2022-03-04 08:05:55.499666,2024-08-30,2024-09-01,Booked,46,96,VOUCHER95,230.11,70.93
96,2022-03-05 08:05:55.499666,2024-08-31,2024-09-02,Pending,47,97,VOUCHER96,1051.62,17.33
97,2022-03-06 08:05:55.499666,2024-09-01,2024-09-03,Cancelled,48,98,VOUCHER97,589.11,74.56
98,2022-03-07 08:05:55.499666,2024-09-02,2024-09-04,Expired,49,99,VOUCHER98,269.92,81.09
99,2022-03-08 08:05:55.499666,2024-09-03,2024-09-05,Booked,50,100,VOUCHER99,245.33,77.94
100,2022-03-09 08:05:55.499666,2024-09-04,2024-09-06,Pending,1,101,VOUCHER100,969.53,51.58
101,2022-03-10 08:05:55.499666,2024-09-05,2024-09-07,Cancelled,2,102,VOUCHER101,393.31,89.32
102,2022-03-11 08:05:55.499666,2024-09-06,2024-09-08,Expired,3,103,VOUCHER102,835.7,87.62
103,2022-03-12 08:05:55.499666,2024-09-07,2024-09-09,Booked,4,104,VOUCHER103,449.34,98.2
104,2022-03-13 08:05:55.499666,2024-09-08,2024-09-10,Pending,5,105,VOUCHER104,369.66,0.85
105,2022-03-14 08:05:55.499666,2024-09-09,2024-09-11,Cancelled,6,106,VOUCHER105,508.1,97.75
106,2022-03-15 08:05:55.499666,2024-09-10,2024-09-12,Expired,7,107,VOUCHER106,362.17,86.14
107,2022-03-16 08:05:55.499666,2024-09-11,2024-09-13,Booked,8,108,VOUCHER107,974.52,60.6
108,2022-03-17 08:05:55.499666,2024-09-12,2024-09-14,Pending,9,109,VOUCHER108,444.68,39.16
109,2022-03-18 08:05:55.499666,2024-09-13,2024-09-15,Cancelled,10,110,VOUCHER109,148.4,70.44
110,2022-03-19 08:05:55.499666,2024-09-14,2024-09-16,Expired,11,111,VOUCHER110,488.08,9.86
111,2022-03-20 08:05:55.499666,2024-09-15,2024-09-17,Booked,12,112,VOUCHER111,838.33,82.36
112,2022-03-21 08:05:55.499666,2024-09-16,2024-09-18,Pending,13,113,VOUCHER112,453.09,64.0
113,2022-03-22 08:05:55.499666,2024-09-17,2024-09-19,Cancelled,14,114,VOUCHER113,839.44,76.87
114,2022-03-23 08:05:55.499666,2024-09-18,2024-09-20,Expired,15,115,VOUCHER114,836.54,33.62
115,2022-03-24 08:05:55.499666,2024-09-19,2024-09-21,Booked,16,116,VOUCHER115,713.5,64.34
116,2022-03-25 08:05:55.499666,2024-09-20,2024-09-22,Pending,17,117,VOUCHER116,310.7,48.85
117,2022-03-26 08:05:55.499666,2024-09-21,2024-09-23,Cancelled,18,118,VOUCHER117,101.82,51.23
118,2022-03-27 08:05:55.499666,2024-09-22,2024-09-24,Expired,19,119,VOUCHER118,805.66,26.9
119,2022-03-28 08:05:55.499666,2024-09-23,2024-09-25,Booked,20,120,VOUCHER119,323.99,77.47
120,2022-03-29 08:05:55.499666,2024-08-25,2024-08-27,Pending,21,121,VOUCHER120,751.39,94.47
121,2022-03-30 08:05:55.499666,2024-08-26,2024-08-28,Cancelled,22,122,VOUCHER121,266.99,92.18
122,2022-03-31 08:05:55.499666,2024-08-27,2024-08-29,Expired,23,123,VOUCHER122,668.49,84.06
123,2022-04-01 08:05:55.499666,2024-08-28,2024-08-30,Booked,24,124,VOUCHER123,248.6,36.37
124,2022-04-02 08:05:55.499666,2024-08-29,2024-08-31,Pending,25,125,VOUCHER124,796.3,47.02
125,2022-04-03 08:05:55.499666,2024-08-30,2024-09-01,Cancelled,26,126,VOUCHER125,301.09,16.42
126,2022-04-04 08:05:55.499666,2024-08-31,2024-09-02,Expired,27,127,VOUCHER126,1071.55,90.84
127,2022-04-05 08:05:55.499666,2024-09-01,2024-09-03,Booked,28,128,VOUCHER127,1020.46,66.31
128,2022-04-06 08:05:55.499666,2024-09-02,2024-09-04,Pending,29,129,VOUCHER128,947.34,77.22
129,2022-04-07 08:05:55.499666,2024-09-03,2024-09-05,Cancelled,30,130,VOUCHER129,1074.87,34.76
130,2022-04-08 08:05:55.499666,2024-09-04,2024-09-06,Expired,31,131,VOUCHER130,276.19,14.25
131,2022-04-09 08:05:55.499666,2024-09-05,2024-09-07,Booked,32,132,VOUCHER131,673.59,83.48
132,2022-04-10 08:05:55.499666,2024-09-06,2024-09-08,Pending,33,133,VOUCHER132,604.12,70.21
133,2022-04-11 08:05:55.499666,2024-09-07,2024-09-09,Cancelled,34,134,VOUCHER133,733.1,21.93
134,2022-04-12 08:05:55.499666,2024-09-08,2024-09-10,Expired,35,135,VOUCHER134,647.92,9.15
135,2022-04-13 08:05:55.499666,2024-09-09,2024-09-11,Booked,36,136,VOUCHER135,306.35,24.42
136,2022-04-14 08:05:55.499666,2024-09-10,2024-09-12,Pending,37,137,VOUCHER136,692.24,57.91
137,2022-04-15 08:05:55.499666,2024-09-11,2024-09-13,Cancelled,38,138,VOUCHER137,689.12,7.16
138,2022-04-16 08:05:55.499666,2024-09-12,2024-09-14,Expired,39,139,VOUCHER138,966.46,19.76
139,2022-04-17 08:05:55.499666,2024-09-13,2024-09-15,Booked,40,140,VOUCHER139,807.08,80.69
140,2022-04-18 08:05:55.499666,2024-09-14,2024-09-16,Pending,41,141,VOUCHER140,386.87,37.52
141,2022-04-19 08:05:55.499666,2024-09-15,2024-09-17,Cancelled,42,142,VOUCHER141,298.24,20.93
142,2022-04-20 08:05:55.499666,2024-09-16,2024-09-18,Expired,43,143,VOUCHER142,102.81,16.44
143,2022-04-21 08:05:55.499666,2024-09-17,2024-09-19,Booked,44,144,VOUCHER143,618.5,17.19
144,2022-04-22 08:05:55.499666,2024-09-18,2024-09-20,Pending,45,145,VOUCHER144,116.91,58.26
145,2022-04-23 08:05:55.499666,2024-09-19,2024-09-21,Cancelled,46,146,VOUCHER145,448.6,95.3
146,2022-04-24 08:05:55.499666,2024-09-20,2024-09-22,Expired,47,147,VOUCHER146,489.42,49.08
147,2022-04-25 08:05:55.499666,2024-09-21,2024-09-23,Booked,48,148,VOUCHER147,305.1,78.65
148,2022-04-26 08:05:55.499666,2024-09-22,2024-09-24,Pending,49,149,VOUCHER148,743.31,26.13
149,2022-04-27 08:05:55.499666,2024-09-23,2024-09-25,Cancelled,50,150,VOUCHER149,148.61,30.2
150,2022-04-28 08:05:55.499666,2024-08-25,2024-08-27,Expired,1,151,VOUCHER150,595.95,17.28
151,2022-04-29 08:05:55.499666,2024-08-26,2024-08-28,Booked,2,152,VOUCHER151,731.98,17.72
152,2022-04-30 08:05:55.499666,2024-08-27,2024-08-29,Pending,3,153,VOUCHER152,919.17,71.91
153,2022-05-01 08:05:55.499666,2024-08-28,2024-08-30,Cancelled,4,154,VOUCHER153,687.32,5.91
154,2022-05-02 08:05:55.499666,2024-08-29,2024-08-31,Expired,5,155,VOUCHER154,315.09,54.33
155,2022-05-03 08:05:55.499666,2024-08-30,2024-09-01,Booked,6,156,VOUCHER155,863.34,10.23
156,2022-05-04 08:05:55.499666,2024-08-31,2024-09-02,Pending,7,157,VOUCHER156,159.92,50.82
157,2022-05-05 08:05:55.499666,2024-09-01,2024-09-03,Cancelled,8,158,VOUCHER157,1097.42,43.44
158,2022-05-06 08:05:55.499666,2024-09-02,2024-09-04,Expired,9,159,VOUCHER158,761.99,97.25
159,2022-05-07 08:05:55.499666,2024-09-03,2024-09-05,Booked,10,160,VOUCHER159,545.73,58.47
160,2022-05-08 08:05:55.499666,2024-09-04,2024-09-06,Pending,11,161,VOUCHER160,1078.56,94.27
161,2022-05-09 08:05:55.499666,2024-09-05,2024-09-07,Cancelled,12,162,VOUCHER161,460.04,88.59
162,2022-05-10 08:05:55.499666,2024-09-06,2024-09-08,Expired,13,163,VOUCHER162,495.3,68.25
163,2022-05-11 08:05:55.499666,2024-09-07,2024-09-09,Booked,14,164,VOUCHER163,153.54,21.71
164,2022-05-12 08:05:55.499666,2024-09-08,2024-09-10,Pending,15,165,VOUCHER164,573.88,13.76
165,2022-05-13 08:05:55.499666,2024-09-09,2024-09-11,Cancelled,16,166,VOUCHER165,1056.39,23.09
166,2022-05-14 08:05:55.499666,2024-09-10,2024-09-12,Expired,17,167,VOUCHER166,579.38,24.47
167,2022-05-15 08:05:55.499666,2024-09-11,2024-09-13,Booked,18,168,VOUCHER167,643.34,54.59
168,2022-05-16 08:05:55.499666,2024-09-12,2024-09-14,Pending,19,169,VOUCHER168,499.06,64.85
169,2022-05-17 08:05:55.499666,2024-09-13,2024-09-15,Cancelled,20,170,VOUCHER169,493.35,86.63
170,2022-05-18 08:05:55.499666,2024-09-14,2024-09-16,Expired,21,171,VOUCHER170,224.14,42.15
171,2022-05-19 08:05:55.499666,2024-09-15,2024-09-17,Booked,22,172,VOUCHER171,388.69,78.9
172,2022-05-20 08:05:55.499666,2024-09-16,2024-09-18,Pending,23,173,VOUCHER172,483.25,15.32
173,2022-05-21 08:05:55.499666,2024-09-17,2024-09-19,Cancelled,24,174,VOUCHER173,708.45,27.44
174,2022-05-22 08:05:55.499666,2024-09-18,2024-09-20,Expired,25,175,VOUCHER174,963.17,89.06
175,2022-05-23 08:05:55.499666,2024-09-19,2024-09-21,Booked,26,176,VOUCHER175,148.72,61.64
176,2022-05-24 08:05:55.499666,2024-09-20,2024-09-22,Pending,27,177,VOUCHER176,130.72,25.61
177,2022-05-25 08:05:55.499666,2024-09-21,2024-09-23,Cancelled,28,178,VOUCHER177,194.18,85.76
178,2022-05-26 08:05:55.499666,2024-09-22,2024-09-24,Expired,29,179,VOUCHER178,460.16,4.83
179,2022-05-27 08:05:55.499666,2024-09-23,2024-09-25,Booked,30,180,VOUCHER179,661.36,23.56
180,2022-05-28 08:05:55.499666,2024-08-25,2024-08-27,Pending,31,181,VOUCHER180,780.16,42.09
181,2022-05-29 08:05:55.499666,2024-08-26,2024-08-28,Cancelled,32,182,VOUCHER181,872.56,54.53
182,2022-05-30 08:05:55.499666,2024-08-27,2024-08-29,Expired,33,183,VOUCHER182,1070.07,52.53
183,2022-05-31 08:05:55.499666,2024-08-28,2024-08-30,Booked,34,184,VOUCHER183,645.88,55.9
184,2022-06-01 08:05:55.499666,2024-08-29,2024-08-31,Pending,35,185,VOUCHER184,370.8,23.91
185,2022-06-02 08:05:55.499666,2024-08-30,2024-09-01,Cancelled,36,186,VOUCHER185,797.71,54.86
186,2022-06-03 08:05:55.499666,2024-08-31,2024-09-02,Expired,37,187,VOUCHER186,223.84,26.88
187,2022-06-04 08:05:55.499666,2024-09-01,2024-09-03,Booked,38,188,VOUCHER187,449.95,80.69
188,2022-06-05 08:05:55.499666,2024-09-02,2024-09-04,Pending,39,189,VOUCHER188,732.72,73.06
189,2022-06-06 08:05:55.499666,2024-09-03,2024-09-05,Cancelled,40,190,VOUCHER189,267.77,9.55
190,2022-06-07 08:05:55.499666,2024-09-04,2024-09-06,Expired,41,191,VOUCHER190,553.97,4.58
191,2022-06-08 08:05:55.499666,2024-09-05,2024-09-07,Booked,42,192,VOUCHER191,182.59,49.84
192,2022-06-09 08:05:55.499666,2024-09-06,2024-09-08,Pending,43,193,VOUCHER192,795.37,13.43
193,2022-06-10 08:05:55.499666,2024-09-07,2024-09-09,Cancelled,44,194,VOUCHER193,986.85,97.99
194,2022-06-11 08:05:55.499666,2024-09-08,2024-09-10,Expired,45,195,VOUCHER194,433.29,0.46
195,2022-06-12 08:05:55.499666,2024-09-09,2024-09-11,Booked,46,196,VOUCHER195,937.14,41.77
196,2022-06-13 08:05:55.499666,2024-09-10,2024-09-12,Pending,47,197,VOUCHER196,791.39,69.99
197,2022-06-14 08:05:55.499666,2024-09-11,2024-09-13,Cancelled,48,198,VOUCHER197,633.59,27.41
198,2022-06-15 08:05:55.499666,2024-09-12,2024-09-14,Expired,49,199,VOUCHER198,260.26,49.49
199,2022-06-16 08:05:55.499666,2024-09-13,2024-09-15,Booked,50,200,VOUCHER199,627.4,80.89
200,2022-06-17 08:05:55.499666,2024-09-14,2024-09-16,Pending,1,201,VOUCHER200,521.99,31.71
201,2022-06-18 08:05:55.499666,2024-09-15,2024-09-17,Cancelled,2,202,VOUCHER201,565.2,61.67
202,2022-06-19 08:05:55.499666,2024-09-16,2024-09-18,Expired,3,203,VOUCHER202,391.7,69.14
203,2022-06-20 08:05:55.499666,2024-09-17,2024-09-19,Booked,4,204,VOUCHER203,1035.27,74.7
204,2022-06-21 08:05:55.499666,2024-09-18,2024-09-20,Pending,5,205,VOUCHER204,145.76,42.99
205,2022-06-22 08:05:55.499666,2024-09-19,2024-09-21,Cancelled,6,206,VOUCHER205,413.59,7.05
206,2022-06-23 08:05:55.499666,2024-09-20,2024-09-22,Expired,7,207,VOUCHER206,1097.21,69.33
207,2022-06-24 08:05:55.499666,2024-09-21,2024-09-23,Booked,8,208,VOUCHER207,899.47,36.28
208,2022-06-25 08:05:55.499666,2024-09-22,2024-09-24,Pending,9,209,VOUCHER208,754.45,57.75
209,2022-06-26 08:05:55.499666,2024-09-23,2024-09-25,Cancelled,10,210,VOUCHER209,1015.61,66.59
210,2022-06-27 08:05:55.499666,2024-08-25,2024-08-27,Expired,11,211,VOUCHER210,289.76,67.58
211,2022-06-28 08:05:55.499666,2024-08-26,2024-08-28,Booked,12,212,VOUCHER211,263.06,35.52
212,2022-06-29 08:05:55.499666,2024-08-27,2024-08-29,Pending,13,213,VOUCHER212,207.35,7.24
213,2022-06-30 08:05:55.499666,2024-08-28,2024-08-30,Cancelled,14,214,VOUCHER213,459.35,39.18
214,2022-07-01 08:05:55.499666,2024-08-29,2024-08-31,Expired,15,215,VOUCHER214,1072.71,36.33
215,2022-07-02 08:05:55.499666,2024-08-30,2024-09-01,Booked,16,216,VOUCHER215,840.8,1.79
216,2022-07-03 08:05:55.499666,2024-08-31,2024-09-02,Pending,17,217,VOUCHER216,310.12,78.25
217,2022-07-04 08:05:55.499666,2024-09-01,2024-09-03,Cancelled,18,218,VOUCHER217,1026.29,58.04
218,2022-07-05 08:05:55.499666,2024-09-02,2024-09-04,Expired,19,219,VOUCHER218,336.25,55.86
219,2022-07-06 08:05:55.499666,2024-09-03,2024-09-05,Booked,20,220,VOUCHER219,868.26,82.48
220,2022-07-07 08:05:55.499666,2024-09-04,2024-09-06,Pending,21,221,VOUCHER220,444.3,72.09
221,2022-07-08 08:05:55.499666,2024-09-05,2024-09-07,Cancelled,22,222,VOUCHER221,461.81,34.06
222,2022-07-09 08:05:55.499666,2024-09-06,2024-09-08,Expired,23,223,VOUCHER222,734.59,71.66
223,2022-07-10 08:05:55.499666,2024-09-07,2024-09-09,Booked,24,224,VOUCHER223,750.41,47.48
224,2022-07-11 08:05:55.499666,2024-09-08,2024-09-10,Pending,25,225,VOUCHER224,180.86,15.91
225,2022-07-12 08:05:55.499666,2024-09-09,2024-09-11,Cancelled,26,226,VOUCHER225,316.58,94.0
226,2022-07-13 08:05:55.499666,2024-09-10,2024-09-12,Expired,27,227,VOUCHER226,380.23,58.27
227,2022-07-14 08:05:55.499666,2024-09-11,2024-09-13,Booked,28,228,VOUCHER227,840.7,17.8
228,2022-07-15 08:05:55.499666,2024-09-12,2024-09-14,Pending,29,229,VOUCHER228,243.66,28.27
229,2022-07-16 08:05:55.499666,2024-09-13,2024-09-15,Cancelled,30,230,VOUCHER229,1066.91,80.99
230,2022-07-17 08:05:55.499666,2024-09-14,2024-09-16,Expired,31,231,VOUCHER230,502.9,72.81
231,2022-07-18 08:05:55.499666,2024-09-15,2024-09-17,Booked,32,232,VOUCHER231,849.97,88.1
232,2022-07-19 08:05:55.499666,2024-09-16,2024-09-18,Pending,33,233,VOUCHER232,428.28,98.37
233,2022-07-20 08:05:55.499666,2024-09-17,2024-09-19,Cancelled,34,234,VOUCHER233,344.31,15.15
234,2022-07-21 08:05:55.499666,2024-09-18,2024-09-20,Expired,35,235,VOUCHER234,137.91,41.15
235,2022-07-22 08:05:55.499666,2024-09-19,2024-09-21,Booked,36,236,VOUCHER235,710.38,7.55
236,2022-07-23 08:05:55.499666,2024-09-20,2024-09-22,Pending,37,237,VOUCHER236,727.22,24.45
237,2022-07-24 08:05:55.499666,2024-09-21,2024-09-23,Cancelled,38,238,VOUCHER237,882.76,96.13
238,2022-07-25 08:05:55.499666,2024-09-22,2024-09-24,Expired,39,239,VOUCHER238,632.37,56.95
239,2022-07-26 08:05:55.499666,2024-09-23,2024-09-25,Booked,40,240,VOUCHER239,200.4,81.2
240,2022-07-27 08:05:55.499666,2024-08-25,2024-08-27,Pending,41,241,VOUCHER240,963.93,71.35
241,2022-07-28 08:05:55.499666,2024-08-26,2024-08-28,Cancelled,42,242,VOUCHER241,726.93,65.91
242,2022-07-29 08:05:55.499666,2024-08-27,2024-08-29,Expired,43,243,VOUCHER242,387.76,89.8
243,2022-07-30 08:05:55.499666,2024-08-28,2024-08-30,Booked,44,244,VOUCHER243,275.01,54.9
244,2022-07-31 08:05:55.499666,2024-08-29,2024-08-31,Pending,45,245,VOUCHER244,696.45,49.0
245,2022-08-01 08:05:55.499666,2024-08-30,2024-09-01,Cancelled,46,246,VOUCHER245,835.15,40.3
246,2022-08-02 08:05:55.499666,2024-08-31,2024-09-02,Expired,47,247,VOUCHER246,793.28,92.44
247,2022-08-03 08:05:55.499666,2024-09-01,2024-09-03,Booked,48,248,VOUCHER247,839.02,50.75
248,2022-08-04 08:05:55.499666,2024-09-02,2024-09-04,Pending,49,249,VOUCHER248,1015.49,84.42
249,2022-08-05 08:05:55.499666,2024-09-03,2024-09-05,Cancelled,50,250,VOUCHER249,458.29,60.67
250,2022-08-06 08:05:55.499666,2024-09-04,2024-09-06,Expired,1,251,VOUCHER250,746.82,68.94
251,2022-08-07 08:05:55.499666,2024-09-05,2024-09-07,Booked,2,252,VOUCHER251,651.62,27.34
252,2022-08-08 08:05:55.499666,2024-09-06,2024-09-08,Pending,3,253,VOUCHER252,132.44,58.16
253,2022-08-09 08:05:55.499666,2024-09-07,2024-09-09,Cancelled,4,254,VOUCHER253,578.67,13.41
254,2022-08-10 08:05:55.499666,2024-09-08,2024-09-10,Expired,5,255,VOUCHER254,509.16,15.86
255,2022-08-11 08:05:55.499666,2024-09-09,2024-09-11,Booked,6,256,VOUCHER255,156.76,49.19
256,2022-08-12 08:05:55.499666,2024-09-10,2024-09-12,Pending,7,257,VOUCHER256,329.45,2.89
257,2022-08-13 08:05:55.499666,2024-09-11,2024-09-13,Cancelled,8,258,VOUCHER257,253.2,14.32
258,2022-08-14 08:05:55.499666,2024-09-12,2024-09-14,Expired,9,259,VOUCHER258,891.74,76.77
259,2022-08-15 08:05:55.499666,2024-09-13,2024-09-15,Booked,10,260,VOUCHER259,296.7,63.1
260,2022-08-16 08:05:55.499666,2024-09-14,2024-09-16,Pending,11,261,VOUCHER260,926.7,16.4
261,2022-08-17 08:05:55.499666,2024-09-15,2024-09-17,Cancelled,12,262,VOUCHER261,920.19,57.1
262,2022-08-18 08:05:55.499666,2024-09-16,2024-09-18,Expired,13,263,VOUCHER262,939.49,56.65
263,2022-08-19 08:05:55.499666,2024-09-17,2024-09-19,Booked,14,264,VOUCHER263,784.86,95.87
264,2022-08-20 08:05:55.499666,2024-09-18,2024-09-20,Pending,15,265,VOUCHER264,411.39,24.51
265,2022-08-21 08:05:55.499666,2024-09-19,2024-09-21,Cancelled,16,266,VOUCHER265,601.75,81.18
266,2022-08-22 08:05:55.499666,2024-09-20,2024-09-22,Expired,17,267,VOUCHER266,337.73,27.18
267,2022-08-23 08:05:55.499666,2024-09-21,2024-09-23,Booked,18,268,VOUCHER267,889.47,7.22
268,2022-08-24 08:05:55.499666,2024-09-22,2024-09-24,Pending,19,269,VOUCHER268,768.4,40.17
269,2022-08-25 08:05:55.499666,2024-09-23,2024-09-25,Cancelled,20,270,VOUCHER269,461.99,22.33
270,2022-08-26 08:05:55.499666,2024-08-25,2024-08-27,Expired,21,271,VOUCHER270,745.66,16.84
271,2022-08-27 08:05:55.499666,2024-08-26,2024-08-28,Booked,22,272,VOUCHER271,510.83,54.63
272,2022-08-28 08:05:55.499666,2024-08-27,2024-08-29,Pending,23,273,VOUCHER272,354.23,4.28
273,2022-08-29 08:05:55.499666,2024-08-28,2024-08-30,Cancelled,24,274,VOUCHER273,365.44,71.66
274,2022-08-30 08:05:55.499666,2024-08-29,2024-08-31,Expired,25,275,VOUCHER274,138.72,19.94
275,2022-08-31 08:05:55.499666,2024-08-30,2024-09-01,Booked,26,276,VOUCHER275,222.78,52.69
276,2022-09-01 08:05:55.499666,2024-08-31,2024-09-02,Pending,27,277,VOUCHER276,364.03,61.02
277,2022-09-02 08:05:55.499666,2024-09-01,2024-09-03,Cancelled,28,278,VOUCHER277,921.48,83.49
278,2022-09-03 08:05:55.499666,2024-09-02,2024-09-04,Expired,29,279,VOUCHER278,1028.65,78.01
279,2022-09-04 08:05:55.499666,2024-09-03,2024-09-05,Booked,30,280,VOUCHER279,992.92,38.52
280,2022-09-05 08:05:55.499666,2024-09-04,2024-09-06,Pending,31,281,VOUCHER280,1055.65,16.02
281,2022-09-06 08:05:55.499666,2024-09-05,2024-09-07,Cancelled,32,282,VOUCHER281,997.15,40.48
282,2022-09-07 08:05:55.499666,2024-09-06,2024-09-08,Expired,33,283,VOUCHER282,121.95,83.72
283,2022-09-08 08:05:55.499666,2024-09-07,2024-09-09,Booked,34,284,VOUCHER283,496.15,86.95
284,2022-09-09 08:05:55.499666,2024-09-08,2024-09-10,Pending,35,285,VOUCHER284,415.16,48.98
285,2022-09-10 08:05:55.499666,2024-09-09,2024-09-11,Cancelled,36,286,VOUCHER285,834.4,5.72
286,2022-09-11 08:05:55.499666,2024-09-10,2024-09-12,Expired,37,287,VOUCHER286,576.45,32.69
287,2022-09-12 08:05:55.499666,2024-09-11,2024-09-13,Booked,38,288,VOUCHER287,292.87,54.48
288,2022-09-13 08:05:55.499666,2024-09-12,2024-09-14,Pending,39,289,VOUCHER288,875.17,4.22
289,2022-09-14 08:05:55.499666,2024-09-13,2024-09-15,Cancelled,40,290,VOUCHER289,717.02,65.91
290,2022-09-15 08:05:55.499666,2024-09-14,2024-09-16,Expired,41,291,VOUCHER290,520.41,1.6
291,2022-09-16 08:05:55.499666,2024-09-15,2024-09-17,Booked,42,292,VOUCHER291,655.5,69.25
292,2022-09-17 08:05:55.499666,2024-09-16,2024-09-18,Pending,43,293,VOUCHER292,1030.06,62.42
293,2022-09-18 08:05:55.499666,2024-09-17,2024-09-19,Cancelled,44,294,VOUCHER293,598.82,96.95
294,2022-09-19 08:05:55.499666,2024-09-18,2024-09-20,Expired,45,295,VOUCHER294,909.72,62.68
295,2022-09-20 08:05:55.499666,2024-09-19,2024-09-21,Booked,46,296,VOUCHER295,496.28,25.99
296,2022-09-21 08:05:55.499666,2024-09-20,2024-09-22,Pending,47,297,VOUCHER296,1031.78,4.55
297,2022-09-22 08:05:55.499666,2024-09-21,2024-09-23,Cancelled,48,298,VOUCHER297,226.15,63.97
298,2022-09-23 08:05:55.499666,2024-09-22,2024-09-24,Expired,49,299,VOUCHER298,116.26,53.82
299,2022-09-24 08:05:55.499666,2024-09-23,2024-09-25,Booked,50,300,VOUCHER299,674.14,89.26
300,2022-09-25 08:05:55.499666,2024-08-25,2024-08-27,Pending,1,301,VOUCHER300,495.05,15.23
301,2022-09-26 08:05:55.499666,2024-08-26,2024-08-28,Cancelled,2,302,VOUCHER301,1066.67,1.56
302,2022-09-27 08:05:55.499666,2024-08-27,2024-08-29,Expired,3,303,VOUCHER302,863.87,11.29
303,2022-09-28 08:05:55.499666,2024-08-28,2024-08-30,Booked,4,304,VOUCHER303,940.29,56.41
304,2022-09-29 08:05:55.499666,2024-08-29,2024-08-31,Pending,5,305,VOUCHER304,292.92,36.76
305,2022-09-30 08:05:55.499666,2024-08-30,2024-09-01,Cancelled,6,306,VOUCHER305,790.34,6.74
306,2022-10-01 08:05:55.499666,2024-08-31,2024-09-02,Expired,7,307,VOUCHER306,258.61,37.71
307,2022-10-02 08:05:55.499666,2024-09-01,2024-09-03,Booked,8,308,VOUCHER307,919.47,82.15
308,2022-10-03 08:05:55.499666,2024-09-02,2024-09-04,Pending,9,309,VOUCHER308,581.28,77.45
309,2022-10-04 08:05:55.499666,2024-09-03,2024-09-05,Cancelled,10,310,VOUCHER309,140.06,16.99
310,2022-10-05 08:05:55.499666,2024-09-04,2024-09-06,Expired,11,311,VOUCHER310,695.81,21.96
311,2022-10-06 08:05:55.499666,2024-09-05,2024-09-07,Booked,12,312,VOUCHER311,818.0,21.02
312,2022-10-07 08:05:55.499666,2024-09-06,2024-09-08,Pending,13,313,VOUCHER312,755.53,98.26
313,2022-10-08 08:05:55.499666,2024-09-07,2024-09-09,Cancelled,14,314,VOUCHER313,775.69,39.07
314,2022-10-09 08:05:55.499666,2024-09-08,2024-09-10,Expired,15,315,VOUCHER314,368.91,49.29
315,2022-10-10 08:05:55.499666,2024-09-09,2024-09-11,Booked,16,316,VOUCHER315,999.99,0.81
316,2022-10-11 08:05:55.499666,2024-09-10,2024-09-12,Pending,17,317,VOUCHER316,812.77,50.26
317,2022-10-12 08:05:55.499666,2024-09-11,2024-09-13,Cancelled,18,318,VOUCHER317,1079.29,40.18
318,2022-10-13 08:05:55.499666,2024-09-12,2024-09-14,Expired,19,319,VOUCHER318,953.82,40.47
319,2022-10-14 08:05:55.499666,2024-09-13,2024-09-15,Booked,20,320,VOUCHER319,179.18,0.64
320,2022-10-15 08:05:55.499666,2024-09-14,2024-09-16,Pending,21,321,VOUCHER320,770.0,12.08
321,2022-10-16 08:05:55.499666,2024-09-15,2024-09-17,Cancelled,22,322,VOUCHER321,968.27,12.63
322,2022-10-17 08:05:55.499666,2024-09-16,2024-09-18,Expired,23,323,VOUCHER322,797.23,36.6
323,2022-10-18 08:05:55.499666,2024-09-17,2024-09-19,Booked,24,324,VOUCHER323,737.12,70.35
324,2022-10-19 08:05:55.499666,2024-09-18,2024-09-20,Pending,25,325,VOUCHER324,371.45,81.45
325,2022-10-20 08:05:55.499666,2024-09-19,2024-09-21,Cancelled,26,326,VOUCHER325,479.62,75.38
326,2022-10-21 08:05:55.499666,2024-09-20,2024-09-22,Expired,27,327,VOUCHER326,598.57,2.95
327,2022-10-22 08:05:55.499666,2024-09-21,2024-09-23,Booked,28,328,VOUCHER327,596.81,94.69
328,2022-10-23 08:05:55.499666,2024-09-22,2024-09-24,Pending,29,329,VOUCHER328,307.78,7.59
329,2022-10-24 08:05:55.499666,2024-09-23,2024-09-25,Cancelled,30,330,VOUCHER329,259.8,81.61
330,2022-10-25 08:05:55.499666,2024-08-25,2024-08-27,Expired,31,331,VOUCHER330,142.67,59.28
331,2022-10-26 08:05:55.499666,2024-08-26,2024-08-28,Booked,32,332,VOUCHER331,156.39,75.36
332,2022-10-27 08:05:55.499666,2024-08-27,2024-08-29,Pending,33,333,VOUCHER332,565.06,12.39
333,2022-10-28 08:05:55.499666,2024-08-28,2024-08-30,Cancelled,34,334,VOUCHER333,123.86,59.97
334,2022-10-29 08:05:55.499666,2024-08-29,2024-08-31,Expired,35,335,VOUCHER334,113.75,57.04
335,2022-10-30 08:05:55.499666,2024-08-30,2024-09-01,Booked,36,336,VOUCHER335,1019.03,76.52
336,2022-10-31 08:05:55.499666,2024-08-31,2024-09-02,Pending,37,337,VOUCHER336,323.47,37.62
337,2022-11-01 08:05:55.499666,2024-09-01,2024-09-03,Cancelled,38,338,VOUCHER337,531.35,29.09
338,2022-11-02 08:05:55.499666,2024-09-02,2024-09-04,Expired,39,339,VOUCHER338,401.3,14.32
339,2022-11-03 08:05:55.499666,2024-09-03,2024-09-05,Booked,40,340,VOUCHER339,642.45,55.46
340,2022-11-04 08:05:55.499666,2024-09-04,2024-09-06,Pending,41,341,VOUCHER340,1033.56,72.33
341,2022-11-05 08:05:55.499666,2024-09-05,2024-09-07,Cancelled,42,342,VOUCHER341,167.77,89.91
342,2022-11-06 08:05:55.499666,2024-09-06,2024-09-08,Expired,43,343,VOUCHER342,594.59,88.41
343,2022-11-07 08:05:55.499666,2024-09-07,2024-09-09,Booked,44,344,VOUCHER343,575.94,79.12
344,2022-11-08 08:05:55.499666,2024-09-08,2024-09-10,Pending,45,345,VOUCHER344,912.05,60.37
345,2022-11-09 08:05:55.499666,2024-09-09,2024-09-11,Cancelled,46,346,VOUCHER345,817.21,18.28
346,2022-11-10 08:05:55.499666,2024-09-10,2024-09-12,Expired,47,347,VOUCHER346,554.79,12.71
347,2022-11-11 08:05:55.499666,2024-09-11,2024-09-13,Booked,48,348,VOUCHER347,652.57,9.19
348,2022-11-12 08:05:55.499666,2024-09-12,2024-09-14,Pending,49,349,VOUCHER348,119.95,61.3
349,2022-11-13 08:05:55.499666,2024-09-13,2024-09-15,Cancelled,50,350,VOUCHER349,365.29,51.61
350,2022-11-14 08:05:55.499666,2024-09-14,2024-09-16,Expired,1,351,VOUCHER350,1052.47,49.93
351,2022-11-15 08:05:55.499666,2024-09-15,2024-09-17,Booked,2,352,VOUCHER351,360.85,23.79
352,2022-11-16 08:05:55.499666,2024-09-16,2024-09-18,Pending,3,353,VOUCHER352,312.19,39.7
353,2022-11-17 08:05:55.499666,2024-09-17,2024-09-19,Cancelled,4,354,VOUCHER353,1080.8,87.79
354,2022-11-18 08:05:55.499666,2024-09-18,2024-09-20,Expired,5,355,VOUCHER354,463.05,16.65
355,2022-11-19 08:05:55.499666,2024-09-19,2024-09-21,Booked,6,356,VOUCHER355,633.0,32.08
356,2022-11-20 08:05:55.499666,2024-09-20,2024-09-22,Pending,7,357,VOUCHER356,1081.26,87.51
357,2022-11-21 08:05:55.499666,2024-09-21,2024-09-23,Cancelled,8,358,VOUCHER357,290.71,91.6
358,2022-11-22 08:05:55.499666,2024-09-22,2024-09-24,Expired,9,359,VOUCHER358,423.9,15.72
359,2022-11-23 08:05:55.499666,2024-09-23,2024-09-25,Booked,10,360,VOUCHER359,455.44,29.92
360,2022-11-24 08:05:55.499666,2024-08-25,2024-08-27,Pending,11,361,VOUCHER360,1056.38,42.33
361,2022-11-25 08:05:55.499666,2024-08-26,2024-08-28,Cancelled,12,362,VOUCHER361,184.78,35.01
362,2022-11-26 08:05:55.499666,2024-08-27,2024-08-29,Expired,13,363,VOUCHER362,174.18,72.34
363,2022-11-27 08:05:55.499666,2024-08-28,2024-08-30,Booked,14,364,VOUCHER363,1032.89,38.83
364,2022-11-28 08:05:55.499666,2024-08-29,2024-08-31,Pending,15,365,VOUCHER364,1065.44,50.14
365,2022-11-29 08:05:55.499666,2024-08-30,2024-09-01,Cancelled,16,366,VOUCHER365,764.73,80.88
366,2022-11-30 08:05:55.499666,2024-08-31,2024-09-02,Expired,17,367,VOUCHER366,1022.23,7.46
367,2022-12-01 08:05:55.499666,2024-09-01,2024-09-03,Booked,18,368,VOUCHER367,718.48,68.69
368,2022-12-02 08:05:55.499666,2024-09-02,2024-09-04,Pending,19,369,VOUCHER368,818.52,35.41
369,2022-12-03 08:05:55.499666,2024-09-03,2024-09-05,Cancelled,20,370,VOUCHER369,887.33,56.79
370,2022-12-04 08:05:55.499666,2024-09-04,2024-09-06,Expired,21,371,VOUCHER370,1014.99,97.74
371,2022-12-05 08:05:55.499666,2024-09-05,2024-09-07,Booked,22,372,VOUCHER371,560.15,45.38
372,2022-12-06 08:05:55.499666,2024-09-06,2024-09-08,Pending,23,373,VOUCHER372,1029.94,83.83
373,2022-12-07 08:05:55.499666,2024-09-07,2024-09-09,Cancelled,24,374,VOUCHER373,941.45,55.48
374,2022-12-08 08:05:55.499666,2024-09-08,2024-09-10,Expired,25,375,VOUCHER374,420.35,65.01
375,2022-12-09 08:05:55.499666,2024-09-09,2024-09-11,Booked,26,376,VOUCHER375,107.55,48.43
376,2022-12-10 08:05:55.499666,2024-09-10,2024-09-12,Pending,27,377,VOUCHER376,759.95,13.02
377,2022-12-11 08:05:55.499666,2024-09-11,2024-09-13,Cancelled,28,378,VOUCHER377,946.63,41.51
378,2022-12-12 08:05:55.499666,2024-09-12,2024-09-14,Expired,29,379,VOUCHER378,1075.42,10.5
379,2022-12-13 08:05:55.499666,2024-09-13,2024-09-15,Booked,30,380,VOUCHER379,1073.85,11.01
380,2022-12-14 08:05:55.499666,2024-09-14,2024-09-16,Pending,31,381,VOUCHER380,1027.82,5.58
381,2022-12-15 08:05:55.499666,2024-09-15,2024-09-17,Cancelled,32,382,VOUCHER381,763.38,39.87
382,2022-12-16 08:05:55.499666,2024-09-16,2024-09-18,Expired,33,383,VOUCHER382,1002.6,58.84
383,2022-12-17 08:05:55.499666,2024-09-17,2024-09-19,Booked,34,384,VOUCHER383,553.25,44.84
384,2022-12-18 08:05:55.499666,2024-09-18,2024-09-20,Pending,35,385,VOUCHER384,424.61,5.03
385,2022-12-19 08:05:55.499666,2024-09-19,2024-09-21,Cancelled,36,386,VOUCHER385,665.66,31.76
386,2022-12-20 08:05:55.499666,2024-09-20,2024-09-22,Expired,37,387,VOUCHER386,950.03,5.39
387,2022-12-21 08:05:55.499666,2024-09-21,2024-09-23,Booked,38,388,VOUCHER387,757.72,65.95
388,2022-12-22 08:05:55.499666,2024-09-22,2024-09-24,Pending,39,389,VOUCHER388,537.16,30.28
389,2022-12-23 08:05:55.499666,2024-09-23,2024-09-25,Cancelled,40,390,VOUCHER389,741.41,84.89
390,2022-12-24 08:05:55.499666,2024-08-25,2024-08-27,Expired,41,391,VOUCHER390,674.21,66.39
391,2022-12-25 08:05:55.499666,2024-08-26,2024-08-28,Booked,42,392,VOUCHER391,655.56,13.66
392,2022-12-26 08:05:55.499666,2024-08-27,2024-08-29,Pending,43,393,VOUCHER392,484.04,47.05
393,2022-12-27 08:05:55.499666,2024-08-28,2024-08-30,Cancelled,44,394,VOUCHER393,459.14,1.67
394,2022-12-28 08:05:55.499666,2024-08-29,2024-08-31,Expired,45,395,VOUCHER394,849.98,16.4
395,2022-12-29 08:05:55.499666,2024-08-30,2024-09-01,Booked,46,396,VOUCHER395,469.23,74.93
396,2022-12-30 08:05:55.499666,2024-08-31,2024-09-02,Pending,47,397,VOUCHER396,759.44,45.79
397,2022-12-31 08:05:55.499666,2024-09-01,2024-09-03,Cancelled,48,398,VOUCHER397,266.93,76.82
398,2023-01-01 08:05:55.499666,2024-09-02,2024-09-04,Expired,49,399,VOUCHER398,466.59,59.67
399,2023-01-02 08:05:55.499666,2024-09-03,2024-09-05,Booked,50,400,VOUCHER399,721.82,48.84
400,2023-01-03 08:05:55.499666,2024-09-04,2024-09-06,Pending,1,401,VOUCHER400,883.21,14.67
401,2023-01-04 08:05:55.499666,2024-09-05,2024-09-07,Cancelled,2,402,VOUCHER401,274.92,18.17
402,2023-01-05 08:05:55.499666,2024-09-06,2024-09-08,Expired,3,403,VOUCHER402,448.65,22.96
403,2023-01-06 08:05:55.499666,2024-09-07,2024-09-09,Booked,4,404,VOUCHER403,408.79,11.94
404,2023-01-07 08:05:55.499666,2024-09-08,2024-09-10,Pending,5,405,VOUCHER404,1062.82,63.63
405,2023-01-08 08:05:55.499666,2024-09-09,2024-09-11,Cancelled,6,406,VOUCHER405,912.86,99.24
406,2023-01-09 08:05:55.499666,2024-09-10,2024-09-12,Expired,7,407,VOUCHER406,1026.66,76.35
407,2023-01-10 08:05:55.499666,2024-09-11,2024-09-13,Booked,8,408,VOUCHER407,915.8,74.09
408,2023-01-11 08:05:55.499666,2024-09-12,2024-09-14,Pending,9,409,VOUCHER408,187.64,50.81
409,2023-01-12 08:05:55.499666,2024-09-13,2024-09-15,Cancelled,10,410,VOUCHER409,951.64,80.1
410,2023-01-13 08:05:55.499666,2024-09-14,2024-09-16,Expired,11,411,VOUCHER410,1074.33,85.18
411,2023-01-14 08:05:55.499666,2024-09-15,2024-09-17,Booked,12,412,VOUCHER411,503.62,46.74
412,2023-01-15 08:05:55.499666,2024-09-16,2024-09-18,Pending,13,413,VOUCHER412,996.04,86.26
413,2023-01-16 08:05:55.499666,2024-09-17,2024-09-19,Cancelled,14,414,VOUCHER413,430.95,54.36
414,2023-01-17 08:05:55.499666,2024-09-18,2024-09-20,Expired,15,415,VOUCHER414,228.63,71.68
415,2023-01-18 08:05:55.499666,2024-09-19,2024-09-21,Booked,16,416,VOUCHER415,537.46,80.63
416,2023-01-19 08:05:55.499666,2024-09-20,2024-09-22,Pending,17,417,VOUCHER416,183.0,39.46
417,2023-01-20 08:05:55.499666,2024-09-21,2024-09-23,Cancelled,18,418,VOUCHER417,844.75,54.58
418,2023-01-21 08:05:55.499666,2024-09-22,2024-09-24,Expired,19,419,VOUCHER418,113.08,17.95
419,2023-01-22 08:05:55.499666,2024-09-23,2024-09-25,Booked,20,420,VOUCHER419,150.83,68.41
420,2023-01-23 08:05:55.499666,2024-08-25,2024-08-27,Pending,21,421,VOUCHER420,548.67,56.98
421,2023-01-24 08:05:55.499666,2024-08-26,2024-08-28,Cancelled,22,422,VOUCHER421,402.11,75.35
422,2023-01-25 08:05:55.499666,2024-08-27,2024-08-29,Expired,23,423,VOUCHER422,396.35,73.32
423,2023-01-26 08:05:55.499666,2024-08-28,2024-08-30,Booked,24,424,VOUCHER423,702.98,49.15
424,2023-01-27 08:05:55.499666,2024-08-29,2024-08-31,Pending,25,425,VOUCHER424,1027.54,4.51
425,2023-01-28 08:05:55.499666,2024-08-30,2024-09-01,Cancelled,26,426,VOUCHER425,302.99,54.57
426,2023-01-29 08:05:55.499666,2024-08-31,2024-09-02,Expired,27,427,VOUCHER426,735.19,38.48
427,2023-01-30 08:05:55.499666,2024-09-01,2024-09-03,Booked,28,428,VOUCHER427,214.18,96.34
428,2023-01-31 08:05:55.499666,2024-09-02,2024-09-04,Pending,29,429,VOUCHER428,583.61,83.52
429,2023-02-01 08:05:55.499666,2024-09-03,2024-09-05,Cancelled,30,430,VOUCHER429,746.94,86.42
430,2023-02-02 08:05:55.499666,2024-09-04,2024-09-06,Expired,31,431,VOUCHER430,874.68,86.62
431,2023-02-03 08:05:55.499666,2024-09-05,2024-09-07,Booked,32,432,VOUCHER431,944.44,18.69
432,2023-02-04 08:05:55.499666,2024-09-06,2024-09-08,Pending,33,433,VOUCHER432,508.49,37.04
433,2023-02-05 08:05:55.499666,2024-09-07,2024-09-09,Cancelled,34,434,VOUCHER433,827.21,26.87
434,2023-02-06 08:05:55.499666,2024-09-08,2024-09-10,Expired,35,435,VOUCHER434,308.49,47.21
435,2023-02-07 08:05:55.499666,2024-09-09,2024-09-11,Booked,36,436,VOUCHER435,419.14,54.05
436,2023-02-08 08:05:55.499666,2024-09-10,2024-09-12,Pending,37,437,VOUCHER436,617.48,51.2
437,2023-02-09 08:05:55.499666,2024-09-11,2024-09-13,Cancelled,38,438,VOUCHER437,553.49,92.27
438,2023-02-10 08:05:55.499666,2024-09-12,2024-09-14,Expired,39,439,VOUCHER438,938.02,22.32
439,2023-02-11 08:05:55.499666,2024-09-13,2024-09-15,Booked,40,440,VOUCHER439,498.82,90.54
440,2023-02-12 08:05:55.499666,2024-09-14,2024-09-16,Pending,41,441,VOUCHER440,202.97,79.67
441,2023-02-13 08:05:55.499666,2024-09-15,2024-09-17,Cancelled,42,442,VOUCHER441,993.81,44.63
442,2023-02-14 08:05:55.499666,2024-09-16,2024-09-18,Expired,43,443,VOUCHER442,111.71,26.76
443,2023-02-15 08:05:55.499666,2024-09-17,2024-09-19,Booked,44,444,VOUCHER443,540.7,6.36
444,2023-02-16 08:05:55.499666,2024-09-18,2024-09-20,Pending,45,445,VOUCHER444,374.81,66.8
445,2023-02-17 08:05:55.499666,2024-09-19,2024-09-21,Cancelled,46,446,VOUCHER445,929.2,3.49
446,2023-02-18 08:05:55.499666,2024-09-20,2024-09-22,Expired,47,447,VOUCHER446,274.36,44.2
447,2023-02-19 08:05:55.499666,2024-09-21,2024-09-23,Booked,48,448,VOUCHER447,305.81,79.89
448,2023-02-20 08:05:55.499666,2024-09-22,2024-09-24,Pending,49,449,VOUCHER448,594.37,21.48
449,2023-02-21 08:05:55.499666,2024-09-23,2024-09-25,Cancelled,50,450,VOUCHER449,474.48,23.55
450,2023-02-22 08:05:55.499666,2024-08-25,2024-08-27,Expired,1,451,VOUCHER450,211.29,68.76
451,2023-02-23 08:05:55.499666,2024-08-26,2024-08-28,Booked,2,452,VOUCHER451,1028.52,85.03
452,2023-02-24 08:05:55.499666,2024-08-27,2024-08-29,Pending,3,453,VOUCHER452,791.71,99.18
453,2023-02-25 08:05:55.499666,2024-08-28,2024-08-30,Cancelled,4,454,VOUCHER453,834.14,29.61
454,2023-02-26 08:05:55.499666,2024-08-29,2024-08-31,Expired,5,455,VOUCHER454,533.14,58.76
455,2023-02-27 08:05:55.499666,2024-08-30,2024-09-01,Booked,6,456,VOUCHER455,983.92,53.23
456,2023-02-28 08:05:55.499666,2024-08-31,2024-09-02,Pending,7,457,VOUCHER456,444.77,81.94
457,2023-03-01 08:05:55.499666,2024-09-01,2024-09-03,Cancelled,8,458,VOUCHER457,734.64,6.01
458,2023-03-02 08:05:55.499666,2024-09-02,2024-09-04,Expired,9,459,VOUCHER458,614.79,63.2
459,2023-03-03 08:05:55.499666,2024-09-03,2024-09-05,Booked,10,460,VOUCHER459,963.93,53.53
460,2023-03-04 08:05:55.499666,2024-09-04,2024-09-06,Pending,11,461,VOUCHER460,394.86,7.47
461,2023-03-05 08:05:55.499666,2024-09-05,2024-09-07,Cancelled,12,462,VOUCHER461,102.5,96.48
462,2023-03-06 08:05:55.499666,2024-09-06,2024-09-08,Expired,13,463,VOUCHER462,675.09,94.28
463,2023-03-07 08:05:55.499666,2024-09-07,2024-09-09,Booked,14,464,VOUCHER463,304.45,14.25
464,2023-03-08 08:05:55.499666,2024-09-08,2024-09-10,Pending,15,465,VOUCHER464,974.47,87.53
465,2023-03-09 08:05:55.499666,2024-09-09,2024-09-11,Cancelled,16,466,VOUCHER465,242.32,82.01
466,2023-03-10 08:05:55.499666,2024-09-10,2024-09-12,Expired,17,467,VOUCHER466,1064.36,10.27
467,2023-03-11 08:05:55.499666,2024-09-11,2024-09-13,Booked,18,468,VOUCHER467,493.28,86.21
468,2023-03-12 08:05:55.499666,2024-09-12,2024-09-14,Pending,19,469,VOUCHER468,231.64,73.12
469,2023-03-13 08:05:55.499666,2024-09-13,2024-09-15,Cancelled,20,470,VOUCHER469,109.5,69.43
470,2023-03-14 08:05:55.499666,2024-09-14,2024-09-16,Expired,21,471,VOUCHER470,112.54,41.47
471,2023-03-15 08:05:55.499666,2024-09-15,2024-09-17,Booked,22,472,VOUCHER471,932.93,26.32
472,2023-03-16 08:05:55.499666,2024-09-16,2024-09-18,Pending,23,473,VOUCHER472,649.09,69.35
473,2023-03-17 08:05:55.499666,2024-09-17,2024-09-19,Cancelled,24,474,VOUCHER473,269.73,41.31
474,2023-03-18 08:05:55.499666,2024-09-18,2024-09-20,Expired,25,475,VOUCHER474,1083.33,39.24
475,2023-03-19 08:05:55.499666,2024-09-19,2024-09-21,Booked,26,476,VOUCHER475,132.23,62.21
476,2023-03-20 08:05:55.499666,2024-09-20,2024-09-22,Pending,27,477,VOUCHER476,777.02,76.52
477,2023-03-21 08:05:55.499666,2024-09-21,2024-09-23,Cancelled,28,478,VOUCHER477,790.5,89.12
478,2023-03-22 08:05:55.499666,2024-09-22,2024-09-24,Expired,29,479,VOUCHER478,878.23,53.11
479,2023-03-23 08:05:55.499666,2024-09-23,2024-09-25,Booked,30,480,VOUCHER479,457.36,84.3
480,2023-03-24 08:05:55.499666,2024-08-25,2024-08-27,Pending,31,481,VOUCHER480,625.25,35.38
481,2023-03-25 08:05:55.499666,2024-08-26,2024-08-28,Cancelled,32,482,VOUCHER481,619.35,75.84
482,2023-03-26 08:05:55.499666,2024-08-27,2024-08-29,Expired,33,483,VOUCHER482,139.39,44.24
483,2023-03-27 08:05:55.499666,2024-08-28,2024-08-30,Booked,34,484,VOUCHER483,585.46,99.62
484,2023-03-28 08:05:55.499666,2024-08-29,2024-08-31,Pending,35,485,VOUCHER484,493.18,84.56
485,2023-03-29 08:05:55.499666,2024-08-30,2024-09-01,Cancelled,36,486,VOUCHER485,969.68,51.56
486,2023-03-30 08:05:55.499666,2024-08-31,2024-09-02,Expired,37,487,VOUCHER486,311.13,24.71
487,2023-03-31 08:05:55.499666,2024-09-01,2024-09-03,Booked,38,488,VOUCHER487,973.03,73.59
488,2023-04-01 08:05:55.499666,2024-09-02,2024-09-04,Pending,39,489,VOUCHER488,155.59,95.93
489,2023-04-02 08:05:55.499666,2024-09-03,2024-09-05,Cancelled,40,490,VOUCHER489,856.75,76.44
490,2023-04-03 08:05:55.499666,2024-09-04,2024-09-06,Expired,41,491,VOUCHER490,1037.57,71.79
491,2023-04-04 08:05:55.499666,2024-09-05,2024-09-07,Booked,42,492,VOUCHER491,976.4,80.22
492,2023-04-05 08:05:55.499666,2024-09-06,2024-09-08,Pending,43,493,VOUCHER492,967.55,39.78
493,2023-04-06 08:05:55.499666,2024-09-07,2024-09-09,Cancelled,44,494,VOUCHER493,204.97,88.84
494,2023-04-07 08:05:55.499666,2024-09-08,2024-09-10,Expired,45,495,VOUCHER494,997.35,3.75
495,2023-04-08 08:05:55.499666,2024-09-09,2024-09-11,Booked,46,496,VOUCHER495,743.25,79.36
496,2023-04-09 08:05:55.499666,2024-09-10,2024-09-12,Pending,47,497,VOUCHER496,503.73,45.66
497,2023-04-10 08:05:55.499666,2024-09-11,2024-09-13,Cancelled,48,498,VOUCHER497,882.06,93.19
498,2023-04-11 08:05:55.499666,2024-09-12,2024-09-14,Expired,49,499,VOUCHER498,906.23,19.68
499,2023-04-12 08:05:55.499666,2024-09-13,2024-09-15,Booked,50,500,VOUCHER499,631.39,40.14
500,2023-04-13 08:05:55.499666,2024-09-14,2024-09-16,Pending,1,501,VOUCHER500,805.04,67.41
501,2023-04-14 08:05:55.499666,2024-09-15,2024-09-17,Cancelled,2,502,VOUCHER501,606.55,32.54
502,2023-04-15 08:05:55.499666,2024-09-16,2024-09-18,Expired,3,503,VOUCHER502,954.62,99.46
503,2023-04-16 08:05:55.499666,2024-09-17,2024-09-19,Booked,4,504,VOUCHER503,705.63,33.85
504,2023-04-17 08:05:55.499666,2024-09-18,2024-09-20,Pending,5,505,VOUCHER504,170.24,30.78
505,2023-04-18 08:05:55.499666,2024-09-19,2024-09-21,Cancelled,6,506,VOUCHER505,922.16,53.31
506,2023-04-19 08:05:55.499666,2024-09-20,2024-09-22,Expired,7,507,VOUCHER506,389.48,32.08
507,2023-04-20 08:05:55.499666,2024-09-21,2024-09-23,Booked,8,508,VOUCHER507,812.94,26.95
508,2023-04-21 08:05:55.499666,2024-09-22,2024-09-24,Pending,9,509,VOUCHER508,700.26,41.15
509,2023-04-22 08:05:55.499666,2024-09-23,2024-09-25,Cancelled,10,510,VOUCHER509,335.78,66.11
510,2023-04-23 08:05:55.499666,2024-08-25,2024-08-27,Expired,11,511,VOUCHER510,298.44,90.66
511,2023-04-24 08:05:55.499666,2024-08-26,2024-08-28,Booked,12,512,VOUCHER511,843.42,14.51
512,2023-04-25 08:05:55.499666,2024-08-27,2024-08-29,Pending,13,513,VOUCHER512,480.07,54.96
513,2023-04-26 08:05:55.499666,2024-08-28,2024-08-30,Cancelled,14,514,VOUCHER513,275.63,56.05
514,2023-04-27 08:05:55.499666,2024-08-29,2024-08-31,Expired,15,515,VOUCHER514,909.22,0.6
515,2023-04-28 08:05:55.499666,2024-08-30,2024-09-01,Booked,16,516,VOUCHER515,1046.51,48.47
516,2023-04-29 08:05:55.499666,2024-08-31,2024-09-02,Pending,17,517,VOUCHER516,365.56,73.79
517,2023-04-30 08:05:55.499666,2024-09-01,2024-09-03,Cancelled,18,518,VOUCHER517,741.64,98.03
518,2023-05-01 08:05:55.499666,2024-09-02,2024-09-04,Expired,19,519,VOUCHER518,878.28,53.78
519,2023-05-02 08:05:55.499666,2024-09-03,2024-09-05,Booked,20,520,VOUCHER519,691.4,31.07
520,2023-05-03 08:05:55.499666,2024-09-04,2024-09-06,Pending,21,521,VOUCHER520,832.59,2.41
521,2023-05-04 08:05:55.499666,2024-09-05,2024-09-07,Cancelled,22,522,VOUCHER521,392.46,88.34
522,2023-05-05 08:05:55.499666,2024-09-06,2024-09-08,Expired,23,523,VOUCHER522,110.09,6.11
523,2023-05-06 08:05:55.499666,2024-09-07,2024-09-09,Booked,24,524,VOUCHER523,935.44,63.72
524,2023-05-07 08:05:55.499666,2024-09-08,2024-09-10,Pending,25,525,VOUCHER524,240.54,23.65
525,2023-05-08 08:05:55.499666,2024-09-09,2024-09-11,Cancelled,26,526,VOUCHER525,341.7,12.43
526,2023-05-09 08:05:55.499666,2024-09-10,2024-09-12,Expired,27,527,VOUCHER526,622.16,58.37
527,2023-05-10 08:05:55.499666,2024-09-11,2024-09-13,Booked,28,528,VOUCHER527,495.94,64.27
528,2023-05-11 08:05:55.499666,2024-09-12,2024-09-14,Pending,29,529,VOUCHER528,164.61,81.67
529,2023-05-12 08:05:55.499666,2024-09-13,2024-09-15,Cancelled,30,530,VOUCHER529,120.55,30.67
530,2023-05-13 08:05:55.499666,2024-09-14,2024-09-16,Expired,31,531,VOUCHER530,850.64,61.01
531,2023-05-14 08:05:55.499666,2024-09-15,2024-09-17,Booked,32,532,VOUCHER531,608.46,91.43
532,2023-05-15 08:05:55.499666,2024-09-16,2024-09-18,Pending,33,533,VOUCHER532,159.0,32.84
533,2023-05-16 08:05:55.499666,2024-09-17,2024-09-19,Cancelled,34,534,VOUCHER533,104.76,78.68
534,2023-05-17 08:05:55.499666,2024-09-18,2024-09-20,Expired,35,535,VOUCHER534,577.71,2.35
535,2023-05-18 08:05:55.499666,2024-09-19,2024-09-21,Booked,36,536,VOUCHER535,798.6,44.22
536,2023-05-19 08:05:55.499666,2024-09-20,2024-09-22,Pending,37,537,VOUCHER536,427.59,18.6
537,2023-05-20 08:05:55.499666,2024-09-21,2024-09-23,Cancelled,38,538,VOUCHER537,201.14,47.12
538,2023-05-21 08:05:55.499666,2024-09-22,2024-09-24,Expired,39,539,VOUCHER538,353.97,36.78
539,2023-05-22 08:05:55.499666,2024-09-23,2024-09-25,Booked,40,540,VOUCHER539,194.38,36.43
540,2023-05-23 08:05:55.499666,2024-08-25,2024-08-27,Pending,41,541,VOUCHER540,398.94,38.4
541,2023-05-24 08:05:55.499666,2024-08-26,2024-08-28,Cancelled,42,542,VOUCHER541,741.93,26.71
542,2023-05-25 08:05:55.499666,2024-08-27,2024-08-29,Expired,43,543,VOUCHER542,888.19,84.33
543,2023-05-26 08:05:55.499666,2024-08-28,2024-08-30,Booked,44,544,VOUCHER543,463.04,81.21
544,2023-05-27 08:05:55.499666,2024-08-29,2024-08-31,Pending,45,545,VOUCHER544,129.45,52.21
545,2023-05-28 08:05:55.499666,2024-08-30,2024-09-01,Cancelled,46,546,VOUCHER545,344.97,78.86
546,2023-05-29 08:05:55.499666,2024-08-31,2024-09-02,Expired,47,547,VOUCHER546,381.13,86.6
547,2023-05-30 08:05:55.499666,2024-09-01,2024-09-03,Booked,48,548,VOUCHER547,968.48,59.43
548,2023-05-31 08:05:55.499666,2024-09-02,2024-09-04,Pending,49,549,VOUCHER548,791.43,22.32
549,2023-06-01 08:05:55.499666,2024-09-03,2024-09-05,Cancelled,50,550,VOUCHER549,963.51,19.6
550,2023-06-02 08:05:55.499666,2024-09-04,2024-09-06,Expired,1,551,VOUCHER550,191.65,35.11
551,2023-06-03 08:05:55.499666,2024-09-05,2024-09-07,Booked,2,552,VOUCHER551,414.58,86.95
552,2023-06-04 08:05:55.499666,2024-09-06,2024-09-08,Pending,3,553,VOUCHER552,241.97,11.57
553,2023-06-05 08:05:55.499666,2024-09-07,2024-09-09,Cancelled,4,554,VOUCHER553,471.49,85.03
554,2023-06-06 08:05:55.499666,2024-09-08,2024-09-10,Expired,5,555,VOUCHER554,540.61,97.65
555,2023-06-07 08:05:55.499666,2024-09-09,2024-09-11,Booked,6,556,VOUCHER555,1065.11,40.42
556,2023-06-08 08:05:55.499666,2024-09-10,2024-09-12,Pending,7,557,VOUCHER556,814.27,91.44
557,2023-06-09 08:05:55.499666,2024-09-11,2024-09-13,Cancelled,8,558,VOUCHER557,908.44,80.21
558,2023-06-10 08:05:55.499666,2024-09-12,2024-09-14,Expired,9,559,VOUCHER558,181.52,55.87
559,2023-06-11 08:05:55.499666,2024-09-13,2024-09-15,Booked,10,560,VOUCHER559,611.9,49.12
560,2023-06-12 08:05:55.499666,2024-09-14,2024-09-16,Pending,11,561,VOUCHER560,1024.57,77.7
561,2023-06-13 08:05:55.499666,2024-09-15,2024-09-17,Cancelled,12,562,VOUCHER561,942.87,0.43
562,2023-06-14 08:05:55.499666,2024-09-16,2024-09-18,Expired,13,563,VOUCHER562,1097.13,33.1
563,2023-06-15 08:05:55.499666,2024-09-17,2024-09-19,Booked,14,564,VOUCHER563,901.06,11.25
564,2023-06-16 08:05:55.499666,2024-09-18,2024-09-20,Pending,15,565,VOUCHER564,846.02,3.23
565,2023-06-17 08:05:55.499666,2024-09-19,2024-09-21,Cancelled,16,566,VOUCHER565,203.49,53.32
566,2023-06-18 08:05:55.499666,2024-09-20,2024-09-22,Expired,17,567,VOUCHER566,316.9,35.05
567,2023-06-19 08:05:55.499666,2024-09-21,2024-09-23,Booked,18,568,VOUCHER567,1020.72,46.97
568,2023-06-20 08:05:55.499666,2024-09-22,2024-09-24,Pending,19,569,VOUCHER568,565.08,58.56
569,2023-06-21 08:05:55.499666,2024-09-23,2024-09-25,Cancelled,20,570,VOUCHER569,875.12,3.87
570,2023-06-22 08:05:55.499666,2024-08-25,2024-08-27,Expired,21,571,VOUCHER570,892.99,48.32
571,2023-06-23 08:05:55.499666,2024-08-26,2024-08-28,Booked,22,572,VOUCHER571,704.18,57.64
572,2023-06-24 08:05:55.499666,2024-08-27,2024-08-29,Pending,23,573,VOUCHER572,1006.29,78.53
573,2023-06-25 08:05:55.499666,2024-08-28,2024-08-30,Cancelled,24,574,VOUCHER573,359.14,10.06
574,2023-06-26 08:05:55.499666,2024-08-29,2024-08-31,Expired,25,575,VOUCHER574,920.86,41.38
575,2023-06-27 08:05:55.499666,2024-08-30,2024-09-01,Booked,26,576,VOUCHER575,608.57,21.13
576,2023-06-28 08:05:55.499666,2024-08-31,2024-09-02,Pending,27,577,VOUCHER576,1088.5,30.97
577,2023-06-29 08:05:55.499666,2024-09-01,2024-09-03,Cancelled,28,578,VOUCHER577,858.03,16.57
578,2023-06-30 08:05:55.499666,2024-09-02,2024-09-04,Expired,29,579,VOUCHER578,245.43,91.24
579,2023-07-01 08:05:55.499666,2024-09-03,2024-09-05,Booked,30,580,VOUCHER579,791.89,16.11
580,2023-07-02 08:05:55.499666,2024-09-04,2024-09-06,Pending,31,581,VOUCHER580,258.06,67.2
581,2023-07-03 08:05:55.499666,2024-09-05,2024-09-07,Cancelled,32,582,VOUCHER581,459.29,26.24
582,2023-07-04 08:05:55.499666,2024-09-06,2024-09-08,Expired,33,583,VOUCHER582,155.09,15.2
583,2023-07-05 08:05:55.499666,2024-09-07,2024-09-09,Booked,34,584,VOUCHER583,630.53,35.23
584,2023-07-06 08:05:55.499666,2024-09-08,2024-09-10,Pending,35,585,VOUCHER584,334.34,27.8
585,2023-07-07 08:05:55.499666,2024-09-09,2024-09-11,Cancelled,36,586,VOUCHER585,666.31,74.55
586,2023-07-08 08:05:55.499666,2024-09-10,2024-09-12,Expired,37,587,VOUCHER586,933.03,21.51
587,2023-07-09 08:05:55.499666,2024-09-11,2024-09-13,Booked,38,588,VOUCHER587,493.94,16.12
588,2023-07-10 08:05:55.499666,2024-09-12,2024-09-14,Pending,39,589,VOUCHER588,697.83,57.72
589,2023-07-11 08:05:55.499666,2024-09-13,2024-09-15,Cancelled,40,590,VOUCHER589,351.71,91.16
590,2023-07-12 08:05:55.499666,2024-09-14,2024-09-16,Expired,41,591,VOUCHER590,609.0,5.49
591,2023-07-13 08:05:55.499666,2024-09-15,2024-09-17,Booked,42,592,VOUCHER591,725.29,92.47
592,2023-07-14 08:05:55.499666,2024-09-16,2024-09-18,Pending,43,593,VOUCHER592,553.48,73.99
593,2023-07-15 08:05:55.499666,2024-09-17,2024-09-19,Cancelled,44,594,VOUCHER593,793.69,44.28
594,2023-07-16 08:05:55.499666,2024-09-18,2024-09-20,Expired,45,595,VOUCHER594,634.67,8.35
595,2023-07-17 08:05:55.499666,2024-09-19,2024-09-21,Booked,46,596,VOUCHER595,864.11,42.95
596,2023-07-18 08:05:55.499666,2024-09-20,2024-09-22,Pending,47,597,VOUCHER596,209.32,46.81
597,2023-07-19 08:05:55.499666,2024-09-21,2024-09-23,Cancelled,48,598,VOUCHER597,796.32,28.62
598,2023-07-20 08:05:55.499666,2024-09-22,2024-09-24,Expired,49,599,VOUCHER598,491.71,24.66
599,2023-07-21 08:05:55.499666,2024-09-23,2024-09-25,Booked,50,600,VOUCHER599,591.09,94.86
600,2023-07-22 08:05:55.499666,2024-08-25,2024-08-27,Pending,1,601,VOUCHER600,925.18,99.93
601,2023-07-23 08:05:55.499666,2024-08-26,2024-08-28,Cancelled,2,602,VOUCHER601,892.12,75.71
602,2023-07-24 08:05:55.499666,2024-08-27,2024-08-29,Expired,3,603,VOUCHER602,434.15,91.69
603,2023-07-25 08:05:55.499666,2024-08-28,2024-08-30,Booked,4,604,VOUCHER603,575.35,21.59
604,2023-07-26 08:05:55.499666,2024-08-29,2024-08-31,Pending,5,605,VOUCHER604,906.53,9.93
605,2023-07-27 08:05:55.499666,2024-08-30,2024-09-01,Cancelled,6,606,VOUCHER605,278.34,36.71
606,2023-07-28 08:05:55.499666,2024-08-31,2024-09-02,Expired,7,607,VOUCHER606,665.23,18.55
607,2023-07-29 08:05:55.499666,2024-09-01,2024-09-03,Booked,8,608,VOUCHER607,261.08,58.09
608,2023-07-30 08:05:55.499666,2024-09-02,2024-09-04,Pending,9,609,VOUCHER608,445.18,85.69
609,2023-07-31 08:05:55.499666,2024-09-03,2024-09-05,Cancelled,10,610,VOUCHER609,448.12,11.77
610,2023-08-01 08:05:55.499666,2024-09-04,2024-09-06,Expired,11,611,VOUCHER610,253.88,16.6
611,2023-08-02 08:05:55.499666,2024-09-05,2024-09-07,Booked,12,612,VOUCHER611,642.77,47.04
612,2023-08-03 08:05:55.499666,2024-09-06,2024-09-08,Pending,13,613,VOUCHER612,1042.02,38.88
613,2023-08-04 08:05:55.499666,2024-09-07,2024-09-09,Cancelled,14,614,VOUCHER613,443.34,78.07
614,2023-08-05 08:05:55.499666,2024-09-08,2024-09-10,Expired,15,615,VOUCHER614,1006.95,73.84
615,2023-08-06 08:05:55.499666,2024-09-09,2024-09-11,Booked,16,616,VOUCHER615,247.71,19.9
616,2023-08-07 08:05:55.499666,2024-09-10,2024-09-12,Pending,17,617,VOUCHER616,585.52,14.66
617,2023-08-08 08:05:55.499666,2024-09-11,2024-09-13,Cancelled,18,618,VOUCHER617,278.27,98.49
618,2023-08-09 08:05:55.499666,2024-09-12,2024-09-14,Expired,19,619,VOUCHER618,330.85,75.44
619,2023-08-10 08:05:55.499666,2024-09-13,2024-09-15,Booked,20,620,VOUCHER619,869.19,11.51
620,2023-08-11 08:05:55.499666,2024-09-14,2024-09-16,Pending,21,621,VOUCHER620,306.04,37.33
621,2023-08-12 08:05:55.499666,2024-09-15,2024-09-17,Cancelled,22,622,VOUCHER621,361.17,77.21
622,2023-08-13 08:05:55.499666,2024-09-16,2024-09-18,Expired,23,623,VOUCHER622,839.86,10.11
623,2023-08-14 08:05:55.499666,2024-09-17,2024-09-19,Booked,24,624,VOUCHER623,1075.53,4.92
624,2023-08-15 08:05:55.499666,2024-09-18,2024-09-20,Pending,25,625,VOUCHER624,276.97,40.1
625,2023-08-16 08:05:55.499666,2024-09-19,2024-09-21,Cancelled,26,626,VOUCHER625,675.87,64.95
626,2023-08-17 08:05:55.499666,2024-09-20,2024-09-22,Expired,27,627,VOUCHER626,1098.13,17.92
627,2023-08-18 08:05:55.499666,2024-09-21,2024-09-23,Booked,28,628,VOUCHER627,157.66,3.78
628,2023-08-19 08:05:55.499666,2024-09-22,2024-09-24,Pending,29,629,VOUCHER628,692.4,90.49
629,2023-08-20 08:05:55.499666,2024-09-23,2024-09-25,Cancelled,30,630,VOUCHER629,1075.87,6.59
630,2023-08-21 08:05:55.499666,2024-08-25,2024-08-27,Expired,31,631,VOUCHER630,418.75,28.85
631,2023-08-22 08:05:55.499666,2024-08-26,2024-08-28,Booked,32,632,VOUCHER631,972.0,33.7
632,2023-08-23 08:05:55.499666,2024-08-27,2024-08-29,Pending,33,633,VOUCHER632,1014.78,93.01
633,2023-08-24 08:05:55.499666,2024-08-28,2024-08-30,Cancelled,34,634,VOUCHER633,290.84,67.14
634,2023-08-25 08:05:55.499666,2024-08-29,2024-08-31,Expired,35,635,VOUCHER634,1085.33,13.39
635,2023-08-26 08:05:55.499666,2024-08-30,2024-09-01,Booked,36,636,VOUCHER635,1085.47,81.22
636,2023-08-27 08:05:55.499666,2024-08-31,2024-09-02,Pending,37,637,VOUCHER636,356.84,49.67
637,2023-08-28 08:05:55.499666,2024-09-01,2024-09-03,Cancelled,38,638,VOUCHER637,148.54,68.0
638,2023-08-29 08:05:55.499666,2024-09-02,2024-09-04,Expired,39,639,VOUCHER638,710.64,16.65
639,2023-08-30 08:05:55.499666,2024-09-03,2024-09-05,Booked,40,640,VOUCHER639,735.96,89.04
640,2023-08-31 08:05:55.499666,2024-09-04,2024-09-06,Pending,41,641,VOUCHER640,138.62,85.05
641,2023-09-01 08:05:55.499666,2024-09-05,2024-09-07,Cancelled,42,642,VOUCHER641,1074.84,14.86
642,2023-09-02 08:05:55.499666,2024-09-06,2024-09-08,Expired,43,643,VOUCHER642,701.1,75.52
643,2023-09-03 08:05:55.499666,2024-09-07,2024-09-09,Booked,44,644,VOUCHER643,384.35,39.82
644,2023-09-04 08:05:55.499666,2024-09-08,2024-09-10,Pending,45,645,VOUCHER644,143.67,98.05
645,2023-09-05 08:05:55.499666,2024-09-09,2024-09-11,Cancelled,46,646,VOUCHER645,150.27,1.07
646,2023-09-06 08:05:55.499666,2024-09-10,2024-09-12,Expired,47,647,VOUCHER646,957.76,24.95
647,2023-09-07 08:05:55.499666,2024-09-11,2024-09-13,Booked,48,648,VOUCHER647,1053.04,77.25
648,2023-09-08 08:05:55.499666,2024-09-12,2024-09-14,Pending,49,649,VOUCHER648,587.4,84.79
649,2023-09-09 08:05:55.499666,2024-09-13,2024-09-15,Cancelled,50,650,VOUCHER649,873.71,25.84
650,2023-09-10 08:05:55.499666,2024-09-14,2024-09-16,Expired,1,651,VOUCHER650,1011.11,83.83
651,2023-09-11 08:05:55.499666,2024-09-15,2024-09-17,Booked,2,652,VOUCHER651,221.12,32.52
652,2023-09-12 08:05:55.499666,2024-09-16,2024-09-18,Pending,3,653,VOUCHER652,706.49,88.45
653,2023-09-13 08:05:55.499666,2024-09-17,2024-09-19,Cancelled,4,654,VOUCHER653,312.03,75.27
654,2023-09-14 08:05:55.499666,2024-09-18,2024-09-20,Expired,5,655,VOUCHER654,761.32,73.38
655,2023-09-15 08:05:55.499666,2024-09-19,2024-09-21,Booked,6,656,VOUCHER655,777.81,47.52
656,2023-09-16 08:05:55.499666,2024-09-20,2024-09-22,Pending,7,657,VOUCHER656,679.72,71.04
657,2023-09-17 08:05:55.499666,2024-09-21,2024-09-23,Cancelled,8,658,VOUCHER657,499.15,76.18
658,2023-09-18 08:05:55.499666,2024-09-22,2024-09-24,Expired,9,659,VOUCHER658,874.74,62.04
659,2023-09-19 08:05:55.499666,2024-09-23,2024-09-25,Booked,10,660,VOUCHER659,423.57,11.47
660,2023-09-20 08:05:55.499666,2024-08-25,2024-08-27,Pending,11,661,VOUCHER660,398.65,69.18
661,2023-09-21 08:05:55.499666,2024-08-26,2024-08-28,Cancelled,12,662,VOUCHER661,788.71,47.36
662,2023-09-22 08:05:55.499666,2024-08-27,2024-08-29,Expired,13,663,VOUCHER662,674.4,49.25
663,2023-09-23 08:05:55.499666,2024-08-28,2024-08-30,Booked,14,664,VOUCHER663,951.99,57.09
664,2023-09-24 08:05:55.499666,2024-08-29,2024-08-31,Pending,15,665,VOUCHER664,720.95,91.53
665,2023-09-25 08:05:55.499666,2024-08-30,2024-09-01,Cancelled,16,666,VOUCHER665,361.81,41.35
666,2023-09-26 08:05:55.499666,2024-08-31,2024-09-02,Expired,17,667,VOUCHER666,1053.71,97.93
667,2023-09-27 08:05:55.499666,2024-09-01,2024-09-03,Booked,18,668,VOUCHER667,1046.0,94.34
668,2023-09-28 08:05:55.499666,2024-09-02,2024-09-04,Pending,19,669,VOUCHER668,359.49,39.04
669,2023-09-29 08:05:55.499666,2024-09-03,2024-09-05,Cancelled,20,670,VOUCHER669,244.24,90.63
670,2023-09-30 08:05:55.499666,2024-09-04,2024-09-06,Expired,21,671,VOUCHER670,542.19,0.21
671,2023-10-01 08:05:55.499666,2024-09-05,2024-09-07,Booked,22,672,VOUCHER671,578.36,95.08
672,2023-10-02 08:05:55.499666,2024-09-06,2024-09-08,Pending,23,673,VOUCHER672,487.41,80.7
673,2023-10-03 08:05:55.499666,2024-09-07,2024-09-09,Cancelled,24,674,VOUCHER673,997.71,46.7
674,2023-10-04 08:05:55.499666,2024-09-08,2024-09-10,Expired,25,675,VOUCHER674,156.0,14.41
675,2023-10-05 08:05:55.499666,2024-09-09,2024-09-11,Booked,26,676,VOUCHER675,918.85,80.28
676,2023-10-06 08:05:55.499666,2024-09-10,2024-09-12,Pending,27,677,VOUCHER676,471.81,97.46
677,2023-10-07 08:05:55.499666,2024-09-11,2024-09-13,Cancelled,28,678,VOUCHER677,714.83,27.82
678,2023-10-08 08:05:55.499666,2024-09-12,2024-09-14,Expired,29,679,VOUCHER678,1077.92,42.47
679,2023-10-09 08:05:55.499666,2024-09-13,2024-09-15,Booked,30,680,VOUCHER679,419.89,3.14
680,2023-10-10 08:05:55.499666,2024-09-14,2024-09-16,Pending,31,681,VOUCHER680,888.7,14.85
681,2023-10-11 08:05:55.499666,2024-09-15,2024-09-17,Cancelled,32,682,VOUCHER681,1070.11,71.84
682,2023-10-12 08:05:55.499666,2024-09-16,2024-09-18,Expired,33,683,VOUCHER682,528.34,26.68
683,2023-10-13 08:05:55.499666,2024-09-17,2024-09-19,Booked,34,684,VOUCHER683,1077.19,65.8
684,2023-10-14 08:05:55.499666,2024-09-18,2024-09-20,Pending,35,685,VOUCHER684,116.64,80.66
685,2023-10-15 08:05:55.499666,2024-09-19,2024-09-21,Cancelled,36,686,VOUCHER685,957.41,24.18
686,2023-10-16 08:05:55.499666,2024-09-20,2024-09-22,Expired,37,687,VOUCHER686,412.69,31.85
687,2023-10-17 08:05:55.499666,2024-09-21,2024-09-23,Booked,38,688,VOUCHER687,343.64,55.43
688,2023-10-18 08:05:55.499666,2024-09-22,2024-09-24,Pending,39,689,VOUCHER688,358.81,8.5
689,2023-10-19 08:05:55.499666,2024-09-23,2024-09-25,Cancelled,40,690,VOUCHER689,678.72,77.85
690,2023-10-20 08:05:55.499666,2024-08-25,2024-08-27,Expired,41,691,VOUCHER690,460.49,45.23
691,2023-10-21 08:05:55.499666,2024-08-26,2024-08-28,Booked,42,692,VOUCHER691,212.38,35.99
692,2023-10-22 08:05:55.499666,2024-08-27,2024-08-29,Pending,43,693,VOUCHER692,900.92,0.14
693,2023-10-23 08:05:55.499666,2024-08-28,2024-08-30,Cancelled,44,694,VOUCHER693,740.24,22.4
694,2023-10-24 08:05:55.499666,2024-08-29,2024-08-31,Expired,45,695,VOUCHER694,607.52,69.85
695,2023-10-25 08:05:55.499666,2024-08-30,2024-09-01,Booked,46,696,VOUCHER695,978.8,86.2
696,2023-10-26 08:05:55.499666,2024-08-31,2024-09-02,Pending,47,697,VOUCHER696,776.8,80.1
697,2023-10-27 08:05:55.499666,2024-09-01,2024-09-03,Cancelled,48,698,VOUCHER697,1058.49,51.59
698,2023-10-28 08:05:55.499666,2024-09-02,2024-09-04,Expired,49,699,VOUCHER698,314.66,9.34
699,2023-10-29 08:05:55.499666,2024-09-03,2024-09-05,Booked,50,700,VOUCHER699,541.52,31.5
700,2023-10-30 08:05:55.499666,2024-09-04,2024-09-06,Pending,1,701,VOUCHER700,783.91,24.2
701,2023-10-31 08:05:55.499666,2024-09-05,2024-09-07,Cancelled,2,702,VOUCHER701,782.78,26.07
702,2023-11-01 08:05:55.499666,2024-09-06,2024-09-08,Expired,3,703,VOUCHER702,365.97,42.08
703,2023-11-02 08:05:55.499666,2024-09-07,2024-09-09,Booked,4,704,VOUCHER703,708.73,77.51
704,2023-11-03 08:05:55.499666,2024-09-08,2024-09-10,Pending,5,705,VOUCHER704,967.91,40.93
705,2023-11-04 08:05:55.499666,2024-09-09,2024-09-11,Cancelled,6,706,VOUCHER705,999.79,86.2
706,2023-11-05 08:05:55.499666,2024-09-10,2024-09-12,Expired,7,707,VOUCHER706,443.27,60.95
707,2023-11-06 08:05:55.499666,2024-09-11,2024-09-13,Booked,8,708,VOUCHER707,739.25,16.65
708,2023-11-07 08:05:55.499666,2024-09-12,2024-09-14,Pending,9,709,VOUCHER708,278.2,68.7
709,2023-11-08 08:05:55.499666,2024-09-13,2024-09-15,Cancelled,10,710,VOUCHER709,301.78,63.21
710,2023-11-09 08:05:55.499666,2024-09-14,2024-09-16,Expired,11,711,VOUCHER710,435.44,11.25
711,2023-11-10 08:05:55.499666,2024-09-15,2024-09-17,Booked,12,712,VOUCHER711,266.15,45.28
712,2023-11-11 08:05:55.499666,2024-09-16,2024-09-18,Pending,13,713,VOUCHER712,1085.87,85.49
713,2023-11-12 08:05:55.499666,2024-09-17,2024-09-19,Cancelled,14,714,VOUCHER713,572.23,41.84
714,2023-11-13 08:05:55.499666,2024-09-18,2024-09-20,Expired,15,715,VOUCHER714,1008.49,93.66
715,2023-11-14 08:05:55.499666,2024-09-19,2024-09-21,Booked,16,716,VOUCHER715,826.4,99.05
716,2023-11-15 08:05:55.499666,2024-09-20,2024-09-22,Pending,17,717,VOUCHER716,650.89,88.03
717,2023-11-16 08:05:55.499666,2024-09-21,2024-09-23,Cancelled,18,718,VOUCHER717,370.73,86.64
718,2023-11-17 08:05:55.499666,2024-09-22,2024-09-24,Expired,19,719,VOUCHER718,435.61,12.09
719,2023-11-18 08:05:55.499666,2024-09-23,2024-09-25,Booked,20,720,VOUCHER719,451.29,86.36
720,2023-11-19 08:05:55.499666,2024-08-25,2024-08-27,Pending,21,721,VOUCHER720,427.01,87.04
721,2023-11-20 08:05:55.499666,2024-08-26,2024-08-28,Cancelled,22,722,VOUCHER721,983.93,56.03
722,2023-11-21 08:05:55.499666,2024-08-27,2024-08-29,Expired,23,723,VOUCHER722,1066.61,36.55
723,2023-11-22 08:05:55.499666,2024-08-28,2024-08-30,Booked,24,724,VOUCHER723,159.95,76.12
724,2023-11-23 08:05:55.499666,2024-08-29,2024-08-31,Pending,25,725,VOUCHER724,301.02,82.28
725,2023-11-24 08:05:55.499666,2024-08-30,2024-09-01,Cancelled,26,726,VOUCHER725,549.57,92.69
726,2023-11-25 08:05:55.499666,2024-08-31,2024-09-02,Expired,27,727,VOUCHER726,102.17,20.33
727,2023-11-26 08:05:55.499666,2024-09-01,2024-09-03,Booked,28,728,VOUCHER727,742.43,74.62
728,2023-11-27 08:05:55.499666,2024-09-02,2024-09-04,Pending,29,729,VOUCHER728,477.28,26.62
729,2023-11-28 08:05:55.499666,2024-09-03,2024-09-05,Cancelled,30,730,VOUCHER729,658.44,97.51
730,2023-11-29 08:05:55.499666,2024-09-04,2024-09-06,Expired,31,731,VOUCHER730,530.69,57.67
731,2023-11-30 08:05:55.499666,2024-09-05,2024-09-07,Booked,32,732,VOUCHER731,918.98,8.92
732,2023-12-01 08:05:55.499666,2024-09-06,2024-09-08,Pending,33,733,VOUCHER732,738.73,61.64
733,2023-12-02 08:05:55.499666,2024-09-07,2024-09-09,Cancelled,34,734,VOUCHER733,491.75,65.03
734,2023-12-03 08:05:55.499666,2024-09-08,2024-09-10,Expired,35,735,VOUCHER734,184.22,93.08
735,2023-12-04 08:05:55.499666,2024-09-09,2024-09-11,Booked,36,736,VOUCHER735,818.34,18.86
736,2023-12-05 08:05:55.499666,2024-09-10,2024-09-12,Pending,37,737,VOUCHER736,242.65,9.37
737,2023-12-06 08:05:55.499666,2024-09-11,2024-09-13,Cancelled,38,738,VOUCHER737,861.31,82.88
738,2023-12-07 08:05:55.499666,2024-09-12,2024-09-14,Expired,39,739,VOUCHER738,874.79,96.91
739,2023-12-08 08:05:55.499666,2024-09-13,2024-09-15,Booked,40,740,VOUCHER739,731.04,48.7
740,2023-12-09 08:05:55.499666,2024-09-14,2024-09-16,Pending,41,741,VOUCHER740,842.14,34.06
741,2023-12-10 08:05:55.499666,2024-09-15,2024-09-17,Cancelled,42,742,VOUCHER741,485.79,75.16
742,2023-12-11 08:05:55.499666,2024-09-16,2024-09-18,Expired,43,743,VOUCHER742,483.59,2.91
743,2023-12-12 08:05:55.499666,2024-09-17,2024-09-19,Booked,44,744,VOUCHER743,262.17,20.55
744,2023-12-13 08:05:55.499666,2024-09-18,2024-09-20,Pending,45,745,VOUCHER744,163.84,46.28
745,2023-12-14 08:05:55.499666,2024-09-19,2024-09-21,Cancelled,46,746,VOUCHER745,458.2,0.11
746,2023-12-15 08:05:55.499666,2024-09-20,2024-09-22,Expired,47,747,VOUCHER746,692.9,63.09
747,2023-12-16 08:05:55.499666,2024-09-21,2024-09-23,Booked,48,748,VOUCHER747,333.49,66.49
748,2023-12-17 08:05:55.499666,2024-09-22,2024-09-24,Pending,49,749,VOUCHER748,317.64,7.17
749,2023-12-18 08:05:55.499666,2024-09-23,2024-09-25,Cancelled,50,750,VOUCHER749,138.11,96.27
750,2023-12-19 08:05:55.499666,2024-08-25,2024-08-27,Expired,1,751,VOUCHER750,774.23,12.84
751,2023-12-20 08:05:55.499666,2024-08-26,2024-08-28,Booked,2,752,VOUCHER751,966.37,94.16
752,2023-12-21 08:05:55.499666,2024-08-27,2024-08-29,Pending,3,753,VOUCHER752,166.13,5.28
753,2023-12-22 08:05:55.499666,2024-08-28,2024-08-30,Cancelled,4,754,VOUCHER753,636.82,8.12
754,2023-12-23 08:05:55.499666,2024-08-29,2024-08-31,Expired,5,755,VOUCHER754,475.98,54.87
755,2023-12-24 08:05:55.499666,2024-08-30,2024-09-01,Booked,6,756,VOUCHER755,414.3,61.17
756,2023-12-25 08:05:55.499666,2024-08-31,2024-09-02,Pending,7,757,VOUCHER756,539.4,20.47
757,2023-12-26 08:05:55.499666,2024-09-01,2024-09-03,Cancelled,8,758,VOUCHER757,654.38,12.02
758,2023-12-27 08:05:55.499666,2024-09-02,2024-09-04,Expired,9,759,VOUCHER758,590.24,64.47
759,2023-12-28 08:05:55.499666,2024-09-03,2024-09-05,Booked,10,760,VOUCHER759,1008.12,38.07
760,2023-12-29 08:05:55.499666,2024-09-04,2024-09-06,Pending,11,761,VOUCHER760,645.03,59.79
761,2023-12-30 08:05:55.499666,2024-09-05,2024-09-07,Cancelled,12,762,VOUCHER761,674.45,6.5
762,2023-12-31 08:05:55.499666,2024-09-06,2024-09-08,Expired,13,763,VOUCHER762,220.44,90.49
763,2024-01-01 08:05:55.499666,2024-09-07,2024-09-09,Booked,14,764,VOUCHER763,1026.98,46.42
764,2024-01-02 08:05:55.499666,2024-09-08,2024-09-10,Pending,15,765,VOUCHER764,193.87,48.84
765,2024-01-03 08:05:55.499666,2024-09-09,2024-09-11,Cancelled,16,766,VOUCHER765,426.38,26.99
766,2024-01-04 08:05:55.499666,2024-09-10,2024-09-12,Expired,17,767,VOUCHER766,120.54,76.64
767,2024-01-05 08:05:55.499666,2024-09-11,2024-09-13,Booked,18,768,VOUCHER767,1014.74,68.92
768,2024-01-06 08:05:55.499666,2024-09-12,2024-09-14,Pending,19,769,VOUCHER768,438.54,88.67
769,2024-01-07 08:05:55.499666,2024-09-13,2024-09-15,Cancelled,20,770,VOUCHER769,1083.33,94.54
770,2024-01-08 08:05:55.499666,2024-09-14,2024-09-16,Expired,21,771,VOUCHER770,731.09,55.84
771,2024-01-09 08:05:55.499666,2024-09-15,2024-09-17,Booked,22,772,VOUCHER771,223.97,41.94
772,2024-01-10 08:05:55.499666,2024-09-16,2024-09-18,Pending,23,773,VOUCHER772,405.06,43.32
773,2024-01-11 08:05:55.499666,2024-09-17,2024-09-19,Cancelled,24,774,VOUCHER773,881.31,10.36
774,2024-01-12 08:05:55.499666,2024-09-18,2024-09-20,Expired,25,775,VOUCHER774,698.58,76.75
775,2024-01-13 08:05:55.499666,2024-09-19,2024-09-21,Booked,26,776,VOUCHER775,288.81,57.23
776,2024-01-14 08:05:55.499666,2024-09-20,2024-09-22,Pending,27,777,VOUCHER776,1086.87,5.63
777,2024-01-15 08:05:55.499666,2024-09-21,2024-09-23,Cancelled,28,778,VOUCHER777,715.73,63.75
778,2024-01-16 08:05:55.499666,2024-09-22,2024-09-24,Expired,29,779,VOUCHER778,732.2,5.93
779,2024-01-17 08:05:55.499666,2024-09-23,2024-09-25,Booked,30,780,VOUCHER779,803.22,19.25
780,2024-01-18 08:05:55.499666,2024-08-25,2024-08-27,Pending,31,781,VOUCHER780,266.33,0.28
781,2024-01-19 08:05:55.499666,2024-08-26,2024-08-28,Cancelled,32,782,VOUCHER781,800.71,29.51
782,2024-01-20 08:05:55.499666,2024-08-27,2024-08-29,Expired,33,783,VOUCHER782,625.39,12.11
783,2024-01-21 08:05:55.499666,2024-08-28,2024-08-30,Booked,34,784,VOUCHER783,212.29,27.31
784,2024-01-22 08:05:55.499666,2024-08-29,2024-08-31,Pending,35,785,VOUCHER784,930.31,22.08
785,2024-01-23 08:05:55.499666,2024-08-30,2024-09-01,Cancelled,36,786,VOUCHER785,660.85,92.93
786,2024-01-24 08:05:55.499666,2024-08-31,2024-09-02,Expired,37,787,VOUCHER786,149.65,79.13
787,2024-01-25 08:05:55.499666,2024-09-01,2024-09-03,Booked,38,788,VOUCHER787,312.36,77.61
788,2024-01-26 08:05:55.499666,2024-09-02,2024-09-04,Pending,39,789,VOUCHER788,954.6,74.84
789,2024-01-27 08:05:55.499666,2024-09-03,2024-09-05,Cancelled,40,790,VOUCHER789,565.85,55.15
790,2024-01-28 08:05:55.499666,2024-09-04,2024-09-06,Expired,41,791,VOUCHER790,314.23,13.53
791,2024-01-29 08:05:55.499666,2024-09-05,2024-09-07,Booked,42,792,VOUCHER791,699.34,9.23
792,2024-01-30 08:05:55.499666,2024-09-06,2024-09-08,Pending,43,793,VOUCHER792,846.16,71.5
793,2024-01-31 08:05:55.499666,2024-09-07,2024-09-09,Cancelled,44,794,VOUCHER793,1015.64,40.02
794,2024-02-01 08:05:55.499666,2024-09-08,2024-09-10,Expired,45,795,VOUCHER794,177.56,9.4
795,2024-02-02 08:05:55.499666,2024-09-09,2024-09-11,Booked,46,796,VOUCHER795,705.0,50.29
796,2024-02-03 08:05:55.499666,2024-09-10,2024-09-12,Pending,47,797,VOUCHER796,852.6,79.76
797,2024-02-04 08:05:55.499666,2024-09-11,2024-09-13,Cancelled,48,798,VOUCHER797,1036.88,44.6
798,2024-02-05 08:05:55.499666,2024-09-12,2024-09-14,Expired,49,799,VOUCHER798,995.08,8.39
799,2024-02-06 08:05:55.499666,2024-09-13,2024-09-15,Booked,50,800,VOUCHER799,717.32,55.77
800,2024-02-07 08:05:55.499666,2024-09-14,2024-09-16,Pending,1,801,VOUCHER800,675.29,49.2
801,2024-02-08 08:05:55.499666,2024-09-15,2024-09-17,Cancelled,2,802,VOUCHER801,861.36,49.77
802,2024-02-09 08:05:55.499666,2024-09-16,2024-09-18,Expired,3,803,VOUCHER802,992.79,45.86
803,2024-02-10 08:05:55.499666,2024-09-17,2024-09-19,Booked,4,804,VOUCHER803,293.79,66.72
804,2024-02-11 08:05:55.499666,2024-09-18,2024-09-20,Pending,5,805,VOUCHER804,355.07,35.57
805,2024-02-12 08:05:55.499666,2024-09-19,2024-09-21,Cancelled,6,806,VOUCHER805,1022.46,34.95
806,2024-02-13 08:05:55.499666,2024-09-20,2024-09-22,Expired,7,807,VOUCHER806,467.32,5.57
807,2024-02-14 08:05:55.499666,2024-09-21,2024-09-23,Booked,8,808,VOUCHER807,145.45,62.33
808,2024-02-15 08:05:55.499666,2024-09-22,2024-09-24,Pending,9,809,VOUCHER808,639.38,45.76
809,2024-02-16 08:05:55.499666,2024-09-23,2024-09-25,Cancelled,10,810,VOUCHER809,1028.15,21.45
810,2024-02-17 08:05:55.499666,2024-08-25,2024-08-27,Expired,11,811,VOUCHER810,230.33,14.79
811,2024-02-18 08:05:55.499666,2024-08-26,2024-08-28,Booked,12,812,VOUCHER811,894.62,20.78
812,2024-02-19 08:05:55.499666,2024-08-27,2024-08-29,Pending,13,813,VOUCHER812,284.59,63.25
813,2024-02-20 08:05:55.499666,2024-08-28,2024-08-30,Cancelled,14,814,VOUCHER813,547.16,2.61
814,2024-02-21 08:05:55.499666,2024-08-29,2024-08-31,Expired,15,815,VOUCHER814,638.85,99.33
815,2024-02-22 08:05:55.499666,2024-08-30,2024-09-01,Booked,16,816,VOUCHER815,490.78,52.52
816,2024-02-23 08:05:55.499666,2024-08-31,2024-09-02,Pending,17,817,VOUCHER816,299.37,77.75
817,2024-02-24 08:05:55.499666,2024-09-01,2024-09-03,Cancelled,18,818,VOUCHER817,479.49,5.77
818,2024-02-25 08:05:55.499666,2024-09-02,2024-09-04,Expired,19,819,VOUCHER818,583.18,83.57
819,2024-02-26 08:05:55.499666,2024-09-03,2024-09-05,Booked,20,820,VOUCHER819,306.68,20.75
820,2024-02-27 08:05:55.499666,2024-09-04,2024-09-06,Pending,21,821,VOUCHER820,1092.94,35.15
821,2024-02-28 08:05:55.499666,2024-09-05,2024-09-07,Cancelled,22,822,VOUCHER821,373.52,71.06
822,2024-02-29 08:05:55.499666,2024-09-06,2024-09-08,Expired,23,823,VOUCHER822,839.86,64.61
823,2024-03-01 08:05:55.499666,2024-09-07,2024-09-09,Booked,24,824,VOUCHER823,230.86,17.5
824,2024-03-02 08:05:55.499666,2024-09-08,2024-09-10,Pending,25,825,VOUCHER824,856.08,44.27
825,2024-03-03 08:05:55.499666,2024-09-09,2024-09-11,Cancelled,26,826,VOUCHER825,398.62,25.01
826,2024-03-04 08:05:55.499666,2024-09-10,2024-09-12,Expired,27,827,VOUCHER826,139.73,11.54
827,2024-03-05 08:05:55.499666,2024-09-11,2024-09-13,Booked,28,828,VOUCHER827,522.69,21.24
828,2024-03-06 08:05:55.499666,2024-09-12,2024-09-14,Pending,29,829,VOUCHER828,273.64,25.46
829,2024-03-07 08:05:55.499666,2024-09-13,2024-09-15,Cancelled,30,830,VOUCHER829,485.88,73.22
830,2024-03-08 08:05:55.499666,2024-09-14,2024-09-16,Expired,31,831,VOUCHER830,149.73,40.85
831,2024-03-09 08:05:55.499666,2024-09-15,2024-09-17,Booked,32,832,VOUCHER831,802.78,21.85
832,2024-03-10 08:05:55.499666,2024-09-16,2024-09-18,Pending,33,833,VOUCHER832,843.66,62.76
833,2024-03-11 08:05:55.499666,2024-09-17,2024-09-19,Cancelled,34,834,VOUCHER833,308.97,35.62
834,2024-03-12 08:05:55.499666,2024-09-18,2024-09-20,Expired,35,835,VOUCHER834,322.05,97.4
835,2024-03-13 08:05:55.499666,2024-09-19,2024-09-21,Booked,36,836,VOUCHER835,314.05,62.45
836,2024-03-14 08:05:55.499666,2024-09-20,2024-09-22,Pending,37,837,VOUCHER836,661.54,26.04
837,2024-03-15 08:05:55.499666,2024-09-21,2024-09-23,Cancelled,38,838,VOUCHER837,492.89,0.3
838,2024-03-16 08:05:55.499666,2024-09-22,2024-09-24,Expired,39,839,VOUCHER838,225.07,26.62
839,2024-03-17 08:05:55.499666,2024-09-23,2024-09-25,Booked,40,840,VOUCHER839,507.96,13.86
840,2024-03-18 08:05:55.499666,2024-08-25,2024-08-27,Pending,41,841,VOUCHER840,516.76,62.62
841,2024-03-19 08:05:55.499666,2024-08-26,2024-08-28,Cancelled,42,842,VOUCHER841,810.63,77.44
842,2024-03-20 08:05:55.499666,2024-08-27,2024-08-29,Expired,43,843,VOUCHER842,538.41,57.95
843,2024-03-21 08:05:55.499666,2024-08-28,2024-08-30,Booked,44,844,VOUCHER843,1085.25,67.24
844,2024-03-22 08:05:55.499666,2024-08-29,2024-08-31,Pending,45,845,VOUCHER844,545.22,18.7
845,2024-03-23 08:05:55.499666,2024-08-30,2024-09-01,Cancelled,46,846,VOUCHER845,155.91,93.63
846,2024-03-24 08:05:55.499666,2024-08-31,2024-09-02,Expired,47,847,VOUCHER846,367.45,32.48
847,2024-03-25 08:05:55.499666,2024-09-01,2024-09-03,Booked,48,848,VOUCHER847,852.39,3.2
848,2024-03-26 08:05:55.499666,2024-09-02,2024-09-04,Pending,49,849,VOUCHER848,482.11,40.23
849,2024-03-27 08:05:55.499666,2024-09-03,2024-09-05,Cancelled,50,850,VOUCHER849,764.84,78.57
850,2024-03-28 08:05:55.499666,2024-09-04,2024-09-06,Expired,1,851,VOUCHER850,913.18,98.0
851,2024-03-29 08:05:55.499666,2024-09-05,2024-09-07,Booked,2,852,VOUCHER851,142.23,71.38
852,2024-03-30 08:05:55.499666,2024-09-06,2024-09-08,Pending,3,853,VOUCHER852,767.99,20.05
853,2024-03-31 08:05:55.499666,2024-09-07,2024-09-09,Cancelled,4,854,VOUCHER853,500.15,61.18
854,2024-04-01 08:05:55.499666,2024-09-08,2024-09-10,Expired,5,855,VOUCHER854,818.84,64.07
855,2024-04-02 08:05:55.499666,2024-09-09,2024-09-11,Booked,6,856,VOUCHER855,1091.69,93.82
856,2024-04-03 08:05:55.499666,2024-09-10,2024-09-12,Pending,7,857,VOUCHER856,375.35,3.72
857,2024-04-04 08:05:55.499666,2024-09-11,2024-09-13,Cancelled,8,858,VOUCHER857,1008.61,10.17
858,2024-04-05 08:05:55.499666,2024-09-12,2024-09-14,Expired,9,859,VOUCHER858,707.51,56.09
859,2024-04-06 08:05:55.499666,2024-09-13,2024-09-15,Booked,10,860,VOUCHER859,769.1,87.27
860,2024-04-07 08:05:55.499666,2024-09-14,2024-09-16,Pending,11,861,VOUCHER860,243.17,39.66
861,2024-04-08 08:05:55.499666,2024-09-15,2024-09-17,Cancelled,12,862,VOUCHER861,215.76,25.34
862,2024-04-09 08:05:55.499666,2024-09-16,2024-09-18,Expired,13,863,VOUCHER862,523.34,32.98
863,2024-04-10 08:05:55.499666,2024-09-17,2024-09-19,Booked,14,864,VOUCHER863,1000.66,84.95
864,2024-04-11 08:05:55.499666,2024-09-18,2024-09-20,Pending,15,865,VOUCHER864,633.8,61.21
865,2024-04-12 08:05:55.499666,2024-09-19,2024-09-21,Cancelled,16,866,VOUCHER865,931.46,10.17
866,2024-04-13 08:05:55.499666,2024-09-20,2024-09-22,Expired,17,867,VOUCHER866,294.01,35.97
867,2024-04-14 08:05:55.499666,2024-09-21,2024-09-23,Booked,18,868,VOUCHER867,757.85,26.73
868,2024-04-15 08:05:55.499666,2024-09-22,2024-09-24,Pending,19,869,VOUCHER868,559.66,17.88
869,2024-04-16 08:05:55.499666,2024-09-23,2024-09-25,Cancelled,20,870,VOUCHER869,305.71,33.7
870,2024-04-17 08:05:55.499666,2024-08-25,2024-08-27,Expired,21,871,VOUCHER870,843.14,17.44
871,2024-04-18 08:05:55.499666,2024-08-26,2024-08-28,Booked,22,872,VOUCHER871,136.75,78.1
872,2024-04-19 08:05:55.499666,2024-08-27,2024-08-29,Pending,23,873,VOUCHER872,666.17,30.85
873,2024-04-20 08:05:55.499666,2024-08-28,2024-08-30,Cancelled,24,874,VOUCHER873,496.24,20.25
874,2024-04-21 08:05:55.499666,2024-08-29,2024-08-31,Expired,25,875,VOUCHER874,798.72,58.37
875,2024-04-22 08:05:55.499666,2024-08-30,2024-09-01,Booked,26,876,VOUCHER875,285.47,32.97
876,2024-04-23 08:05:55.499666,2024-08-31,2024-09-02,Pending,27,877,VOUCHER876,603.34,34.07
877,2024-04-24 08:05:55.499666,2024-09-01,2024-09-03,Cancelled,28,878,VOUCHER877,187.63,89.37
878,2024-04-25 08:05:55.499666,2024-09-02,2024-09-04,Expired,29,879,VOUCHER878,967.32,20.19
879,2024-04-26 08:05:55.499666,2024-09-03,2024-09-05,Booked,30,880,VOUCHER879,117.02,53.03
880,2024-04-27 08:05:55.499666,2024-09-04,2024-09-06,Pending,31,881,VOUCHER880,969.64,76.26
881,2024-04-28 08:05:55.499666,2024-09-05,2024-09-07,Cancelled,32,882,VOUCHER881,536.29,4.95
882,2024-04-29 08:05:55.499666,2024-09-06,2024-09-08,Expired,33,883,VOUCHER882,773.69,93.05
883,2024-04-30 08:05:55.499666,2024-09-07,2024-09-09,Booked,34,884,VOUCHER883,283.15,97.43
884,2024-05-01 08:05:55.499666,2024-09-08,2024-09-10,Pending,35,885,VOUCHER884,370.19,1.42
885,2024-05-02 08:05:55.499666,2024-09-09,2024-09-11,Cancelled,36,886,VOUCHER885,706.64,82.58
886,2024-05-03 08:05:55.499666,2024-09-10,2024-09-12,Expired,37,887,VOUCHER886,1001.52,95.84
887,2024-05-04 08:05:55.499666,2024-09-11,2024-09-13,Booked,38,888,VOUCHER887,678.12,0.41
888,2024-05-05 08:05:55.499666,2024-09-12,2024-09-14,Pending,39,889,VOUCHER888,995.46,95.99
889,2024-05-06 08:05:55.499666,2024-09-13,2024-09-15,Cancelled,40,890,VOUCHER889,410.61,47.33
890,2024-05-07 08:05:55.499666,2024-09-14,2024-09-16,Expired,41,891,VOUCHER890,513.39,55.75
891,2024-05-08 08:05:55.499666,2024-09-15,2024-09-17,Booked,42,892,VOUCHER891,691.94,61.61
892,2024-05-09 08:05:55.499666,2024-09-16,2024-09-18,Pending,43,893,VOUCHER892,396.96,89.27
893,2024-05-10 08:05:55.499666,2024-09-17,2024-09-19,Cancelled,44,894,VOUCHER893,766.08,30.07
894,2024-05-11 08:05:55.499666,2024-09-18,2024-09-20,Expired,45,895,VOUCHER894,976.88,44.89
895,2024-05-12 08:05:55.499666,2024-09-19,2024-09-21,Booked,46,896,VOUCHER895,538.85,24.26
896,2024-05-13 08:05:55.499666,2024-09-20,2024-09-22,Pending,47,897,VOUCHER896,813.62,20.25
897,2024-05-14 08:05:55.499666,2024-09-21,2024-09-23,Cancelled,48,898,VOUCHER897,349.46,40.12
898,2024-05-15 08:05:55.499666,2024-09-22,2024-09-24,Expired,49,899,VOUCHER898,878.25,79.88
899,2024-05-16 08:05:55.499666,2024-09-23,2024-09-25,Booked,50,900,VOUCHER899,249.55,29.5
900,2024-05-17 08:05:55.499666,2024-08-25,2024-08-27,Pending,1,901,VOUCHER900,485.02,39.04
901,2024-05-18 08:05:55.499666,2024-08-26,2024-08-28,Cancelled,2,902,VOUCHER901,533.32,54.07
902,2024-05-19 08:05:55.499666,2024-08-27,2024-08-29,Expired,3,903,VOUCHER902,266.58,96.74
903,2024-05-20 08:05:55.499666,2024-08-28,2024-08-30,Booked,4,904,VOUCHER903,334.76,51.93
904,2024-05-21 08:05:55.499666,2024-08-29,2024-08-31,Pending,5,905,VOUCHER904,877.4,93.7
905,2024-05-22 08:05:55.499666,2024-08-30,2024-09-01,Cancelled,6,906,VOUCHER905,1072.15,16.6
906,2024-05-23 08:05:55.499666,2024-08-31,2024-09-02,Expired,7,907,VOUCHER906,738.66,97.63
907,2024-05-24 08:05:55.499666,2024-09-01,2024-09-03,Booked,8,908,VOUCHER907,702.67,40.83
908,2024-05-25 08:05:55.499666,2024-09-02,2024-09-04,Pending,9,909,VOUCHER908,643.38,64.66
909,2024-05-26 08:05:55.499666,2024-09-03,2024-09-05,Cancelled,10,910,VOUCHER909,427.6,57.38
910,2024-05-27 08:05:55.499666,2024-09-04,2024-09-06,Expired,11,911,VOUCHER910,148.09,28.92
911,2024-05-28 08:05:55.499666,2024-09-05,2024-09-07,Booked,12,912,VOUCHER911,144.41,14.49
912,2024-05-29 08:05:55.499666,2024-09-06,2024-09-08,Pending,13,913,VOUCHER912,438.68,47.63
913,2024-05-30 08:05:55.499666,2024-09-07,2024-09-09,Cancelled,14,914,VOUCHER913,509.13,90.33
914,2024-05-31 08:05:55.499666,2024-09-08,2024-09-10,Expired,15,915,VOUCHER914,402.68,90.43
915,2024-06-01 08:05:55.499666,2024-09-09,2024-09-11,Booked,16,916,VOUCHER915,589.49,80.66
916,2024-06-02 08:05:55.499666,2024-09-10,2024-09-12,Pending,17,917,VOUCHER916,426.44,53.69
917,2024-06-03 08:05:55.499666,2024-09-11,2024-09-13,Cancelled,18,918,VOUCHER917,346.88,76.23
918,2024-06-04 08:05:55.499666,2024-09-12,2024-09-14,Expired,19,919,VOUCHER918,499.58,94.87
919,2024-06-05 08:05:55.499666,2024-09-13,2024-09-15,Booked,20,920,VOUCHER919,376.73,85.58
920,2024-06-06 08:05:55.499666,2024-09-14,2024-09-16,Pending,21,921,VOUCHER920,414.69,90.2
921,2024-06-07 08:05:55.499666,2024-09-15,2024-09-17,Cancelled,22,922,VOUCHER921,710.45,97.82
922,2024-06-08 08:05:55.499666,2024-09-16,2024-09-18,Expired,23,923,VOUCHER922,640.65,93.29
923,2024-06-09 08:05:55.499666,2024-09-17,2024-09-19,Booked,24,924,VOUCHER923,986.86,25.63
924,2024-06-10 08:05:55.499666,2024-09-18,2024-09-20,Pending,25,925,VOUCHER924,1092.43,10.0
925,2024-06-11 08:05:55.499666,2024-09-19,2024-09-21,Cancelled,26,926,VOUCHER925,840.91,17.64
926,2024-06-12 08:05:55.499666,2024-09-20,2024-09-22,Expired,27,927,VOUCHER926,868.67,57.4
927,2024-06-13 08:05:55.499666,2024-09-21,2024-09-23,Booked,28,928,VOUCHER927,1039.06,91.43
928,2024-06-14 08:05:55.499666,2024-09-22,2024-09-24,Pending,29,929,VOUCHER928,757.01,68.04
929,2024-06-15 08:05:55.499666,2024-09-23,2024-09-25,Cancelled,30,930,VOUCHER929,272.6,63.39
930,2024-06-16 08:05:55.499666,2024-08-25,2024-08-27,Expired,31,931,VOUCHER930,170.2,63.04
931,2024-06-17 08:05:55.499666,2024-08-26,2024-08-28,Booked,32,932,VOUCHER931,866.58,52.24
932,2024-06-18 08:05:55.499666,2024-08-27,2024-08-29,Pending,33,933,VOUCHER932,258.2,4.01
933,2024-06-19 08:05:55.499666,2024-08-28,2024-08-30,Cancelled,34,934,VOUCHER933,187.34,12.74
934,2024-06-20 08:05:55.499666,2024-08-29,2024-08-31,Expired,35,935,VOUCHER934,401.91,50.27
935,2024-06-21 08:05:55.499666,2024-08-30,2024-09-01,Booked,36,936,VOUCHER935,655.46,30.04
936,2024-06-22 08:05:55.499666,2024-08-31,2024-09-02,Pending,37,937,VOUCHER936,623.66,78.0
937,2024-06-23 08:05:55.499666,2024-09-01,2024-09-03,Cancelled,38,938,VOUCHER937,865.7,30.26
938,2024-06-24 08:05:55.499666,2024-09-02,2024-09-04,Expired,39,939,VOUCHER938,714.66,45.04
939,2024-06-25 08:05:55.499666,2024-09-03,2024-09-05,Booked,40,940,VOUCHER939,955.55,57.65
940,2024-06-26 08:05:55.499666,2024-09-04,2024-09-06,Pending,41,941,VOUCHER940,976.24,21.7
941,2024-06-27 08:05:55.499666,2024-09-05,2024-09-07,Cancelled,42,942,VOUCHER941,578.06,42.91
942,2024-06-28 08:05:55.499666,2024-09-06,2024-09-08,Expired,43,943,VOUCHER942,373.07,15.05
943,2024-06-29 08:05:55.499666,2024-09-07,2024-09-09,Booked,44,944,VOUCHER943,354.66,62.38
944,2024-06-30 08:05:55.499666,2024-09-08,2024-09-10,Pending,45,945,VOUCHER944,904.93,32.31
945,2024-07-01 08:05:55.499666,2024-09-09,2024-09-11,Cancelled,46,946,VOUCHER945,693.21,27.04
946,2024-07-02 08:05:55.499666,2024-09-10,2024-09-12,Expired,47,947,VOUCHER946,998.42,98.17
947,2024-07-03 08:05:55.499666,2024-09-11,2024-09-13,Booked,48,948,VOUCHER947,244.0,68.29
948,2024-07-04 08:05:55.499666,2024-09-12,2024-09-14,Pending,49,949,VOUCHER948,409.61,28.16
949,2024-07-05 08:05:55.499666,2024-09-13,2024-09-15,Cancelled,50,950,VOUCHER949,872.66,20.21
950,2024-07-06 08:05:55.499666,2024-09-14,2024-09-16,Expired,1,951,VOUCHER950,298.77,85.46
951,2024-07-07 08:05:55.499666,2024-09-15,2024-09-17,Booked,2,952,VOUCHER951,897.39,63.52
952,2024-07-08 08:05:55.499666,2024-09-16,2024-09-18,Pending,3,953,VOUCHER952,903.89,5.85
953,2024-07-09 08:05:55.499666,2024-09-17,2024-09-19,Cancelled,4,954,VOUCHER953,966.02,63.79
954,2024-07-10 08:05:55.499666,2024-09-18,2024-09-20,Expired,5,955,VOUCHER954,292.37,63.0
955,2024-07-11 08:05:55.499666,2024-09-19,2024-09-21,Booked,6,956,VOUCHER955,536.67,36.72
956,2024-07-12 08:05:55.499666,2024-09-20,2024-09-22,Pending,7,957,VOUCHER956,530.68,86.89
957,2024-07-13 08:05:55.499666,2024-09-21,2024-09-23,Cancelled,8,958,VOUCHER957,626.27,28.82
958,2024-07-14 08:05:55.499666,2024-09-22,2024-09-24,Expired,9,959,VOUCHER958,879.55,16.71
959,2024-07-15 08:05:55.499666,2024-09-23,2024-09-25,Booked,10,960,VOUCHER959,662.38,46.58
960,2024-07-16 08:05:55.499666,2024-08-25,2024-08-27,Pending,11,961,VOUCHER960,222.26,18.9
961,2024-07-17 08:05:55.499666,2024-08-26,2024-08-28,Cancelled,12,962,VOUCHER961,723.09,76.73
962,2024-07-18 08:05:55.499666,2024-08-27,2024-08-29,Expired,13,963,VOUCHER962,372.63,82.69
963,2024-07-19 08:05:55.499666,2024-08-28,2024-08-30,Booked,14,964,VOUCHER963,691.2,52.07
964,2024-07-20 08:05:55.499666,2024-08-29,2024-08-31,Pending,15,965,VOUCHER964,519.27,0.71
965,2024-07-21 08:05:55.499666,2024-08-30,2024-09-01,Cancelled,16,966,VOUCHER965,348.46,59.08
966,2024-07-22 08:05:55.499666,2024-08-31,2024-09-02,Expired,17,967,VOUCHER966,254.76,81.75
967,2024-07-23 08:05:55.499666,2024-09-01,2024-09-03,Booked,18,968,VOUCHER967,860.86,97.31
968,2024-07-24 08:05:55.499666,2024-09-02,2024-09-04,Pending,19,969,VOUCHER968,152.41,34.07
969,2024-07-25 08:05:55.499666,2024-09-03,2024-09-05,Cancelled,20,970,VOUCHER969,580.57,65.86
970,2024-07-26 08:05:55.499666,2024-09-04,2024-09-06,Expired,21,971,VOUCHER970,1006.14,11.53
971,2024-07-27 08:05:55.499666,2024-09-05,2024-09-07,Booked,22,972,VOUCHER971,438.38,14.63
972,2024-07-28 08:05:55.499666,2024-09-06,2024-09-08,Pending,23,973,VOUCHER972,786.26,65.45
973,2024-07-29 08:05:55.499666,2024-09-07,2024-09-09,Cancelled,24,974,VOUCHER973,200.62,90.89
974,2024-07-30 08:05:55.499666,2024-09-08,2024-09-10,Expired,25,975,VOUCHER974,309.42,82.0
975,2024-07-31 08:05:55.499666,2024-09-09,2024-09-11,Booked,26,976,VOUCHER975,498.72,82.39
976,2024-08-01 08:05:55.499666,2024-09-10,2024-09-12,Pending,27,977,VOUCHER976,126.32,70.67
977,2024-08-02 08:05:55.499666,2024-09-11,2024-09-13,Cancelled,28,978,VOUCHER977,241.55,94.41
978,2024-08-03 08:05:55.499666,2024-09-12,2024-09-14,Expired,29,979,VOUCHER978,326.03,70.89
979,2024-08-04 08:05:55.499666,2024-09-13,2024-09-15,Booked,30,980,VOUCHER979,928.86,49.67
980,2024-08-05 08:05:55.499666,2024-09-14,2024-09-16,Pending,31,981,VOUCHER980,798.17,52.3
981,2024-08-06 08:05:55.499666,2024-09-15,2024-09-17,Cancelled,32,982,VOUCHER981,588.55,7.92
982,2024-08-07 08:05:55.499666,2024-09-16,2024-09-18,Expired,33,983,VOUCHER982,1021.56,44.68
983,2024-08-08 08:05:55.499666,2024-09-17,2024-09-19,Booked,34,984,VOUCHER983,856.26,19.09
984,2024-08-09 08:05:55.499666,2024-09-18,2024-09-20,Pending,35,985,VOUCHER984,1022.34,65.32
985,2024-08-10 08:05:55.499666,2024-09-19,2024-09-21,Cancelled,36,986,VOUCHER985,848.35,44.57
986,2024-08-11 08:05:55.499666,2024-09-20,2024-09-22,Expired,37,987,VOUCHER986,710.31,37.25
987,2024-08-12 08:05:55.499666,2024-09-21,2024-09-23,Booked,38,988,VOUCHER987,400.66,61.23
988,2024-08-13 08:05:55.499666,2024-09-22,2024-09-24,Pending,39,989,VOUCHER988,128.61,59.91
989,2024-08-14 08:05:55.499666,2024-09-23,2024-09-25,Cancelled,40,990,VOUCHER989,357.47,49.43
990,2024-08-15 08:05:55.499666,2024-08-25,2024-08-27,Expired,41,991,VOUCHER990,1088.09,4.03
991,2024-08-16 08:05:55.499666,2024-08-26,2024-08-28,Booked,42,992,VOUCHER991,504.77,19.31
992,2024-08-17 08:05:55.499666,2024-08-27,2024-08-29,Pending,43,993,VOUCHER992,380.32,32.06
993,2024-08-18 08:05:55.499666,2024-08-28,2024-08-30,Cancelled,44,994,VOUCHER993,509.41,48.32
994,2024-08-19 08:05:55.499666,2024-08-29,2024-08-31,Expired,45,995,VOUCHER994,1027.07,72.13
995,2024-08-20 08:05:55.499666,2024-08-30,2024-09-01,Booked,46,996,VOUCHER995,612.19,50.99
996,2024-08-21 08:05:55.499666,2024-08-31,2024-09-02,Pending,47,997,VOUCHER996,412.46,2.25
997,2024-08-22 08:05:55.499666,2024-09-01,2024-09-03,Cancelled,48,998,VOUCHER997,546.32,31.32
998,2024-08-23 08:05:55.499666,2024-09-02,2024-09-04,Expired,49,999,VOUCHER998,317.61,88.66
999,2024-08-24 08:05:55.499666,2024-09-03,2024-09-05,Booked,50,1000,VOUCHER999,129.53,46.01
1000,2024-08-25 08:05:55.499666,2024-09-04,2024-09-06,Pending,1,1,VOUCHER1000,826.18,0.69
