hotel_id,hotel_name,total_reservations,total_room_revenue,total_discount_given,total_payment_received,payment_month_year,third_party_name
3,Hotel 3,1,118.85,29.9,307.46,2025-06,Third Party 3
21,Hotel 21,1,308.1,61.75,202.12,2024-12,Third Party 1
22,Hotel 22,1,921.86,62.44,224.79,2024-09,Third Party 2
39,Hotel 39,1,882.79,95.71,87.23,2027-01,Third Party 9
38,Hotel 38,1,212.15,29.28,500.48,2025-12,Third Party 8
4,Hotel 4,1,130.01,43.44,345.89,2026-09,Third Party 4
47,Hotel 47,1,429.06,51.08,200.36,2026-07,Third Party 7
49,Hotel 49,1,1045.25,50.89,97.69,2026-01,Third Party 9
12,Hotel 12,1,376.94,94.43,191.8,2026-01,Third Party 2
6,Hotel 6,19,14355.11,888.98,,,
13,Hotel 13,1,348.57,13.97,145.71,2024-07,Third Party 3
11,Hotel 11,1,415.39,44.31,129.58,2025-01,Third Party 1
16,Hotel 16,1,500.58,54.18,195.06,2027-01,Third Party 6
6,Hotel 6,1,319.88,98.48,261.34,2025-06,Third Party 6
32,Hotel 32,1,437.7,42.99,381.97,2026-12,Third Party 2
36,Hotel 36,1,797.45,83.31,467.58,2024-08,Third Party 6
48,Hotel 48,1,1069.17,40.92,231.67,2026-12,Third Party 8
27,Hotel 27,1,383.15,0.3,170.23,2026-07,Third Party 7
12,Hotel 12,1,376.94,94.43,56.15,2025-08,Third Party 2
37,Hotel 37,1,570.15,0.31,392.2,2026-02,Third Party 7
49,Hotel 49,1,1045.25,50.89,181.58,2026-04,Third Party 9
3,Hotel 3,1,118.85,29.9,327.44,2026-09,Third Party 3
9,Hotel 9,1,612.23,87.64,132.71,2026-06,Third Party 9
28,Hotel 28,1,465.51,61.26,271.12,2025-09,Third Party 8
35,Hotel 35,1,653.58,86.21,256.92,2026-03,Third Party 5
19,Hotel 19,1,167.96,32.62,142.31,2024-07,Third Party 9
3,Hotel 3,1,118.85,29.9,368.26,2025-08,Third Party 3
35,Hotel 35,1,653.58,86.21,271.19,2026-08,Third Party 5
18,Hotel 18,1,234.23,64.45,50.37,2026-05,Third Party 8
32,Hotel 32,1,437.7,42.99,437.11,2024-11,Third Party 2
28,Hotel 28,1,465.51,61.26,428.51,2027-01,Third Party 8
29,Hotel 29,1,973.2,73.97,69.69,2026-11,Third Party 9
32,Hotel 32,1,437.7,42.99,142.52,2024-06,Third Party 2
36,Hotel 36,1,797.45,83.31,128.76,2024-06,Third Party 6
21,Hotel 21,1,308.1,61.75,23.31,2025-12,Third Party 1
2,Hotel 2,1,195.57,82.82,299.21,2027-02,Third Party 2
4,Hotel 4,1,130.01,43.44,394.05,2026-12,Third Party 4
2,Hotel 2,1,195.57,82.82,337.04,2026-12,Third Party 2
48,Hotel 48,1,1069.17,40.92,75.76,2026-01,Third Party 8
12,Hotel 12,19,11051.89,817.86,,,
22,Hotel 22,1,921.86,62.44,309.41,2024-07,Third Party 2
24,Hotel 24,1,847.71,80.27,194.4,2025-09,Third Party 4
41,Hotel 41,1,131.76,80.85,434.3,2024-11,Third Party 1
40,Hotel 40,1,630.75,72.97,73.14,2025-03,Third Party 10
25,Hotel 25,1,498.78,5.93,166.06,2027-01,Third Party 5
30,Hotel 30,1,987.23,60.77,101.6,2024-06,Third Party 10
5,Hotel 5,1,441.16,18.91,455.24,2024-12,Third Party 5
31,Hotel 31,1,432.94,54.71,368.16,2026-02,Third Party 1
50,Hotel 50,1,303.97,5.86,192.11,2026-02,Third Party 10
30,Hotel 30,1,987.23,60.77,156.4,2026-03,Third Party 10
8,Hotel 8,1,834.77,21.92,488.95,2024-10,Third Party 8
14,Hotel 14,1,144.08,62.65,8.94,2026-11,Third Party 4
25,Hotel 25,1,498.78,5.93,204.39,2024-07,Third Party 5
24,Hotel 24,1,847.71,80.27,101.98,2024-06,Third Party 4
33,Hotel 33,1,311.28,43.46,463.19,2026-08,Third Party 3
21,Hotel 21,1,308.1,61.75,334.97,2024-09,Third Party 1
15,Hotel 15,1,373.85,91.97,353.09,2025-10,Third Party 5
32,Hotel 32,1,437.7,42.99,375.31,2026-05,Third Party 2
22,Hotel 22,1,921.86,62.44,147.62,2026-05,Third Party 2
37,Hotel 37,1,570.15,0.31,361.62,2025-07,Third Party 7
5,Hotel 5,1,441.16,18.91,356.36,2025-05,Third Party 5
31,Hotel 31,1,432.94,54.71,323.27,2026-03,Third Party 1
1,Hotel 1,1,774.44,98.9,36.41,2024-10,Third Party 1
22,Hotel 22,1,921.86,62.44,237.08,2026-01,Third Party 2
48,Hotel 48,1,1069.17,40.92,218.55,2025-11,Third Party 8
18,Hotel 18,1,234.23,64.45,103.69,2025-02,Third Party 8
41,Hotel 41,1,131.76,80.85,462.89,2025-03,Third Party 1
7,Hotel 7,1,153.21,99.21,114.85,2025-06,Third Party 7
5,Hotel 5,1,441.16,18.91,65.62,2024-08,Third Party 5
44,Hotel 44,1,1095.46,28.96,261.33,2024-08,Third Party 4
10,Hotel 10,1,930.86,24.85,128.5,2026-08,Third Party 10
48,Hotel 48,1,1069.17,40.92,156.21,2025-09,Third Party 8
1,Hotel 1,1,774.44,98.9,155.04,2024-07,Third Party 1
6,Hotel 6,1,319.88,98.48,248.89,2026-07,Third Party 6
42,Hotel 42,1,947.76,85.95,282.89,2025-06,Third Party 2
40,Hotel 40,1,630.75,72.97,413.67,2027-01,Third Party 10
22,Hotel 22,1,921.86,62.44,194.9,2026-03,Third Party 2
9,Hotel 9,1,612.23,87.64,189.1,2024-10,Third Party 9
41,Hotel 41,1,131.76,80.85,165.47,2026-10,Third Party 1
39,Hotel 39,1,882.79,95.71,318.52,2024-11,Third Party 9
28,Hotel 28,1,465.51,61.26,62.04,2026-11,Third Party 8
1,Hotel 1,1,774.44,98.9,442.1,2025-11,Third Party 1
27,Hotel 27,1,383.15,0.3,239.4,2024-11,Third Party 7
30,Hotel 30,1,987.23,60.77,246.45,2024-09,Third Party 10
39,Hotel 39,1,882.79,95.71,407.71,2026-05,Third Party 9
50,Hotel 50,1,303.97,5.86,416.25,2024-12,Third Party 10
24,Hotel 24,1,847.71,80.27,5.34,2024-09,Third Party 4
44,Hotel 44,1,1095.46,28.96,485.5,2026-04,Third Party 4
38,Hotel 38,1,212.15,29.28,145.08,2024-08,Third Party 8
7,Hotel 7,1,153.21,99.21,410.45,2026-09,Third Party 7
8,Hotel 8,1,834.77,21.92,22.48,2026-08,Third Party 8
2,Hotel 2,1,195.57,82.82,404.24,2026-01,Third Party 2
17,Hotel 17,1,730.99,57.92,461.32,2025-08,Third Party 7
16,Hotel 16,1,500.58,54.18,69.33,2026-09,Third Party 6
41,Hotel 41,1,131.76,80.85,263.96,2026-05,Third Party 1
34,Hotel 34,1,850.4,82.04,312.25,2025-09,Third Party 4
23,Hotel 23,1,745.7,7.38,81.73,2026-08,Third Party 3
5,Hotel 5,1,441.16,18.91,379.04,2024-10,Third Party 5
43,Hotel 43,1,135.27,95.8,226.21,2025-12,Third Party 3
26,Hotel 26,1,337.61,31.48,98.08,2024-12,Third Party 6
39,Hotel 39,1,882.79,95.71,25.75,2025-02,Third Party 9
37,Hotel 37,1,570.15,0.31,162.24,2024-06,Third Party 7
3,Hotel 3,1,118.85,29.9,250.23,2025-01,Third Party 3
23,Hotel 23,1,745.7,7.38,302.06,2025-07,Third Party 3
12,Hotel 12,1,376.94,94.43,397.52,2024-10,Third Party 2
37,Hotel 37,1,570.15,0.31,476.78,2026-10,Third Party 7
15,Hotel 15,1,373.85,91.97,313.11,2027-01,Third Party 5
9,Hotel 9,1,612.23,87.64,170.91,2025-08,Third Party 9
19,Hotel 19,1,167.96,32.62,404.12,2026-08,Third Party 9
24,Hotel 24,1,847.71,80.27,187.99,2026-11,Third Party 4
26,Hotel 26,1,337.61,31.48,372.72,2025-07,Third Party 6
35,Hotel 35,1,653.58,86.21,79.37,2025-11,Third Party 5
12,Hotel 12,1,376.94,94.43,435.79,2025-05,Third Party 2
50,Hotel 50,1,303.97,5.86,294.52,2025-03,Third Party 10
37,Hotel 37,1,570.15,0.31,425.6,2024-11,Third Party 7
26,Hotel 26,1,337.61,31.48,113.41,2024-09,Third Party 6
16,Hotel 16,1,500.58,54.18,311.4,2024-05,Third Party 6
40,Hotel 40,1,630.75,72.97,432.19,2026-05,Third Party 10
46,Hotel 46,1,760.19,8.97,141.77,2024-10,Third Party 6
23,Hotel 23,1,745.7,7.38,216.86,2026-06,Third Party 3
9,Hotel 9,1,612.23,87.64,45.83,2025-11,Third Party 9
15,Hotel 15,1,373.85,91.97,75.81,2025-03,Third Party 5
26,Hotel 26,1,337.61,31.48,498.17,2024-06,Third Party 6
36,Hotel 36,1,797.45,83.31,24.91,2026-02,Third Party 6
47,Hotel 47,1,429.06,51.08,136.02,2024-10,Third Party 7
2,Hotel 2,1,195.57,82.82,499.96,2026-11,Third Party 2
14,Hotel 14,1,144.08,62.65,233.01,2024-09,Third Party 4
24,Hotel 24,1,847.71,80.27,184.36,2026-05,Third Party 4
40,Hotel 40,1,630.75,72.97,63.12,2025-01,Third Party 10
1,Hotel 1,1,774.44,98.9,142.26,2025-05,Third Party 1
36,Hotel 36,1,797.45,83.31,7.01,2027-01,Third Party 6
31,Hotel 31,1,432.94,54.71,134.35,2025-05,Third Party 1
8,Hotel 8,1,834.77,21.92,412.26,2026-03,Third Party 8
37,Hotel 37,1,570.15,0.31,452.52,2024-09,Third Party 7
39,Hotel 39,1,882.79,95.71,257.14,2025-11,Third Party 9
35,Hotel 35,1,653.58,86.21,150.2,2026-07,Third Party 5
48,Hotel 48,1,1069.17,40.92,16.76,2025-04,Third Party 8
48,Hotel 48,1,1069.17,40.92,4.85,2026-06,Third Party 8
7,Hotel 7,1,153.21,99.21,184.62,2026-12,Third Party 7
35,Hotel 35,1,653.58,86.21,219.53,2025-07,Third Party 5
50,Hotel 50,1,303.97,5.86,395.5,2025-04,Third Party 10
49,Hotel 49,1,1045.25,50.89,238.41,2024-11,Third Party 9
13,Hotel 13,1,348.57,13.97,23.08,2026-11,Third Party 3
3,Hotel 3,1,118.85,29.9,42.29,2026-06,Third Party 3
45,Hotel 45,1,347.1,82.93,255.43,2026-02,Third Party 5
39,Hotel 39,1,882.79,95.71,498.81,2026-02,Third Party 9
8,Hotel 8,1,834.77,21.92,275.06,2025-06,Third Party 8
6,Hotel 6,1,319.88,98.48,387.1,2026-06,Third Party 6
32,Hotel 32,1,437.7,42.99,188.78,2025-10,Third Party 2
27,Hotel 27,1,383.15,0.3,476.93,2025-05,Third Party 7
17,Hotel 17,1,730.99,57.92,300.29,2024-07,Third Party 7
10,Hotel 10,1,930.86,24.85,359.44,2026-09,Third Party 10
35,Hotel 35,1,653.58,86.21,48.59,2026-05,Third Party 5
50,Hotel 50,1,303.97,5.86,327.35,2025-09,Third Party 10
1,Hotel 1,1,774.44,98.9,284.1,2025-08,Third Party 1
26,Hotel 26,1,337.61,31.48,29.15,2025-04,Third Party 6
27,Hotel 27,1,383.15,0.3,275.45,2025-12,Third Party 7
16,Hotel 16,1,500.58,54.18,317.41,2026-01,Third Party 6
29,Hotel 29,1,973.2,73.97,33.2,2024-06,Third Party 9
24,Hotel 24,1,847.71,80.27,155.29,2025-12,Third Party 4
26,Hotel 26,1,337.61,31.48,4.92,2025-10,Third Party 6
20,Hotel 20,1,766.86,40.01,224.57,2025-05,Third Party 10
42,Hotel 42,1,947.76,85.95,18.65,2026-12,Third Party 2
42,Hotel 42,1,947.76,85.95,357.42,2025-09,Third Party 2
28,Hotel 28,1,465.51,61.26,89.08,2024-12,Third Party 8
1,Hotel 1,1,774.44,98.9,49.39,2026-07,Third Party 1
23,Hotel 23,1,745.7,7.38,41.42,2026-05,Third Party 3
38,Hotel 38,1,212.15,29.28,36.77,2026-04,Third Party 8
31,Hotel 31,1,432.94,54.71,409.14,2024-08,Third Party 1
24,Hotel 24,1,847.71,80.27,193.45,2024-12,Third Party 4
15,Hotel 15,1,373.85,91.97,240.72,2026-01,Third Party 5
30,Hotel 30,1,987.23,60.77,394.79,2025-10,Third Party 10
35,Hotel 35,1,653.58,86.21,287.39,2025-01,Third Party 5
9,Hotel 9,1,612.23,87.64,449.11,2025-01,Third Party 9
8,Hotel 8,1,834.77,21.92,412.92,2025-03,Third Party 8
16,Hotel 16,1,500.58,54.18,319.04,2026-08,Third Party 6
40,Hotel 40,1,630.75,72.97,38.78,2025-11,Third Party 10
48,Hotel 48,1,1069.17,40.92,270.3,2024-07,Third Party 8
32,Hotel 32,1,437.7,42.99,43.73,2026-02,Third Party 2
36,Hotel 36,1,797.45,83.31,280.17,2026-05,Third Party 6
45,Hotel 45,1,347.1,82.93,76.19,2026-10,Third Party 5
17,Hotel 17,1,730.99,57.92,46.08,2026-09,Third Party 7
30,Hotel 30,1,987.23,60.77,387.42,2025-05,Third Party 10
18,Hotel 18,1,234.23,64.45,91.18,2026-09,Third Party 8
7,Hotel 7,1,153.21,99.21,74.51,2025-01,Third Party 7
47,Hotel 47,1,429.06,51.08,376.55,2025-08,Third Party 7
18,Hotel 18,1,234.23,64.45,218.83,2024-07,Third Party 8
4,Hotel 4,1,130.01,43.44,378.83,2026-04,Third Party 4
3,Hotel 3,1,118.85,29.9,491.9,2026-12,Third Party 3
41,Hotel 41,1,131.76,80.85,115.41,2024-08,Third Party 1
42,Hotel 42,1,947.76,85.95,222.86,2025-07,Third Party 2
16,Hotel 16,1,500.58,54.18,114.05,2025-08,Third Party 6
2,Hotel 2,19,12401.45,927.85,,,
27,Hotel 27,1,383.15,0.3,86.79,2024-07,Third Party 7
20,Hotel 20,1,766.86,40.01,216.49,2026-11,Third Party 10
31,Hotel 31,1,432.94,54.71,415.8,2025-07,Third Party 1
10,Hotel 10,1,930.86,24.85,370.06,2025-08,Third Party 10
7,Hotel 7,1,153.21,99.21,348.04,2026-11,Third Party 7
36,Hotel 36,1,797.45,83.31,39.53,2026-10,Third Party 6
24,Hotel 24,19,11862.9,786.83,,,
14,Hotel 14,1,144.08,62.65,430.72,2026-03,Third Party 4
28,Hotel 28,1,465.51,61.26,365.64,2025-05,Third Party 8
45,Hotel 45,1,347.1,82.93,498.27,2026-12,Third Party 5
19,Hotel 19,1,167.96,32.62,307.86,2025-02,Third Party 9
19,Hotel 19,1,167.96,32.62,356.64,2024-09,Third Party 9
28,Hotel 28,1,465.51,61.26,319.0,2025-10,Third Party 8
18,Hotel 18,1,234.23,64.45,186.21,2026-01,Third Party 8
7,Hotel 7,1,153.21,99.21,366.24,2026-01,Third Party 7
34,Hotel 34,1,850.4,82.04,284.58,2025-10,Third Party 4
11,Hotel 11,1,415.39,44.31,231.43,2026-03,Third Party 1
32,Hotel 32,1,437.7,42.99,448.79,2027-01,Third Party 2
42,Hotel 42,1,947.76,85.95,117.48,2024-06,Third Party 2
10,Hotel 10,1,930.86,24.85,287.58,2026-03,Third Party 10
28,Hotel 28,1,465.51,61.26,370.71,2026-02,Third Party 8
9,Hotel 9,1,612.23,87.64,405.84,2026-11,Third Party 9
1,Hotel 1,1,774.44,98.9,75.24,2025-01,Third Party 1
44,Hotel 44,1,1095.46,28.96,76.22,2024-10,Third Party 4
19,Hotel 19,1,167.96,32.62,40.18,2024-10,Third Party 9
43,Hotel 43,1,135.27,95.8,110.1,2026-04,Third Party 3
20,Hotel 20,1,766.86,40.01,493.85,2025-12,Third Party 10
39,Hotel 39,1,882.79,95.71,487.06,2026-12,Third Party 9
27,Hotel 27,1,383.15,0.3,82.7,2025-04,Third Party 7
38,Hotel 38,1,212.15,29.28,236.71,2025-06,Third Party 8
15,Hotel 15,1,373.85,91.97,407.78,2026-09,Third Party 5
49,Hotel 49,1,1045.25,50.89,162.48,2025-03,Third Party 9
3,Hotel 3,1,118.85,29.9,44.1,2024-08,Third Party 3
37,Hotel 37,1,570.15,0.31,100.25,2025-02,Third Party 7
31,Hotel 31,1,432.94,54.71,482.38,2024-09,Third Party 1
36,Hotel 36,1,797.45,83.31,201.6,2025-11,Third Party 6
6,Hotel 6,1,319.88,98.48,270.73,2026-04,Third Party 6
24,Hotel 24,1,847.71,80.27,57.85,2027-01,Third Party 4
17,Hotel 17,1,730.99,57.92,89.54,2025-12,Third Party 7
9,Hotel 9,1,612.23,87.64,418.04,2024-05,Third Party 9
7,Hotel 7,1,153.21,99.21,188.62,2024-07,Third Party 7
27,Hotel 27,1,383.15,0.3,451.32,2026-10,Third Party 7
49,Hotel 49,1,1045.25,50.89,138.29,2024-08,Third Party 9
23,Hotel 23,1,745.7,7.38,123.06,2027-01,Third Party 3
40,Hotel 40,1,630.75,72.97,373.94,2025-07,Third Party 10
22,Hotel 22,1,921.86,62.44,71.77,2024-11,Third Party 2
21,Hotel 21,1,308.1,61.75,460.24,2025-08,Third Party 1
41,Hotel 41,1,131.76,80.85,13.49,2024-06,Third Party 1
15,Hotel 15,1,373.85,91.97,57.34,2024-09,Third Party 5
11,Hotel 11,1,415.39,44.31,271.45,2024-05,Third Party 1
18,Hotel 18,1,234.23,64.45,435.32,2024-12,Third Party 8
43,Hotel 43,1,135.27,95.8,427.98,2026-05,Third Party 3
30,Hotel 30,19,12184.66,936.36,,,
35,Hotel 35,1,653.58,86.21,414.61,2025-09,Third Party 5
14,Hotel 14,1,144.08,62.65,473.59,2024-10,Third Party 4
49,Hotel 49,1,1045.25,50.89,180.96,2025-11,Third Party 9
29,Hotel 29,1,973.2,73.97,61.7,2024-12,Third Party 9
23,Hotel 23,1,745.7,7.38,294.07,2026-11,Third Party 3
19,Hotel 19,1,167.96,32.62,434.25,2025-12,Third Party 9
13,Hotel 13,1,348.57,13.97,74.59,2026-04,Third Party 3
4,Hotel 4,19,11739.33,1004.24,,,
2,Hotel 2,1,195.57,82.82,210.14,2026-06,Third Party 2
8,Hotel 8,1,834.77,21.92,176.56,2025-10,Third Party 8
34,Hotel 34,1,850.4,82.04,406.76,2026-10,Third Party 4
22,Hotel 22,1,921.86,62.44,339.02,2025-07,Third Party 2
4,Hotel 4,1,130.01,43.44,390.64,2024-07,Third Party 4
31,Hotel 31,1,432.94,54.71,205.84,2026-10,Third Party 1
13,Hotel 13,1,348.57,13.97,197.99,2026-01,Third Party 3
38,Hotel 38,19,10489.47,1019.95,,,
14,Hotel 14,1,144.08,62.65,106.38,2025-11,Third Party 4
11,Hotel 11,19,10940.81,834.78,,,
4,Hotel 4,1,130.01,43.44,254.19,2026-11,Third Party 4
32,Hotel 32,1,437.7,42.99,482.45,2026-03,Third Party 2
1,Hotel 1,1,774.44,98.9,76.45,2024-12,Third Party 1
17,Hotel 17,1,730.99,57.92,223.16,2025-02,Third Party 7
12,Hotel 12,1,376.94,94.43,381.18,2024-05,Third Party 2
21,Hotel 21,19,12007.49,860.13,,,
42,Hotel 42,1,947.76,85.95,406.22,2026-05,Third Party 2
4,Hotel 4,1,130.01,43.44,440.09,2026-07,Third Party 4
31,Hotel 31,1,432.94,54.71,271.35,2025-09,Third Party 1
31,Hotel 31,1,432.94,54.71,289.12,2024-06,Third Party 1
41,Hotel 41,1,131.76,80.85,292.54,2025-06,Third Party 1
8,Hotel 8,19,13296.1,882.83,,,
27,Hotel 27,1,383.15,0.3,380.05,2025-02,Third Party 7
35,Hotel 35,1,653.58,86.21,108.93,2026-02,Third Party 5
18,Hotel 18,1,234.23,64.45,118.02,2027-01,Third Party 8
13,Hotel 13,1,348.57,13.97,111.97,2025-08,Third Party 3
31,Hotel 31,1,432.94,54.71,425.87,2026-12,Third Party 1
27,Hotel 27,1,383.15,0.3,391.85,2026-08,Third Party 7
47,Hotel 47,1,429.06,51.08,440.82,2026-09,Third Party 7
35,Hotel 35,1,653.58,86.21,438.81,2026-12,Third Party 5
22,Hotel 22,1,921.86,62.44,151.32,2025-12,Third Party 2
17,Hotel 17,1,730.99,57.92,208.6,2025-03,Third Party 7
20,Hotel 20,1,766.86,40.01,428.08,2024-12,Third Party 10
21,Hotel 21,1,308.1,61.75,200.89,2025-10,Third Party 1
17,Hotel 17,1,730.99,57.92,242.59,2026-05,Third Party 7
34,Hotel 34,1,850.4,82.04,474.59,2026-12,Third Party 4
27,Hotel 27,1,383.15,0.3,197.45,2026-11,Third Party 7
33,Hotel 33,1,311.28,43.46,296.32,2024-11,Third Party 3
37,Hotel 37,1,570.15,0.31,464.59,2026-12,Third Party 7
37,Hotel 37,1,570.15,0.31,375.24,2025-12,Third Party 7
8,Hotel 8,1,834.77,21.92,83.91,2024-12,Third Party 8
39,Hotel 39,19,12025.59,843.87,,,
44,Hotel 44,19,11295.72,926.23,,,
22,Hotel 22,1,921.86,62.44,362.07,2026-08,Third Party 2
40,Hotel 40,1,630.75,72.97,298.59,2025-09,Third Party 10
27,Hotel 27,1,383.15,0.3,194.22,2025-09,Third Party 7
30,Hotel 30,1,987.23,60.77,226.05,2026-05,Third Party 10
4,Hotel 4,1,130.01,43.44,397.92,2024-12,Third Party 4
8,Hotel 8,1,834.77,21.92,173.56,2025-08,Third Party 8
43,Hotel 43,19,11534.41,911.41,,,
35,Hotel 35,1,653.58,86.21,195.71,2027-01,Third Party 5
24,Hotel 24,1,847.71,80.27,221.55,2024-11,Third Party 4
8,Hotel 8,1,834.77,21.92,328.92,2026-04,Third Party 8
14,Hotel 14,1,144.08,62.65,478.45,2025-10,Third Party 4
21,Hotel 21,1,308.1,61.75,246.45,2026-11,Third Party 1
21,Hotel 21,1,308.1,61.75,320.85,2026-06,Third Party 1
6,Hotel 6,1,319.88,98.48,91.6,2025-10,Third Party 6
26,Hotel 26,1,337.61,31.48,9.55,2024-11,Third Party 6
23,Hotel 23,1,745.7,7.38,480.18,2024-09,Third Party 3
9,Hotel 9,1,612.23,87.64,18.16,2026-12,Third Party 9
45,Hotel 45,1,347.1,82.93,257.78,2025-03,Third Party 5
40,Hotel 40,1,630.75,72.97,311.73,2026-02,Third Party 10
10,Hotel 10,1,930.86,24.85,6.97,2025-11,Third Party 10
29,Hotel 29,1,973.2,73.97,449.24,2026-02,Third Party 9
50,Hotel 50,1,303.97,5.86,255.37,2026-01,Third Party 10
3,Hotel 3,1,118.85,29.9,2.03,2026-01,Third Party 3
6,Hotel 6,1,319.88,98.48,403.18,2024-08,Third Party 6
38,Hotel 38,1,212.15,29.28,61.25,2024-11,Third Party 8
5,Hotel 5,1,441.16,18.91,411.88,2025-08,Third Party 5
30,Hotel 30,1,987.23,60.77,194.85,2024-12,Third Party 10
27,Hotel 27,1,383.15,0.3,34.36,2026-03,Third Party 7
42,Hotel 42,1,947.76,85.95,264.53,2025-11,Third Party 2
42,Hotel 42,1,947.76,85.95,289.95,2026-07,Third Party 2
19,Hotel 19,1,167.96,32.62,289.49,2025-08,Third Party 9
2,Hotel 2,1,195.57,82.82,147.62,2025-05,Third Party 2
13,Hotel 13,1,348.57,13.97,317.74,2025-05,Third Party 3
34,Hotel 34,1,850.4,82.04,472.83,2025-04,Third Party 4
20,Hotel 20,1,766.86,40.01,313.7,2024-09,Third Party 10
3,Hotel 3,1,118.85,29.9,391.95,2026-02,Third Party 3
27,Hotel 27,1,383.15,0.3,373.83,2026-02,Third Party 7
30,Hotel 30,1,987.23,60.77,167.56,2025-02,Third Party 10
34,Hotel 34,1,850.4,82.04,381.1,2024-08,Third Party 4
2,Hotel 2,1,195.57,82.82,466.58,2026-09,Third Party 2
16,Hotel 16,1,500.58,54.18,214.54,2025-03,Third Party 6
47,Hotel 47,1,429.06,51.08,382.27,2027-02,Third Party 7
8,Hotel 8,1,834.77,21.92,309.5,2024-05,Third Party 8
38,Hotel 38,1,212.15,29.28,280.36,2026-10,Third Party 8
41,Hotel 41,1,131.76,80.85,337.89,2024-10,Third Party 1
48,Hotel 48,1,1069.17,40.92,74.85,2026-07,Third Party 8
19,Hotel 19,1,167.96,32.62,202.59,2026-06,Third Party 9
26,Hotel 26,1,337.61,31.48,230.01,2026-11,Third Party 6
18,Hotel 18,1,234.23,64.45,176.3,2026-11,Third Party 8
49,Hotel 49,1,1045.25,50.89,235.24,2025-01,Third Party 9
2,Hotel 2,1,195.57,82.82,251.17,2025-09,Third Party 2
30,Hotel 30,1,987.23,60.77,207.46,2024-11,Third Party 10
11,Hotel 11,1,415.39,44.31,363.17,2025-06,Third Party 1
47,Hotel 47,1,429.06,51.08,179.3,2026-01,Third Party 7
45,Hotel 45,1,347.1,82.93,87.73,2025-12,Third Party 5
34,Hotel 34,1,850.4,82.04,251.42,2027-01,Third Party 4
14,Hotel 14,1,144.08,62.65,466.75,2026-04,Third Party 4
45,Hotel 45,1,347.1,82.93,211.73,2024-11,Third Party 5
11,Hotel 11,1,415.39,44.31,174.72,2024-12,Third Party 1
8,Hotel 8,1,834.77,21.92,446.43,2026-12,Third Party 8
33,Hotel 33,1,311.28,43.46,107.11,2026-12,Third Party 3
29,Hotel 29,1,973.2,73.97,423.37,2026-05,Third Party 9
2,Hotel 2,1,195.57,82.82,293.98,2026-02,Third Party 2
36,Hotel 36,1,797.45,83.31,20.79,2026-04,Third Party 6
33,Hotel 33,1,311.28,43.46,256.72,2025-02,Third Party 3
2,Hotel 2,1,195.57,82.82,428.39,2025-06,Third Party 2
12,Hotel 12,1,376.94,94.43,499.81,2025-10,Third Party 2
39,Hotel 39,1,882.79,95.71,470.35,2025-06,Third Party 9
47,Hotel 47,19,12712.27,916.21,,,
7,Hotel 7,1,153.21,99.21,320.79,2024-12,Third Party 7
16,Hotel 16,1,500.58,54.18,419.48,2025-10,Third Party 6
11,Hotel 11,1,415.39,44.31,279.0,2027-01,Third Party 1
10,Hotel 10,1,930.86,24.85,261.38,2025-03,Third Party 10
34,Hotel 34,1,850.4,82.04,234.63,2025-02,Third Party 4
37,Hotel 37,1,570.15,0.31,293.01,2027-01,Third Party 7
12,Hotel 12,1,376.94,94.43,16.4,2026-08,Third Party 2
9,Hotel 9,1,612.23,87.64,151.89,2024-09,Third Party 9
36,Hotel 36,1,797.45,83.31,464.96,2026-08,Third Party 6
33,Hotel 33,1,311.28,43.46,285.23,2025-10,Third Party 3
46,Hotel 46,1,760.19,8.97,273.54,2026-05,Third Party 6
33,Hotel 33,1,311.28,43.46,14.26,2024-06,Third Party 3
12,Hotel 12,1,376.94,94.43,127.16,2026-03,Third Party 2
35,Hotel 35,1,653.58,86.21,442.02,2025-06,Third Party 5
14,Hotel 14,19,12545.69,914.38,,,
23,Hotel 23,1,745.7,7.38,122.03,2026-01,Third Party 3
45,Hotel 45,1,347.1,82.93,241.56,2024-06,Third Party 5
27,Hotel 27,1,383.15,0.3,373.77,2024-12,Third Party 7
10,Hotel 10,19,11211.41,893.73,,,
47,Hotel 47,1,429.06,51.08,388.35,2026-10,Third Party 7
47,Hotel 47,1,429.06,51.08,262.33,2025-01,Third Party 7
39,Hotel 39,1,882.79,95.71,207.63,2025-04,Third Party 9
10,Hotel 10,1,930.86,24.85,17.33,2024-09,Third Party 10
38,Hotel 38,1,212.15,29.28,77.76,2025-02,Third Party 8
15,Hotel 15,1,373.85,91.97,134.45,2026-04,Third Party 5
7,Hotel 7,1,153.21,99.21,56.19,2024-05,Third Party 7
28,Hotel 28,1,465.51,61.26,332.19,2026-05,Third Party 8
50,Hotel 50,1,303.97,5.86,296.38,2024-10,Third Party 10
45,Hotel 45,1,347.1,82.93,335.1,2027-02,Third Party 5
42,Hotel 42,1,947.76,85.95,25.91,2026-10,Third Party 2
15,Hotel 15,1,373.85,91.97,109.5,2026-08,Third Party 5
23,Hotel 23,1,745.7,7.38,327.99,2025-10,Third Party 3
24,Hotel 24,1,847.71,80.27,156.72,2025-05,Third Party 4
29,Hotel 29,19,11728.81,869.72,,,
38,Hotel 38,1,212.15,29.28,91.51,2026-08,Third Party 8
8,Hotel 8,1,834.77,21.92,71.45,2026-11,Third Party 8
5,Hotel 5,1,441.16,18.91,179.75,2025-11,Third Party 5
44,Hotel 44,1,1095.46,28.96,97.92,2025-09,Third Party 4
11,Hotel 11,1,415.39,44.31,49.81,2024-09,Third Party 1
38,Hotel 38,1,212.15,29.28,31.16,2026-07,Third Party 8
50,Hotel 50,1,303.97,5.86,433.73,2026-04,Third Party 10
42,Hotel 42,1,947.76,85.95,45.98,2025-03,Third Party 2
24,Hotel 24,1,847.71,80.27,367.8,2026-10,Third Party 4
32,Hotel 32,1,437.7,42.99,61.41,2026-07,Third Party 2
30,Hotel 30,1,987.23,60.77,424.88,2025-09,Third Party 10
47,Hotel 47,1,429.06,51.08,151.19,2025-03,Third Party 7
13,Hotel 13,1,348.57,13.97,284.41,2024-10,Third Party 3
29,Hotel 29,1,973.2,73.97,56.79,2025-10,Third Party 9
22,Hotel 22,1,921.86,62.44,54.04,2025-08,Third Party 2
37,Hotel 37,1,570.15,0.31,328.95,2025-04,Third Party 7
39,Hotel 39,1,882.79,95.71,15.17,2026-04,Third Party 9
46,Hotel 46,1,760.19,8.97,127.26,2026-12,Third Party 6
12,Hotel 12,1,376.94,94.43,267.73,2026-06,Third Party 2
12,Hotel 12,1,376.94,94.43,84.0,2026-09,Third Party 2
30,Hotel 30,1,987.23,60.77,443.25,2025-04,Third Party 10
33,Hotel 33,1,311.28,43.46,216.94,2025-09,Third Party 3
32,Hotel 32,1,437.7,42.99,293.28,2026-10,Third Party 2
4,Hotel 4,1,130.01,43.44,336.27,2025-11,Third Party 4
8,Hotel 8,1,834.77,21.92,257.27,2026-09,Third Party 8
30,Hotel 30,1,987.23,60.77,168.13,2024-08,Third Party 10
41,Hotel 41,1,131.76,80.85,441.16,2026-12,Third Party 1
14,Hotel 14,1,144.08,62.65,128.27,2027-01,Third Party 4
34,Hotel 34,1,850.4,82.04,499.65,2026-08,Third Party 4
26,Hotel 26,1,337.61,31.48,167.73,2024-07,Third Party 6
9,Hotel 9,1,612.23,87.64,119.72,2025-03,Third Party 9
15,Hotel 15,19,13158.04,977.47,,,
19,Hotel 19,1,167.96,32.62,238.43,2025-05,Third Party 9
39,Hotel 39,1,882.79,95.71,137.27,2025-09,Third Party 9
13,Hotel 13,1,348.57,13.97,153.5,2024-12,Third Party 3
27,Hotel 27,1,383.15,0.3,94.21,2025-07,Third Party 7
49,Hotel 49,1,1045.25,50.89,9.09,2027-02,Third Party 9
4,Hotel 4,1,130.01,43.44,95.99,2025-01,Third Party 4
7,Hotel 7,1,153.21,99.21,118.01,2026-06,Third Party 7
3,Hotel 3,1,118.85,29.9,355.32,2024-05,Third Party 3
17,Hotel 17,19,9511.11,950.09,,,
33,Hotel 33,1,311.28,43.46,183.69,2025-04,Third Party 3
6,Hotel 6,1,319.88,98.48,441.55,2024-07,Third Party 6
39,Hotel 39,1,882.79,95.71,319.32,2025-12,Third Party 9
11,Hotel 11,1,415.39,44.31,68.39,2026-06,Third Party 1
9,Hotel 9,1,612.23,87.64,330.78,2025-10,Third Party 9
15,Hotel 15,1,373.85,91.97,210.32,2025-02,Third Party 5
2,Hotel 2,1,195.57,82.82,307.09,2024-08,Third Party 2
49,Hotel 49,1,1045.25,50.89,408.96,2026-10,Third Party 9
5,Hotel 5,1,441.16,18.91,444.45,2025-10,Third Party 5
31,Hotel 31,1,432.94,54.71,331.65,2026-07,Third Party 1
5,Hotel 5,1,441.16,18.91,104.28,2024-07,Third Party 5
5,Hotel 5,1,441.16,18.91,46.8,2026-04,Third Party 5
17,Hotel 17,1,730.99,57.92,149.22,2025-07,Third Party 7
13,Hotel 13,1,348.57,13.97,381.01,2025-02,Third Party 3
46,Hotel 46,1,760.19,8.97,389.94,2024-06,Third Party 6
18,Hotel 18,1,234.23,64.45,326.2,2025-03,Third Party 8
13,Hotel 13,1,348.57,13.97,261.06,2024-05,Third Party 3
46,Hotel 46,1,760.19,8.97,466.68,2024-11,Third Party 6
32,Hotel 32,1,437.7,42.99,330.63,2026-08,Third Party 2
33,Hotel 33,1,311.28,43.46,435.19,2024-08,Third Party 3
23,Hotel 23,1,745.7,7.38,464.62,2025-04,Third Party 3
16,Hotel 16,1,500.58,54.18,385.3,2024-07,Third Party 6
48,Hotel 48,1,1069.17,40.92,273.33,2026-04,Third Party 8
37,Hotel 37,1,570.15,0.31,201.44,2026-07,Third Party 7
19,Hotel 19,1,167.96,32.62,431.14,2025-03,Third Party 9
7,Hotel 7,1,153.21,99.21,306.89,2024-10,Third Party 7
46,Hotel 46,1,760.19,8.97,213.5,2024-08,Third Party 6
25,Hotel 25,1,498.78,5.93,17.87,2024-06,Third Party 5
40,Hotel 40,1,630.75,72.97,24.05,2024-11,Third Party 10
26,Hotel 26,1,337.61,31.48,314.83,2026-10,Third Party 6
44,Hotel 44,1,1095.46,28.96,247.47,2025-08,Third Party 4
45,Hotel 45,1,347.1,82.93,102.61,2024-08,Third Party 5
9,Hotel 9,1,612.23,87.64,108.09,2026-09,Third Party 9
28,Hotel 28,1,465.51,61.26,203.1,2026-10,Third Party 8
35,Hotel 35,1,653.58,86.21,399.8,2026-10,Third Party 5
10,Hotel 10,1,930.86,24.85,264.69,2026-12,Third Party 10
36,Hotel 36,1,797.45,83.31,195.97,2025-09,Third Party 6
22,Hotel 22,1,921.86,62.44,427.16,2025-10,Third Party 2
41,Hotel 41,1,131.76,80.85,472.4,2026-07,Third Party 1
39,Hotel 39,1,882.79,95.71,209.96,2024-10,Third Party 9
39,Hotel 39,1,882.79,95.71,148.33,2024-08,Third Party 9
12,Hotel 12,1,376.94,94.43,319.76,2024-09,Third Party 2
13,Hotel 13,1,348.57,13.97,274.8,2025-03,Third Party 3
37,Hotel 37,1,570.15,0.31,212.52,2026-04,Third Party 7
44,Hotel 44,1,1095.46,28.96,259.25,2025-06,Third Party 4
19,Hotel 19,1,167.96,32.62,21.24,2027-01,Third Party 9
21,Hotel 21,1,308.1,61.75,226.77,2025-04,Third Party 1
47,Hotel 47,1,429.06,51.08,292.48,2025-09,Third Party 7
28,Hotel 28,1,465.51,61.26,179.21,2024-09,Third Party 8
29,Hotel 29,1,973.2,73.97,100.48,2026-07,Third Party 9
42,Hotel 42,1,947.76,85.95,165.46,2025-01,Third Party 2
32,Hotel 32,1,437.7,42.99,458.33,2024-08,Third Party 2
48,Hotel 48,1,1069.17,40.92,211.48,2025-01,Third Party 8
37,Hotel 37,1,570.15,0.31,78.71,2026-08,Third Party 7
33,Hotel 33,19,11531.02,995.55,,,
21,Hotel 21,1,308.1,61.75,79.82,2024-06,Third Party 1
45,Hotel 45,1,347.1,82.93,62.3,2025-08,Third Party 5
16,Hotel 16,1,500.58,54.18,233.72,2026-03,Third Party 6
28,Hotel 28,1,465.51,61.26,395.89,2025-04,Third Party 8
15,Hotel 15,1,373.85,91.97,244.15,2024-07,Third Party 5
12,Hotel 12,1,376.94,94.43,367.96,2025-03,Third Party 2
40,Hotel 40,1,630.75,72.97,66.0,2026-12,Third Party 10
19,Hotel 19,1,167.96,32.62,202.96,2025-07,Third Party 9
50,Hotel 50,1,303.97,5.86,115.98,2026-09,Third Party 10
24,Hotel 24,1,847.71,80.27,404.65,2026-08,Third Party 4
13,Hotel 13,1,348.57,13.97,52.05,2026-03,Third Party 3
31,Hotel 31,1,432.94,54.71,235.54,2025-04,Third Party 1
24,Hotel 24,1,847.71,80.27,287.09,2024-07,Third Party 4
19,Hotel 19,1,167.96,32.62,244.2,2024-06,Third Party 9
16,Hotel 16,1,500.58,54.18,28.36,2026-11,Third Party 6
5,Hotel 5,1,441.16,18.91,255.13,2026-09,Third Party 5
46,Hotel 46,1,760.19,8.97,20.1,2025-04,Third Party 6
4,Hotel 4,1,130.01,43.44,496.83,2025-06,Third Party 4
35,Hotel 35,1,653.58,86.21,121.82,2025-04,Third Party 5
2,Hotel 2,1,195.57,82.82,398.32,2025-03,Third Party 2
43,Hotel 43,1,135.27,95.8,410.02,2025-03,Third Party 3
29,Hotel 29,1,973.2,73.97,397.45,2024-11,Third Party 9
7,Hotel 7,1,153.21,99.21,98.0,2024-08,Third Party 7
11,Hotel 11,1,415.39,44.31,133.2,2026-01,Third Party 1
4,Hotel 4,1,130.01,43.44,455.08,2026-01,Third Party 4
20,Hotel 20,1,766.86,40.01,77.07,2025-08,Third Party 10
40,Hotel 40,1,630.75,72.97,309.26,2024-06,Third Party 10
1,Hotel 1,1,774.44,98.9,157.74,2026-09,Third Party 1
42,Hotel 42,1,947.76,85.95,407.47,2026-09,Third Party 2
20,Hotel 20,1,766.86,40.01,434.93,2026-06,Third Party 10
11,Hotel 11,1,415.39,44.31,415.99,2026-04,Third Party 1
30,Hotel 30,1,987.23,60.77,50.24,2025-12,Third Party 10
41,Hotel 41,1,131.76,80.85,379.52,2025-01,Third Party 1
25,Hotel 25,1,498.78,5.93,461.05,2024-11,Third Party 5
29,Hotel 29,1,973.2,73.97,3.18,2025-09,Third Party 9
22,Hotel 22,1,921.86,62.44,252.95,2025-04,Third Party 2
26,Hotel 26,1,337.61,31.48,474.3,2026-06,Third Party 6
3,Hotel 3,1,118.85,29.9,34.12,2024-12,Third Party 3
34,Hotel 34,19,9415.3,961.78,,,
23,Hotel 23,1,745.7,7.38,143.17,2024-06,Third Party 3
17,Hotel 17,1,730.99,57.92,324.63,2026-11,Third Party 7
20,Hotel 20,1,766.86,40.01,19.19,2024-11,Third Party 10
49,Hotel 49,1,1045.25,50.89,347.82,2024-10,Third Party 9
7,Hotel 7,1,153.21,99.21,184.52,2025-11,Third Party 7
36,Hotel 36,1,797.45,83.31,210.28,2024-11,Third Party 6
49,Hotel 49,1,1045.25,50.89,182.77,2026-07,Third Party 9
50,Hotel 50,1,303.97,5.86,211.64,2025-06,Third Party 10
46,Hotel 46,1,760.19,8.97,481.07,2026-02,Third Party 6
34,Hotel 34,1,850.4,82.04,231.44,2026-02,Third Party 4
24,Hotel 24,1,847.71,80.27,113.72,2026-01,Third Party 4
48,Hotel 48,19,11939.21,1025.34,,,
14,Hotel 14,1,144.08,62.65,288.77,2026-09,Third Party 4
38,Hotel 38,1,212.15,29.28,40.36,2027-01,Third Party 8
37,Hotel 37,1,570.15,0.31,17.12,2026-05,Third Party 7
21,Hotel 21,1,308.1,61.75,82.6,2026-10,Third Party 1
4,Hotel 4,1,130.01,43.44,399.72,2026-02,Third Party 4
32,Hotel 32,1,437.7,42.99,146.34,2025-01,Third Party 2
44,Hotel 44,1,1095.46,28.96,108.25,2025-11,Third Party 4
8,Hotel 8,1,834.77,21.92,23.92,2025-11,Third Party 8
34,Hotel 34,1,850.4,82.04,317.41,2026-03,Third Party 4
24,Hotel 24,1,847.71,80.27,207.51,2025-10,Third Party 4
19,Hotel 19,19,9476.47,972.63,,,
46,Hotel 46,1,760.19,8.97,213.5,2026-09,Third Party 6
19,Hotel 19,1,167.96,32.62,190.44,2026-11,Third Party 9
20,Hotel 20,1,766.86,40.01,444.46,2025-07,Third Party 10
1,Hotel 1,1,774.44,98.9,404.31,2026-01,Third Party 1
4,Hotel 4,1,130.01,43.44,236.71,2024-05,Third Party 4
18,Hotel 18,1,234.23,64.45,437.39,2025-10,Third Party 8
18,Hotel 18,1,234.23,64.45,462.53,2025-05,Third Party 8
46,Hotel 46,1,760.19,8.97,138.31,2025-01,Third Party 6
32,Hotel 32,1,437.7,42.99,57.32,2025-04,Third Party 2
9,Hotel 9,1,612.23,87.64,487.78,2025-05,Third Party 9
41,Hotel 41,1,131.76,80.85,186.55,2025-12,Third Party 1
4,Hotel 4,1,130.01,43.44,440.34,2025-10,Third Party 4
37,Hotel 37,19,10127.94,717.44,,,
10,Hotel 10,1,930.86,24.85,413.1,2025-01,Third Party 10
46,Hotel 46,1,760.19,8.97,149.31,2026-10,Third Party 6
11,Hotel 11,1,415.39,44.31,142.97,2026-09,Third Party 1
1,Hotel 1,1,774.44,98.9,250.91,2026-12,Third Party 1
22,Hotel 22,1,921.86,62.44,229.84,2026-11,Third Party 2
50,Hotel 50,1,303.97,5.86,267.56,2024-08,Third Party 10
49,Hotel 49,1,1045.25,50.89,402.22,2026-02,Third Party 9
22,Hotel 22,1,921.86,62.44,495.2,2026-06,Third Party 2
46,Hotel 46,1,760.19,8.97,190.85,2025-06,Third Party 6
36,Hotel 36,1,797.45,83.31,350.52,2024-09,Third Party 6
25,Hotel 25,1,498.78,5.93,292.29,2025-02,Third Party 5
42,Hotel 42,1,947.76,85.95,12.87,2027-02,Third Party 2
42,Hotel 42,1,947.76,85.95,347.18,2026-04,Third Party 2
34,Hotel 34,1,850.4,82.04,270.87,2026-05,Third Party 4
9,Hotel 9,1,612.23,87.64,297.7,2026-03,Third Party 9
50,Hotel 50,1,303.97,5.86,85.77,2026-12,Third Party 10
38,Hotel 38,1,212.15,29.28,63.36,2025-11,Third Party 8
1,Hotel 1,1,774.44,98.9,158.41,2026-11,Third Party 1
23,Hotel 23,1,745.7,7.38,457.64,2024-11,Third Party 3
48,Hotel 48,1,1069.17,40.92,233.26,2026-10,Third Party 8
32,Hotel 32,1,437.7,42.99,341.48,2024-09,Third Party 2
23,Hotel 23,1,745.7,7.38,303.3,2024-07,Third Party 3
36,Hotel 36,1,797.45,83.31,457.53,2025-12,Third Party 6
33,Hotel 33,1,311.28,43.46,175.58,2025-01,Third Party 3
10,Hotel 10,1,930.86,24.85,375.49,2026-04,Third Party 10
5,Hotel 5,19,10653.35,914.49,,,
44,Hotel 44,1,1095.46,28.96,150.37,2026-10,Third Party 4
44,Hotel 44,1,1095.46,28.96,264.95,2026-12,Third Party 4
25,Hotel 25,1,498.78,5.93,430.22,2025-12,Third Party 5
45,Hotel 45,1,347.1,82.93,178.71,2025-06,Third Party 5
22,Hotel 22,19,9516.55,1156.31,,,
18,Hotel 18,1,234.23,64.45,118.17,2024-06,Third Party 8
41,Hotel 41,1,131.76,80.85,15.15,2025-07,Third Party 1
14,Hotel 14,1,144.08,62.65,15.65,2025-03,Third Party 4
29,Hotel 29,1,973.2,73.97,261.43,2025-05,Third Party 9
35,Hotel 35,1,653.58,86.21,224.84,2024-08,Third Party 5
20,Hotel 20,1,766.86,40.01,74.06,2025-03,Third Party 10
40,Hotel 40,1,630.75,72.97,126.43,2026-09,Third Party 10
6,Hotel 6,1,319.88,98.48,402.18,2026-01,Third Party 6
11,Hotel 11,1,415.39,44.31,70.46,2025-08,Third Party 1
31,Hotel 31,1,432.94,54.71,159.73,2025-02,Third Party 1
45,Hotel 45,1,347.1,82.93,464.24,2026-09,Third Party 5
16,Hotel 16,1,500.58,54.18,62.06,2025-12,Third Party 6
25,Hotel 25,1,498.78,5.93,380.3,2025-07,Third Party 5
23,Hotel 23,1,745.7,7.38,416.13,2025-12,Third Party 3
2,Hotel 2,1,195.57,82.82,60.61,2026-04,Third Party 2
3,Hotel 3,1,118.85,29.9,372.76,2025-09,Third Party 3
45,Hotel 45,1,347.1,82.93,350.13,2025-11,Third Party 5
47,Hotel 47,1,429.06,51.08,386.25,2024-08,Third Party 7
23,Hotel 23,1,745.7,7.38,172.17,2025-05,Third Party 3
16,Hotel 16,1,500.58,54.18,424.51,2024-10,Third Party 6
14,Hotel 14,1,144.08,62.65,329.18,2026-06,Third Party 4
48,Hotel 48,1,1069.17,40.92,70.16,2026-02,Third Party 8
46,Hotel 46,1,760.19,8.97,446.22,2026-07,Third Party 6
32,Hotel 32,1,437.7,42.99,378.33,2025-12,Third Party 2
12,Hotel 12,1,376.94,94.43,360.39,2024-07,Third Party 2
3,Hotel 3,1,118.85,29.9,499.27,2026-04,Third Party 3
22,Hotel 22,1,921.86,62.44,372.51,2027-01,Third Party 2
17,Hotel 17,1,730.99,57.92,255.18,2024-10,Third Party 7
8,Hotel 8,1,834.77,21.92,349.17,2025-01,Third Party 8
5,Hotel 5,1,441.16,18.91,397.69,2026-01,Third Party 5
10,Hotel 10,1,930.86,24.85,433.77,2024-05,Third Party 10
44,Hotel 44,1,1095.46,28.96,287.73,2026-07,Third Party 4
9,Hotel 9,1,612.23,87.64,55.7,2026-04,Third Party 9
44,Hotel 44,1,1095.46,28.96,140.38,2025-12,Third Party 4
6,Hotel 6,1,319.88,98.48,376.05,2025-08,Third Party 6
24,Hotel 24,1,847.71,80.27,92.23,2025-02,Third Party 4
15,Hotel 15,1,373.85,91.97,389.76,2024-05,Third Party 5
17,Hotel 17,1,730.99,57.92,164.75,2025-10,Third Party 7
26,Hotel 26,1,337.61,31.48,159.87,2026-01,Third Party 6
45,Hotel 45,1,347.1,82.93,78.64,2026-07,Third Party 5
37,Hotel 37,1,570.15,0.31,296.68,2024-08,Third Party 7
11,Hotel 11,1,415.39,44.31,287.78,2025-11,Third Party 1
13,Hotel 13,1,348.57,13.97,495.04,2025-07,Third Party 3
8,Hotel 8,1,834.77,21.92,461.68,2026-06,Third Party 8
43,Hotel 43,1,135.27,95.8,157.76,2024-11,Third Party 3
50,Hotel 50,1,303.97,5.86,114.97,2024-07,Third Party 10
13,Hotel 13,19,11652.16,1221.4,,,
46,Hotel 46,1,760.19,8.97,369.12,2025-03,Third Party 6
15,Hotel 15,1,373.85,91.97,477.68,2026-11,Third Party 5
11,Hotel 11,1,415.39,44.31,360.61,2024-07,Third Party 1
21,Hotel 21,1,308.1,61.75,376.82,2026-03,Third Party 1
48,Hotel 48,1,1069.17,40.92,73.5,2024-08,Third Party 8
44,Hotel 44,1,1095.46,28.96,39.43,2025-03,Third Party 4
41,Hotel 41,1,131.76,80.85,367.97,2025-04,Third Party 1
33,Hotel 33,1,311.28,43.46,342.08,2025-07,Third Party 3
44,Hotel 44,1,1095.46,28.96,418.36,2025-04,Third Party 4
34,Hotel 34,1,850.4,82.04,162.09,2024-06,Third Party 4
30,Hotel 30,1,987.23,60.77,241.71,2026-12,Third Party 10
39,Hotel 39,1,882.79,95.71,276.65,2026-09,Third Party 9
47,Hotel 47,1,429.06,51.08,117.65,2026-04,Third Party 7
7,Hotel 7,1,153.21,99.21,218.08,2026-07,Third Party 7
47,Hotel 47,1,429.06,51.08,69.09,2026-06,Third Party 7
5,Hotel 5,1,441.16,18.91,357.16,2026-03,Third Party 5
48,Hotel 48,1,1069.17,40.92,142.31,2024-10,Third Party 8
27,Hotel 27,1,383.15,0.3,424.93,2025-10,Third Party 7
40,Hotel 40,1,630.75,72.97,367.06,2025-06,Third Party 10
36,Hotel 36,1,797.45,83.31,37.55,2026-12,Third Party 6
43,Hotel 43,1,135.27,95.8,164.61,2024-10,Third Party 3
8,Hotel 8,1,834.77,21.92,362.7,2024-08,Third Party 8
4,Hotel 4,1,130.01,43.44,192.13,2025-08,Third Party 4
42,Hotel 42,1,947.76,85.95,254.7,2024-10,Third Party 2
18,Hotel 18,1,234.23,64.45,411.72,2026-06,Third Party 8
7,Hotel 7,1,153.21,99.21,319.92,2025-10,Third Party 7
49,Hotel 49,1,1045.25,50.89,396.17,2024-07,Third Party 9
35,Hotel 35,1,653.58,86.21,458.36,2024-11,Third Party 5
40,Hotel 40,1,630.75,72.97,291.68,2026-07,Third Party 10
41,Hotel 41,19,11557.94,814.9,,,
6,Hotel 6,1,319.88,98.48,451.05,2025-11,Third Party 6
39,Hotel 39,1,882.79,95.71,144.84,2024-06,Third Party 9
27,Hotel 27,19,11213.52,836.26,,,
30,Hotel 30,1,987.23,60.77,232.04,2027-01,Third Party 10
35,Hotel 35,1,653.58,86.21,335.39,2024-09,Third Party 5
15,Hotel 15,1,373.85,91.97,181.2,2026-03,Third Party 5
5,Hotel 5,1,441.16,18.91,66.05,2026-07,Third Party 5
42,Hotel 42,1,947.76,85.95,140.21,2026-02,Third Party 2
2,Hotel 2,1,195.57,82.82,285.0,2025-01,Third Party 2
40,Hotel 40,19,11075.49,1150.75,,,
28,Hotel 28,1,465.51,61.26,134.38,2026-08,Third Party 8
43,Hotel 43,1,135.27,95.8,418.09,2026-12,Third Party 3
23,Hotel 23,1,745.7,7.38,341.13,2026-03,Third Party 3
15,Hotel 15,1,373.85,91.97,446.3,2024-10,Third Party 5
3,Hotel 3,1,118.85,29.9,474.0,2024-07,Third Party 3
50,Hotel 50,19,10188.59,1001.23,,,
6,Hotel 6,1,319.88,98.48,433.55,2025-03,Third Party 6
18,Hotel 18,1,234.23,64.45,346.21,2026-08,Third Party 8
23,Hotel 23,1,745.7,7.38,436.03,2025-02,Third Party 3
26,Hotel 26,1,337.61,31.48,209.68,2027-01,Third Party 6
33,Hotel 33,1,311.28,43.46,126.32,2026-02,Third Party 3
17,Hotel 17,1,730.99,57.92,302.77,2024-06,Third Party 7
43,Hotel 43,1,135.27,95.8,63.45,2026-09,Third Party 3
25,Hotel 25,1,498.78,5.93,357.09,2026-01,Third Party 5
16,Hotel 16,1,500.58,54.18,77.4,2025-07,Third Party 6
42,Hotel 42,19,11361.92,933.53,,,
45,Hotel 45,1,347.1,82.93,185.5,2026-04,Third Party 5
36,Hotel 36,19,13515.89,902.7,,,
20,Hotel 20,1,766.86,40.01,411.31,2027-01,Third Party 10
25,Hotel 25,1,498.78,5.93,20.62,2025-09,Third Party 5
6,Hotel 6,1,319.88,98.48,235.03,2025-01,Third Party 6
43,Hotel 43,1,135.27,95.8,109.24,2025-08,Third Party 3
43,Hotel 43,1,135.27,95.8,424.07,2024-08,Third Party 3
7,Hotel 7,1,153.21,99.21,237.86,2026-04,Third Party 7
17,Hotel 17,1,730.99,57.92,303.91,2025-05,Third Party 7
20,Hotel 20,1,766.86,40.01,468.63,2025-02,Third Party 10
3,Hotel 3,1,118.85,29.9,269.72,2025-11,Third Party 3
49,Hotel 49,1,1045.25,50.89,222.14,2026-12,Third Party 9
15,Hotel 15,1,373.85,91.97,431.04,2026-06,Third Party 5
47,Hotel 47,1,429.06,51.08,265.47,2026-12,Third Party 7
17,Hotel 17,1,730.99,57.92,149.98,2027-01,Third Party 7
29,Hotel 29,1,973.2,73.97,14.14,2026-08,Third Party 9
11,Hotel 11,1,415.39,44.31,42.44,2025-03,Third Party 1
31,Hotel 31,1,432.94,54.71,92.34,2024-11,Third Party 1
18,Hotel 18,1,234.23,64.45,25.43,2025-07,Third Party 8
21,Hotel 21,1,308.1,61.75,184.28,2027-01,Third Party 1
16,Hotel 16,1,500.58,54.18,421.55,2025-05,Third Party 6
34,Hotel 34,1,850.4,82.04,358.15,2025-06,Third Party 4
25,Hotel 25,1,498.78,5.93,434.75,2026-08,Third Party 5
26,Hotel 26,1,337.61,31.48,384.33,2026-03,Third Party 6
3,Hotel 3,1,118.85,29.9,73.63,2025-05,Third Party 3
25,Hotel 25,1,498.78,5.93,164.64,2025-05,Third Party 5
18,Hotel 18,1,234.23,64.45,247.84,2025-08,Third Party 8
10,Hotel 10,1,930.86,24.85,297.11,2024-07,Third Party 10
43,Hotel 43,1,135.27,95.8,143.6,2027-02,Third Party 3
40,Hotel 40,1,630.75,72.97,488.73,2025-04,Third Party 10
47,Hotel 47,1,429.06,51.08,24.14,2025-11,Third Party 7
8,Hotel 8,1,834.77,21.92,237.93,2025-05,Third Party 8
22,Hotel 22,1,921.86,62.44,61.5,2024-06,Third Party 2
29,Hotel 29,1,973.2,73.97,464.82,2026-03,Third Party 9
50,Hotel 50,1,303.97,5.86,353.38,2026-11,Third Party 10
16,Hotel 16,1,500.58,54.18,79.15,2026-06,Third Party 6
32,Hotel 32,1,437.7,42.99,37.45,2025-06,Third Party 2
26,Hotel 26,1,337.61,31.48,179.37,2026-08,Third Party 6
39,Hotel 39,1,882.79,95.71,313.74,2025-07,Third Party 9
14,Hotel 14,1,144.08,62.65,381.53,2024-05,Third Party 4
29,Hotel 29,1,973.2,73.97,422.59,2025-12,Third Party 9
42,Hotel 42,1,947.76,85.95,230.85,2024-08,Third Party 2
29,Hotel 29,1,973.2,73.97,230.91,2027-01,Third Party 9
19,Hotel 19,1,167.96,32.62,242.14,2025-10,Third Party 9
10,Hotel 10,1,930.86,24.85,193.36,2025-10,Third Party 10
1,Hotel 1,1,774.44,98.9,243.59,2026-06,Third Party 1
2,Hotel 2,1,195.57,82.82,85.76,2025-08,Third Party 2
37,Hotel 37,1,570.15,0.31,121.35,2025-06,Third Party 7
22,Hotel 22,1,921.86,62.44,404.43,2025-02,Third Party 2
11,Hotel 11,1,415.39,44.31,9.66,2026-11,Third Party 1
50,Hotel 50,1,303.97,5.86,384.55,2026-06,Third Party 10
48,Hotel 48,1,1069.17,40.92,414.86,2027-02,Third Party 8
15,Hotel 15,1,373.85,91.97,381.22,2025-07,Third Party 5
45,Hotel 45,1,347.1,82.93,62.24,2025-09,Third Party 5
44,Hotel 44,1,1095.46,28.96,482.84,2025-01,Third Party 4
33,Hotel 33,1,311.28,43.46,431.83,2026-03,Third Party 3
13,Hotel 13,1,348.57,13.97,396.15,2025-11,Third Party 3
29,Hotel 29,1,973.2,73.97,273.92,2024-08,Third Party 9
12,Hotel 12,1,376.94,94.43,364.7,2025-02,Third Party 2
6,Hotel 6,1,319.88,98.48,218.84,2026-03,Third Party 6
29,Hotel 29,1,973.2,73.97,103.06,2025-04,Third Party 9
5,Hotel 5,1,441.16,18.91,237.14,2026-06,Third Party 5
45,Hotel 45,1,347.1,82.93,339.03,2025-01,Third Party 5
44,Hotel 44,1,1095.46,28.96,65.88,2024-11,Third Party 4
44,Hotel 44,1,1095.46,28.96,169.37,2027-02,Third Party 4
18,Hotel 18,19,13093.34,1211.93,,,
20,Hotel 20,1,766.86,40.01,68.86,2026-01,Third Party 10
41,Hotel 41,1,131.76,80.85,157.12,2026-09,Third Party 1
20,Hotel 20,1,766.86,40.01,371.11,2025-10,Third Party 10
2,Hotel 2,1,195.57,82.82,239.11,2024-12,Third Party 2
41,Hotel 41,1,131.76,80.85,484.24,2026-04,Third Party 1
33,Hotel 33,1,311.28,43.46,307.24,2027-01,Third Party 3
38,Hotel 38,1,212.15,29.28,383.0,2026-05,Third Party 8
26,Hotel 26,19,8027.11,1025.7,,,
19,Hotel 19,1,167.96,32.62,208.31,2024-12,Third Party 9
27,Hotel 27,1,383.15,0.3,81.09,2027-01,Third Party 7
49,Hotel 49,19,10077.88,850.68,,,
40,Hotel 40,1,630.75,72.97,90.37,2026-04,Third Party 10
15,Hotel 15,1,373.85,91.97,191.69,2025-08,Third Party 5
47,Hotel 47,1,429.06,51.08,405.26,2025-06,Third Party 7
33,Hotel 33,1,311.28,43.46,396.04,2026-10,Third Party 3
25,Hotel 25,19,11655.39,906.39,,,
17,Hotel 17,1,730.99,57.92,388.99,2026-08,Third Party 7
10,Hotel 10,1,930.86,24.85,464.14,2025-05,Third Party 10
31,Hotel 31,1,432.94,54.71,66.43,2026-08,Third Party 1
17,Hotel 17,1,730.99,57.92,117.95,2026-06,Third Party 7
27,Hotel 27,1,383.15,0.3,64.87,2024-06,Third Party 7
46,Hotel 46,1,760.19,8.97,335.86,2025-08,Third Party 6
28,Hotel 28,1,465.51,61.26,309.74,2025-02,Third Party 8
11,Hotel 11,1,415.39,44.31,47.66,2026-08,Third Party 1
38,Hotel 38,1,212.15,29.28,419.3,2026-12,Third Party 8
34,Hotel 34,1,850.4,82.04,340.27,2026-07,Third Party 4
37,Hotel 37,1,570.15,0.31,228.99,2025-01,Third Party 7
21,Hotel 21,1,308.1,61.75,360.45,2025-07,Third Party 1
13,Hotel 13,1,348.57,13.97,241.75,2024-09,Third Party 3
1,Hotel 1,1,774.44,98.9,14.76,2026-04,Third Party 1
29,Hotel 29,1,973.2,73.97,301.45,2025-02,Third Party 9
36,Hotel 36,1,797.45,83.31,121.61,2025-01,Third Party 6
41,Hotel 41,1,131.76,80.85,143.91,2025-11,Third Party 1
43,Hotel 43,1,135.27,95.8,322.56,2026-10,Third Party 3
9,Hotel 9,1,612.23,87.64,60.59,2026-01,Third Party 9
1,Hotel 1,1,774.44,98.9,131.5,2025-03,Third Party 1
4,Hotel 4,1,130.01,43.44,279.45,2024-08,Third Party 4
16,Hotel 16,1,500.58,54.18,68.75,2026-05,Third Party 6
14,Hotel 14,1,144.08,62.65,461.97,2025-08,Third Party 4
2,Hotel 2,1,195.57,82.82,109.59,2024-07,Third Party 2
22,Hotel 22,1,921.86,62.44,218.71,2025-05,Third Party 2
8,Hotel 8,1,834.77,21.92,36.9,2024-07,Third Party 8
15,Hotel 15,1,373.85,91.97,162.74,2025-12,Third Party 5
12,Hotel 12,1,376.94,94.43,254.65,2025-11,Third Party 2
17,Hotel 17,1,730.99,57.92,388.72,2024-12,Third Party 7
50,Hotel 50,1,303.97,5.86,127.34,2025-11,Third Party 10
3,Hotel 3,1,118.85,29.9,451.46,2024-10,Third Party 3
29,Hotel 29,1,973.2,73.97,260.88,2026-10,Third Party 9
7,Hotel 7,1,153.21,99.21,145.29,2025-03,Third Party 7
25,Hotel 25,1,498.78,5.93,129.6,2024-12,Third Party 5
42,Hotel 42,1,947.76,85.95,250.8,2025-04,Third Party 2
6,Hotel 6,1,319.88,98.48,347.64,2024-05,Third Party 6
38,Hotel 38,1,212.15,29.28,485.63,2025-09,Third Party 8
34,Hotel 34,1,850.4,82.04,434.09,2024-09,Third Party 4
37,Hotel 37,1,570.15,0.31,269.44,2025-09,Third Party 7
1,Hotel 1,1,774.44,98.9,185.06,2025-06,Third Party 1
11,Hotel 11,1,415.39,44.31,262.73,2025-10,Third Party 1
36,Hotel 36,1,797.45,83.31,290.18,2025-07,Third Party 6
42,Hotel 42,1,947.76,85.95,132.95,2025-12,Third Party 2
43,Hotel 43,1,135.27,95.8,163.15,2024-06,Third Party 3
38,Hotel 38,1,212.15,29.28,493.94,2024-06,Third Party 8
20,Hotel 20,1,766.86,40.01,232.4,2026-08,Third Party 10
7,Hotel 7,1,153.21,99.21,225.97,2026-03,Third Party 7
28,Hotel 28,1,465.51,61.26,50.22,2025-12,Third Party 8
38,Hotel 38,1,212.15,29.28,460.43,2024-09,Third Party 8
48,Hotel 48,1,1069.17,40.92,26.56,2025-08,Third Party 8
45,Hotel 45,19,11389.97,860.33,,,
30,Hotel 30,1,987.23,60.77,54.22,2026-07,Third Party 10
13,Hotel 13,1,348.57,13.97,150.0,2026-09,Third Party 3
18,Hotel 18,1,234.23,64.45,44.31,2025-12,Third Party 8
14,Hotel 14,1,144.08,62.65,423.97,2024-12,Third Party 4
23,Hotel 23,19,12355.45,996.49,,,
17,Hotel 17,1,730.99,57.92,262.96,2024-09,Third Party 7
5,Hotel 5,1,441.16,18.91,344.34,2026-11,Third Party 5
13,Hotel 13,1,348.57,13.97,141.88,2026-06,Third Party 3
48,Hotel 48,1,1069.17,40.92,81.17,2024-11,Third Party 8
35,Hotel 35,1,653.58,86.21,184.98,2025-02,Third Party 5
49,Hotel 49,1,1045.25,50.89,32.41,2025-04,Third Party 9
39,Hotel 39,1,882.79,95.71,326.9,2026-10,Third Party 9
11,Hotel 11,1,415.39,44.31,289.01,2025-05,Third Party 1
8,Hotel 8,1,834.77,21.92,8.19,2026-01,Third Party 8
21,Hotel 21,1,308.1,61.75,236.2,2026-08,Third Party 1
36,Hotel 36,1,797.45,83.31,468.54,2026-07,Third Party 6
46,Hotel 46,1,760.19,8.97,275.36,2025-09,Third Party 6
19,Hotel 19,1,167.96,32.62,498.59,2026-01,Third Party 9
19,Hotel 19,1,167.96,32.62,450.34,2026-10,Third Party 9
16,Hotel 16,1,500.58,54.18,18.54,2024-09,Third Party 6
40,Hotel 40,1,630.75,72.97,366.14,2025-12,Third Party 10
15,Hotel 15,1,373.85,91.97,328.5,2024-12,Third Party 5
7,Hotel 7,19,10683.29,1002.03,,,
46,Hotel 46,1,760.19,8.97,482.17,2027-02,Third Party 6
45,Hotel 45,1,347.1,82.93,91.91,2026-05,Third Party 5
50,Hotel 50,1,303.97,5.86,49.06,2025-01,Third Party 10
34,Hotel 34,1,850.4,82.04,485.92,2024-11,Third Party 4
16,Hotel 16,19,11935.39,908.76,,,
5,Hotel 5,1,441.16,18.91,235.54,2025-01,Third Party 5
24,Hotel 24,1,847.71,80.27,3.43,2025-04,Third Party 4
25,Hotel 25,1,498.78,5.93,146.01,2026-11,Third Party 5
31,Hotel 31,1,432.94,54.71,136.34,2027-01,Third Party 1
35,Hotel 35,1,653.58,86.21,155.73,2024-06,Third Party 5
44,Hotel 44,1,1095.46,28.96,185.48,2026-05,Third Party 4
47,Hotel 47,1,429.06,51.08,496.8,2025-04,Third Party 7
26,Hotel 26,1,337.61,31.48,481.14,2025-05,Third Party 6
50,Hotel 50,1,303.97,5.86,95.64,2025-08,Third Party 10
14,Hotel 14,1,144.08,62.65,240.17,2026-08,Third Party 4
2,Hotel 2,1,195.57,82.82,473.98,2024-10,Third Party 2
2,Hotel 2,1,195.57,82.82,268.47,2026-07,Third Party 2
29,Hotel 29,1,973.2,73.97,90.9,2024-09,Third Party 9
9,Hotel 9,1,612.23,87.64,449.15,2024-07,Third Party 9
28,Hotel 28,1,465.51,61.26,285.69,2024-06,Third Party 8
39,Hotel 39,1,882.79,95.71,332.24,2025-01,Third Party 9
40,Hotel 40,1,630.75,72.97,253.75,2024-10,Third Party 10
5,Hotel 5,1,441.16,18.91,484.28,2026-12,Third Party 5
47,Hotel 47,1,429.06,51.08,345.78,2024-11,Third Party 7
50,Hotel 50,1,303.97,5.86,125.33,2027-02,Third Party 10
41,Hotel 41,1,131.76,80.85,134.04,2025-09,Third Party 1
30,Hotel 30,1,987.23,60.77,350.49,2025-07,Third Party 10
48,Hotel 48,1,1069.17,40.92,455.98,2025-06,Third Party 8
21,Hotel 21,1,308.1,61.75,77.49,2025-02,Third Party 1
22,Hotel 22,1,921.86,62.44,200.88,2026-10,Third Party 2
3,Hotel 3,19,11429.63,998.84,,,
31,Hotel 31,1,432.94,54.71,266.25,2025-01,Third Party 1
27,Hotel 27,1,383.15,0.3,168.07,2024-09,Third Party 7
18,Hotel 18,1,234.23,64.45,69.13,2024-09,Third Party 8
28,Hotel 28,1,465.51,61.26,132.51,2025-07,Third Party 8
38,Hotel 38,1,212.15,29.28,378.43,2025-07,Third Party 8
7,Hotel 7,1,153.21,99.21,160.08,2025-05,Third Party 7
35,Hotel 35,1,653.58,86.21,12.07,2025-12,Third Party 5
5,Hotel 5,1,441.16,18.91,253.9,2025-06,Third Party 5
43,Hotel 43,1,135.27,95.8,455.61,2025-09,Third Party 3
33,Hotel 33,1,311.28,43.46,328.45,2024-09,Third Party 3
5,Hotel 5,1,441.16,18.91,278.49,2024-05,Third Party 5
49,Hotel 49,1,1045.25,50.89,358.18,2026-09,Third Party 9
40,Hotel 40,1,630.75,72.97,51.7,2026-10,Third Party 10
34,Hotel 34,1,850.4,82.04,414.14,2025-07,Third Party 4
25,Hotel 25,1,498.78,5.93,482.32,2024-09,Third Party 5
49,Hotel 49,1,1045.25,50.89,393.73,2025-06,Third Party 9
20,Hotel 20,1,766.86,40.01,189.48,2026-03,Third Party 10
43,Hotel 43,1,135.27,95.8,231.4,2025-06,Third Party 3
6,Hotel 6,1,319.88,98.48,340.57,2026-12,Third Party 6
48,Hotel 48,1,1069.17,40.92,92.06,2026-09,Third Party 8
38,Hotel 38,1,212.15,29.28,172.84,2026-02,Third Party 8
48,Hotel 48,1,1069.17,40.92,211.61,2025-03,Third Party 8
32,Hotel 32,1,437.7,42.99,281.5,2025-09,Third Party 2
36,Hotel 36,1,797.45,83.31,112.72,2025-06,Third Party 6
17,Hotel 17,1,730.99,57.92,468.95,2026-03,Third Party 7
23,Hotel 23,1,745.7,7.38,373.37,2025-08,Third Party 3
14,Hotel 14,1,144.08,62.65,22.1,2025-02,Third Party 4
28,Hotel 28,19,11667.07,1153.52,,,
6,Hotel 6,1,319.88,98.48,227.37,2024-10,Third Party 6
4,Hotel 4,1,130.01,43.44,119.95,2025-05,Third Party 4
3,Hotel 3,1,118.85,29.9,288.41,2025-03,Third Party 3
34,Hotel 34,1,850.4,82.04,146.84,2025-12,Third Party 4
9,Hotel 9,1,612.23,87.64,90.07,2025-06,Third Party 9
18,Hotel 18,1,234.23,64.45,139.88,2026-03,Third Party 8
6,Hotel 6,1,319.88,98.48,303.48,2026-11,Third Party 6
43,Hotel 43,1,135.27,95.8,64.67,2026-02,Third Party 3
43,Hotel 43,1,135.27,95.8,178.35,2025-01,Third Party 3
23,Hotel 23,1,745.7,7.38,420.82,2024-12,Third Party 3
28,Hotel 28,1,465.51,61.26,76.5,2024-11,Third Party 8
28,Hotel 28,1,465.51,61.26,69.18,2026-07,Third Party 8
46,Hotel 46,19,11407.68,905.75,,,
29,Hotel 29,1,973.2,73.97,413.71,2025-07,Third Party 9
20,Hotel 20,1,766.86,40.01,427.27,2026-05,Third Party 10
46,Hotel 46,1,760.19,8.97,439.32,2026-04,Third Party 6
14,Hotel 14,1,144.08,62.65,202.61,2026-01,Third Party 4
32,Hotel 32,19,13703.83,921.73,,,
38,Hotel 38,1,212.15,29.28,100.66,2025-04,Third Party 8
37,Hotel 37,1,570.15,0.31,454.18,2025-11,Third Party 7
47,Hotel 47,1,429.06,51.08,234.46,2024-07,Third Party 7
25,Hotel 25,1,498.78,5.93,418.24,2025-10,Third Party 5
9,Hotel 9,1,612.23,87.64,459.45,2026-08,Third Party 9
16,Hotel 16,1,500.58,54.18,12.65,2025-02,Third Party 6
6,Hotel 6,1,319.88,98.48,285.04,2024-12,Third Party 6
13,Hotel 13,1,348.57,13.97,72.03,2025-10,Third Party 3
22,Hotel 22,1,921.86,62.44,377.16,2024-12,Third Party 2
10,Hotel 10,1,930.86,24.85,253.88,2024-12,Third Party 10
26,Hotel 26,1,337.61,31.48,329.02,2025-02,Third Party 6
16,Hotel 16,1,500.58,54.18,499.72,2024-12,Third Party 6
1,Hotel 1,1,774.44,98.9,246.94,2027-02,Third Party 1
4,Hotel 4,1,130.01,43.44,279.34,2026-06,Third Party 4
4,Hotel 4,1,130.01,43.44,388.69,2025-03,Third Party 4
25,Hotel 25,1,498.78,5.93,341.75,2026-05,Third Party 5
43,Hotel 43,1,135.27,95.8,225.14,2025-04,Third Party 3
12,Hotel 12,1,376.94,94.43,314.85,2026-11,Third Party 2
38,Hotel 38,1,212.15,29.28,139.01,2025-01,Third Party 8
34,Hotel 34,1,850.4,82.04,164.67,2025-01,Third Party 4
21,Hotel 21,1,308.1,61.75,478.18,2024-11,Third Party 1
50,Hotel 50,1,303.97,5.86,394.42,2026-07,Third Party 10
31,Hotel 31,1,432.94,54.71,461.44,2025-10,Third Party 1
44,Hotel 44,1,1095.46,28.96,285.26,2024-06,Third Party 4
36,Hotel 36,1,797.45,83.31,142.51,2025-02,Third Party 6
26,Hotel 26,1,337.61,31.48,104.43,2026-05,Third Party 6
21,Hotel 21,1,308.1,61.75,129.56,2026-05,Third Party 1
25,Hotel 25,1,498.78,5.93,31.78,2026-03,Third Party 5
6,Hotel 6,1,319.88,98.48,475.79,2025-05,Third Party 6
46,Hotel 46,1,760.19,8.97,147.76,2026-01,Third Party 6
30,Hotel 30,1,987.23,60.77,377.59,2026-02,Third Party 10
10,Hotel 10,1,930.86,24.85,351.62,2024-10,Third Party 10
12,Hotel 12,1,376.94,94.43,426.38,2026-04,Third Party 2
5,Hotel 5,1,441.16,18.91,84.48,2025-03,Third Party 5
32,Hotel 32,1,437.7,42.99,46.86,2025-02,Third Party 2
21,Hotel 21,1,308.1,61.75,163.28,2025-05,Third Party 1
33,Hotel 33,1,311.28,43.46,78.98,2026-07,Third Party 3
40,Hotel 40,1,630.75,72.97,233.81,2024-08,Third Party 10
30,Hotel 30,1,987.23,60.77,142.42,2026-08,Third Party 10
2,Hotel 2,1,195.57,82.82,223.66,2025-11,Third Party 2
1,Hotel 1,19,13165.87,913.81,,,
46,Hotel 46,1,760.19,8.97,425.39,2025-11,Third Party 6
43,Hotel 43,1,135.27,95.8,370.82,2026-07,Third Party 3
33,Hotel 33,1,311.28,43.46,57.52,2025-12,Third Party 3
10,Hotel 10,1,930.86,24.85,488.54,2025-06,Third Party 10
12,Hotel 12,1,376.94,94.43,458.47,2027-01,Third Party 2
45,Hotel 45,1,347.1,82.93,247.76,2025-04,Third Party 5
30,Hotel 30,1,987.23,60.77,183.16,2026-10,Third Party 10
13,Hotel 13,1,348.57,13.97,79.83,2026-08,Third Party 3
9,Hotel 9,1,612.23,87.64,247.28,2024-12,Third Party 9
49,Hotel 49,1,1045.25,50.89,300.66,2025-08,Third Party 9
45,Hotel 45,1,347.1,82.93,464.73,2024-10,Third Party 5
10,Hotel 10,1,930.86,24.85,188.42,2026-11,Third Party 10
31,Hotel 31,19,11528.13,799.31,,,
17,Hotel 17,1,730.99,57.92,186.73,2026-01,Third Party 7
24,Hotel 24,1,847.71,80.27,276.43,2025-07,Third Party 4
49,Hotel 49,1,1045.25,50.89,404.79,2026-06,Third Party 9
26,Hotel 26,1,337.61,31.48,219.29,2025-12,Third Party 6
1,Hotel 1,1,774.44,98.9,424.67,2024-08,Third Party 1
7,Hotel 7,1,153.21,99.21,439.06,2025-08,Third Party 7
21,Hotel 21,1,308.1,61.75,291.39,2026-01,Third Party 1
6,Hotel 6,1,319.88,98.48,321.16,2026-09,Third Party 6
41,Hotel 41,1,131.76,80.85,366.24,2026-02,Third Party 1
10,Hotel 10,1,930.86,24.85,4.96,2026-01,Third Party 10
20,Hotel 20,1,766.86,40.01,378.86,2024-07,Third Party 10
41,Hotel 41,1,131.76,80.85,380.99,2027-01,Third Party 1
27,Hotel 27,1,383.15,0.3,119.73,2026-05,Third Party 7
26,Hotel 26,1,337.61,31.48,17.38,2025-09,Third Party 6
19,Hotel 19,1,167.96,32.62,320.77,2026-03,Third Party 9
35,Hotel 35,19,8528.96,863.11,,,
49,Hotel 49,1,1045.25,50.89,50.85,2025-09,Third Party 9
25,Hotel 25,1,498.78,5.93,476.79,2026-10,Third Party 5
14,Hotel 14,1,144.08,62.65,35.57,2025-07,Third Party 4
24,Hotel 24,1,847.71,80.27,453.36,2026-06,Third Party 4
20,Hotel 20,19,9977.19,999.43,,,
25,Hotel 25,1,498.78,5.93,454.15,2025-04,Third Party 5
21,Hotel 21,1,308.1,61.75,284.22,2024-07,Third Party 1
28,Hotel 28,1,465.51,61.26,152.82,2026-03,Third Party 8
1,Hotel 1,1,774.44,98.9,384.2,2026-02,Third Party 1
3,Hotel 3,1,118.85,29.9,495.21,2026-07,Third Party 3
14,Hotel 14,1,144.08,62.65,384.35,2024-07,Third Party 4
23,Hotel 23,1,745.7,7.38,148.59,2026-10,Third Party 3
4,Hotel 4,1,130.01,43.44,211.02,2024-10,Third Party 4
12,Hotel 12,1,376.94,94.43,472.02,2024-12,Third Party 2
39,Hotel 39,1,882.79,95.71,494.6,2026-07,Third Party 9
31,Hotel 31,1,432.94,54.71,423.96,2026-05,Third Party 1
43,Hotel 43,1,135.27,95.8,102.95,2025-11,Third Party 3
28,Hotel 28,1,465.51,61.26,337.44,2024-08,Third Party 8
20,Hotel 20,1,766.86,40.01,110.44,2026-10,Third Party 10
25,Hotel 25,1,498.78,5.93,276.29,2026-06,Third Party 5
31,Hotel 31,1,432.94,54.71,116.06,2025-12,Third Party 1
44,Hotel 44,1,1095.46,28.96,406.26,2026-02,Third Party 4
9,Hotel 9,19,10997.29,1116.08,,,
33,Hotel 33,1,311.28,43.46,443.26,2025-06,Third Party 3
3,Hotel 3,1,118.85,29.9,21.59,2026-11,Third Party 3
36,Hotel 36,1,797.45,83.31,236.8,2025-04,Third Party 6
12,Hotel 12,1,376.94,94.43,456.48,2025-07,Third Party 2
18,Hotel 18,1,234.23,64.45,292.73,2024-10,Third Party 8
24,Hotel 24,1,847.71,80.27,169.11,2026-03,Third Party 4
32,Hotel 32,1,437.7,42.99,337.31,2025-07,Third Party 2
42,Hotel 42,1,947.76,85.95,468.53,2024-11,Third Party 2
15,Hotel 15,1,373.85,91.97,229.38,2025-05,Third Party 5
47,Hotel 47,1,429.06,51.08,302.77,2026-02,Third Party 7
20,Hotel 20,1,766.86,40.01,217.63,2024-06,Third Party 10
33,Hotel 33,1,311.28,43.46,486.9,2026-05,Third Party 3
1,Hotel 1,1,774.44,98.9,312.09,2025-09,Third Party 1
19,Hotel 19,1,167.96,32.62,29.37,2026-05,Third Party 9
11,Hotel 11,1,415.39,44.31,28.43,2024-10,Third Party 1
44,Hotel 44,1,1095.46,28.96,166.51,2026-09,Third Party 4
14,Hotel 14,1,144.08,62.65,446.45,2025-05,Third Party 4
13,Hotel 13,1,348.57,13.97,325.49,2027-01,Third Party 3
10,Hotel 10,1,930.86,24.85,148.57,2026-06,Third Party 10
